序号,优先级,章节,方剂名,QA状态,QA问题,PDF页码,书内索引页码,定位方法,原文片段文件
1,P0,第1章 解表剂,桂枝汤,已从教材PDF抽取待人工复核,字段来自教材PDF文本抽取，训练前仍需人工核对剂量与页码。,P.78,P.27,索引页码定位,D1_formula_snippets\001_桂枝汤.txt
2,P0,第1章 解表剂,麻黄汤,已从教材PDF抽取待人工复核,字段来自教材PDF文本抽取，训练前仍需人工核对剂量与页码。,P.73,P.23,索引页码定位,D1_formula_snippets\002_麻黄汤.txt
3,P0,第1章 解表剂,九味羌活汤,注意/禁忌待补核,教材正文未抽到明确注意/禁忌句，需人工补核。,P.81,P.29,索引页码定位,D1_formula_snippets\003_九味羌活汤.txt
4,P0,第1章 解表剂,香苏散,注意/禁忌待补核,教材正文未抽到明确注意/禁忌句，需人工补核。,P.83,P.30,索引页码定位,D1_formula_snippets\004_香苏散.txt
5,P0,第1章 解表剂,小青龙汤,注意/禁忌待补核,教材正文未抽到明确注意/禁忌句，需人工补核。,P.85,P.31,索引页码定位,D1_formula_snippets\005_小青龙汤.txt
6,P0,第1章 解表剂,止嗽散,注意/禁忌待补核,教材正文未抽到明确注意/禁忌句，需人工补核。,P.87,P.33,索引页码定位,D1_formula_snippets\006_止嗽散.txt
7,P0,第1章 解表剂,银翘散,已从教材PDF抽取待人工复核,字段来自教材PDF文本抽取，训练前仍需人工核对剂量与页码。,P.90,P.34,全文标题定位,D1_formula_snippets\007_银翘散.txt
8,P0,第1章 解表剂,桑菊饮,注意/禁忌待补核,教材正文未抽到明确注意/禁忌句，需人工补核。,P.92,P.35,全文标题定位,D1_formula_snippets\008_桑菊饮.txt
9,P0,第1章 解表剂,败毒散,注意/禁忌待补核,教材正文未抽到明确注意/禁忌句，需人工补核。,P.101,P.41,全文标题定位,D1_formula_snippets\009_败毒散.txt
10,P0,第1章 解表剂,参苏饮,注意/禁忌待补核,教材正文未抽到明确注意/禁忌句，需人工补核。,P.102,P.42,全文标题定位,D1_formula_snippets\010_参苏饮.txt
11,P0,第1章 解表剂,葛根汤,注意/禁忌待补核,教材正文未抽到明确注意/禁忌句，需人工补核。,P.78,,附方段落定位,D1_formula_snippets\011_葛根汤.txt
12,P0,第1章 解表剂,大青龙汤,已从教材PDF抽取待人工复核,字段来自教材PDF文本抽取，训练前仍需人工核对剂量与页码。,P.76,P.25,索引页码定位,D1_formula_snippets\012_大青龙汤.txt
13,P0,第2章 泻下剂,大承气汤,已从教材PDF抽取待人工复核,字段来自教材PDF文本抽取，训练前仍需人工核对剂量与页码。,P.111,P.47,全文标题定位,D1_formula_snippets\013_大承气汤.txt
14,P0,第2章 泻下剂,小承气汤,注意/禁忌待补核,教材正文未抽到明确注意/禁忌句，需人工补核。,P.111,P.48,附方段落定位,D1_formula_snippets\014_小承气汤.txt
15,P0,第2章 泻下剂,调胃承气汤,注意/禁忌待补核,教材正文未抽到明确注意/禁忌句，需人工补核。,P.111,P.48,附方段落定位,D1_formula_snippets\015_调胃承气汤.txt
16,P0,第2章 泻下剂,温脾汤,同名/多出处需复核,方名索引存在多个页码/同名方，已抽取首个正文定位，需人工确认版本。；教材正文未抽到明确注意/禁忌句，需人工补核。,P.118,P.51；P.52,全文标题定位,D1_formula_snippets\016_温脾汤.txt
17,P0,第2章 泻下剂,十枣汤,已从教材PDF抽取待人工复核,字段来自教材PDF文本抽取，训练前仍需人工核对剂量与页码。,P.127,P.56,全文标题定位,D1_formula_snippets\017_十枣汤.txt
18,P0,第3章 和解剂,小柴胡汤,注意/禁忌待补核,教材正文未抽到明确注意/禁忌句，需人工补核。,P.136,P.62,全文标题定位,D1_formula_snippets\018_小柴胡汤.txt
19,P0,第3章 和解剂,大柴胡汤,注意/禁忌待补核,教材正文未抽到明确注意/禁忌句，需人工补核。,P.226,P.117,全文标题定位,D1_formula_snippets\019_大柴胡汤.txt
20,P0,第3章 和解剂,蒿芩清胆汤,注意/禁忌待补核,教材正文未抽到明确注意/禁忌句，需人工补核。,P.138,P.64,全文标题定位,D1_formula_snippets\020_蒿芩清胆汤.txt
21,P0,第3章 和解剂,四逆散,注意/禁忌待补核,教材正文未抽到明确注意/禁忌句，需人工补核。,P.142,P.66,全文标题定位,D1_formula_snippets\021_四逆散.txt
22,P0,第3章 和解剂,逍遥散,注意/禁忌待补核,教材正文未抽到明确注意/禁忌句，需人工补核。,P.143,P.67,全文标题定位,D1_formula_snippets\022_逍遥散.txt
23,P0,第3章 和解剂,半夏泻心汤,注意/禁忌待补核,教材正文未抽到明确注意/禁忌句，需人工补核。,P.148,P.69,全文标题定位,D1_formula_snippets\023_半夏泻心汤.txt
24,P0,第4章 清热剂,白虎汤,已从教材PDF抽取待人工复核,字段来自教材PDF文本抽取，训练前仍需人工核对剂量与页码。,P.152,P.72,全文标题定位,D1_formula_snippets\024_白虎汤.txt
25,P0,第4章 清热剂,竹叶石膏汤,注意/禁忌待补核,教材正文未抽到明确注意/禁忌句，需人工补核。,P.154,P.74,全文标题定位,D1_formula_snippets\025_竹叶石膏汤.txt
26,P0,第4章 清热剂,清营汤,已从教材PDF抽取待人工复核,字段来自教材PDF文本抽取，训练前仍需人工核对剂量与页码。,P.157,P.75,全文标题定位,D1_formula_snippets\026_清营汤.txt
27,P0,第4章 清热剂,犀角地黄汤,注意/禁忌待补核,教材正文未抽到明确注意/禁忌句，需人工补核。,P.158,P.76,全文标题定位,D1_formula_snippets\027_犀角地黄汤.txt
28,P0,第4章 清热剂,黄连解毒汤,已从教材PDF抽取待人工复核,字段来自教材PDF文本抽取，训练前仍需人工核对剂量与页码。,P.161,P.77,全文标题定位,D1_formula_snippets\028_黄连解毒汤.txt
29,P0,第4章 清热剂,龙胆泻肝汤,注意/禁忌待补核,教材正文未抽到明确注意/禁忌句，需人工补核。,P.172,P.83,全文标题定位,D1_formula_snippets\029_龙胆泻肝汤.txt
30,P0,第4章 清热剂,清胃散,注意/禁忌待补核,教材正文未抽到明确注意/禁忌句，需人工补核。,P.177,P.87,全文标题定位,D1_formula_snippets\030_清胃散.txt
31,P0,第4章 清热剂,玉女煎,注意/禁忌待补核,教材正文未抽到明确注意/禁忌句，需人工补核。,P.179,P.88,全文标题定位,D1_formula_snippets\031_玉女煎.txt
32,P0,第4章 清热剂,芍药汤,注意/禁忌待补核,教材正文未抽到明确注意/禁忌句，需人工补核。,P.180,P.89,全文标题定位,D1_formula_snippets\032_芍药汤.txt
33,P0,第4章 清热剂,白头翁汤,注意/禁忌待补核,教材正文未抽到明确注意/禁忌句，需人工补核。,P.182,P.90,全文标题定位,D1_formula_snippets\033_白头翁汤.txt
34,P0,第4章 清热剂,青蒿鳖甲汤,注意/禁忌待补核,教材正文未抽到明确注意/禁忌句，需人工补核。,P.185,P.91,全文标题定位,D1_formula_snippets\034_青蒿鳖甲汤.txt
35,P0,第4章 清热剂,清骨散,注意/禁忌待补核,教材正文未抽到明确注意/禁忌句，需人工补核。,P.186,P.92,全文标题定位,D1_formula_snippets\035_清骨散.txt
36,P0,第5章 祛暑剂,香薷散,注意/禁忌待补核,教材正文未抽到明确注意/禁忌句，需人工补核。,P.192,P.96,全文标题定位,D1_formula_snippets\036_香薷散.txt
37,P0,第5章 祛暑剂,新加香薷饮,注意/禁忌待补核,教材正文未抽到明确注意/禁忌句，需人工补核。,P.191,P.97,附方段落定位,D1_formula_snippets\037_新加香薷饮.txt
38,P0,第5章 祛暑剂,清暑益气汤,注意/禁忌待补核,教材正文未抽到明确注意/禁忌句，需人工补核。,P.198,P.100,全文标题定位,D1_formula_snippets\038_清暑益气汤.txt
39,P0,第6章 温里剂,理中丸,已从教材PDF抽取待人工复核,字段来自教材PDF文本抽取，训练前仍需人工核对剂量与页码。,P.202,P.102,全文标题定位,D1_formula_snippets\039_理中丸.txt
40,P0,第6章 温里剂,小建中汤,已从教材PDF抽取待人工复核,字段来自教材PDF文本抽取，训练前仍需人工核对剂量与页码。,P.204,P.104,全文标题定位,D1_formula_snippets\040_小建中汤.txt
41,P0,第6章 温里剂,大建中汤,已从教材PDF抽取待人工复核,字段来自教材PDF文本抽取，训练前仍需人工核对剂量与页码。,P.208,P.106,全文标题定位,D1_formula_snippets\041_大建中汤.txt
42,P0,第6章 温里剂,四逆汤,已从教材PDF抽取待人工复核,字段来自教材PDF文本抽取，训练前仍需人工核对剂量与页码。,P.211,P.108,全文标题定位,D1_formula_snippets\042_四逆汤.txt
43,P0,第6章 温里剂,当归四逆汤,注意/禁忌待补核,教材正文未抽到明确注意/禁忌句，需人工补核。,P.216,P.111,全文标题定位,D1_formula_snippets\043_当归四逆汤.txt
44,P0,第6章 温里剂,阳和汤,已从教材PDF抽取待人工复核,字段来自教材PDF文本抽取，训练前仍需人工核对剂量与页码。,P.521,P.300,全文标题定位,D1_formula_snippets\044_阳和汤.txt
45,P0,第7章 补益剂,四君子汤,注意/禁忌待补核,教材正文未抽到明确注意/禁忌句，需人工补核。,P.232,P.121,全文标题定位,D1_formula_snippets\045_四君子汤.txt
46,P0,第7章 补益剂,参苓白术散,注意/禁忌待补核,教材正文未抽到明确注意/禁忌句，需人工补核。,P.235,P.123,全文标题定位,D1_formula_snippets\046_参苓白术散.txt
47,P0,第7章 补益剂,补中益气汤,注意/禁忌待补核,教材正文未抽到明确注意/禁忌句，需人工补核。,P.237,P.124,全文标题定位,D1_formula_snippets\047_补中益气汤.txt
48,P0,第7章 补益剂,生脉散,注意/禁忌待补核,教材正文未抽到明确注意/禁忌句，需人工补核。,P.241,P.127,全文标题定位,D1_formula_snippets\048_生脉散.txt
49,P0,第7章 补益剂,玉屏风散,注意/禁忌待补核,教材正文未抽到明确注意/禁忌句，需人工补核。,P.240,P.126,全文标题定位,D1_formula_snippets\049_玉屏风散.txt
50,P0,第7章 补益剂,四物汤,注意/禁忌待补核,教材正文未抽到明确注意/禁忌句，需人工补核。,P.245,P.129,全文标题定位,D1_formula_snippets\050_四物汤.txt
51,P0,第7章 补益剂,当归补血汤,注意/禁忌待补核,教材正文未抽到明确注意/禁忌句，需人工补核。,P.247,P.131,全文标题定位,D1_formula_snippets\051_当归补血汤.txt
52,P0,第7章 补益剂,归脾汤,注意/禁忌待补核,教材正文未抽到明确注意/禁忌句，需人工补核。,P.249,P.132,全文标题定位,D1_formula_snippets\052_归脾汤.txt
53,P0,第7章 补益剂,八珍汤,注意/禁忌待补核,教材正文未抽到明确注意/禁忌句，需人工补核。,P.252,P.133,全文标题定位,D1_formula_snippets\053_八珍汤.txt
54,P0,第7章 补益剂,十全大补汤,注意/禁忌待补核,教材正文未抽到明确注意/禁忌句，需人工补核。,P.251,P.134,附方段落定位,D1_formula_snippets\054_十全大补汤.txt
55,P0,第7章 补益剂,人参养荣汤,未定位,未在教材PDF正文中定位到“方名→出处→【组成】”结构；需人工核对是否为本版附方/异名/未收方。,,,,
56,P0,第7章 补益剂,六味地黄丸,注意/禁忌待补核,教材正文未抽到明确注意/禁忌句，需人工补核。,P.258,P.137,全文标题定位,D1_formula_snippets\056_六味地黄丸.txt
57,P0,第7章 补益剂,左归丸,注意/禁忌待补核,教材正文未抽到明确注意/禁忌句，需人工补核。,P.260,P.138,全文标题定位,D1_formula_snippets\057_左归丸.txt
58,P0,第7章 补益剂,肾气丸,注意/禁忌待补核,教材正文未抽到明确注意/禁忌句，需人工补核。,P.266,P.142,全文标题定位,D1_formula_snippets\058_肾气丸.txt
59,P0,第7章 补益剂,右归丸,已从教材PDF抽取待人工复核,字段来自教材PDF文本抽取，训练前仍需人工核对剂量与页码。,P.268,P.143,全文标题定位,D1_formula_snippets\059_右归丸.txt
60,P0,第8章 固涩剂,牡蛎散,注意/禁忌待补核,教材正文未抽到明确注意/禁忌句，需人工补核。,P.280,P.150,全文标题定位,D1_formula_snippets\060_牡蛎散.txt
61,P0,第8章 固涩剂,九仙散,已从教材PDF抽取待人工复核,字段来自教材PDF文本抽取，训练前仍需人工核对剂量与页码。,P.282,P.151,全文标题定位,D1_formula_snippets\061_九仙散.txt
62,P0,第8章 固涩剂,真人养脏汤,已从教材PDF抽取待人工复核,字段来自教材PDF文本抽取，训练前仍需人工核对剂量与页码。,P.284,P.152,全文标题定位,D1_formula_snippets\062_真人养脏汤.txt
63,P0,第8章 固涩剂,四神丸,已从教材PDF抽取待人工复核,字段来自教材PDF文本抽取，训练前仍需人工核对剂量与页码。,P.285,P.153,全文标题定位,D1_formula_snippets\063_四神丸.txt
64,P0,第8章 固涩剂,金锁固精丸,注意/禁忌待补核,教材正文未抽到明确注意/禁忌句，需人工补核。,P.291,P.156,全文标题定位,D1_formula_snippets\064_金锁固精丸.txt
65,P0,第8章 固涩剂,固冲汤,注意/禁忌待补核,教材正文未抽到明确注意/禁忌句，需人工补核。,P.295,P.159,全文标题定位,D1_formula_snippets\065_固冲汤.txt
66,P0,第9章 安神剂,朱砂安神丸,已从教材PDF抽取待人工复核,字段来自教材PDF文本抽取，训练前仍需人工核对剂量与页码。,P.301,P.162,全文标题定位,D1_formula_snippets\066_朱砂安神丸.txt
67,P0,第9章 安神剂,天王补心丹,注意/禁忌待补核,教材正文未抽到明确注意/禁忌句，需人工补核。,P.307,P.166,全文标题定位,D1_formula_snippets\067_天王补心丹.txt
68,P0,第9章 安神剂,酸枣仁汤,注意/禁忌待补核,教材正文未抽到明确注意/禁忌句，需人工补核。,P.309,P.167,全文标题定位,D1_formula_snippets\068_酸枣仁汤.txt
69,P0,第10章 开窍剂,安宫牛黄丸,已从教材PDF抽取待人工复核,字段来自教材PDF文本抽取，训练前仍需人工核对剂量与页码。,P.318,P.173,全文标题定位,D1_formula_snippets\069_安宫牛黄丸.txt
70,P0,第10章 开窍剂,紫雪,已从教材PDF抽取待人工复核,字段来自教材PDF文本抽取，训练前仍需人工核对剂量与页码。,P.320,P.175,全文标题定位,D1_formula_snippets\070_紫雪.txt
71,P0,第10章 开窍剂,至宝丹,注意/禁忌待补核,教材正文未抽到明确注意/禁忌句，需人工补核。,P.321,P.176,全文标题定位,D1_formula_snippets\071_至宝丹.txt
72,P0,第10章 开窍剂,苏合香丸,已从教材PDF抽取待人工复核,字段来自教材PDF文本抽取，训练前仍需人工核对剂量与页码。,P.325,P.178,全文标题定位,D1_formula_snippets\072_苏合香丸.txt
73,P0,第11章 理气剂,越鞠丸,注意/禁忌待补核,教材正文未抽到明确注意/禁忌句，需人工补核。,P.331,P.181,全文标题定位,D1_formula_snippets\073_越鞠丸.txt
74,P0,第11章 理气剂,柴胡疏肝散,已从教材PDF抽取待人工复核,字段来自教材PDF文本抽取，训练前仍需人工核对剂量与页码。,P.332,P.182,全文标题定位,D1_formula_snippets\074_柴胡疏肝散.txt
75,P0,第11章 理气剂,半夏厚朴汤,注意/禁忌待补核,教材正文未抽到明确注意/禁忌句，需人工补核。,P.337,P.185,全文标题定位,D1_formula_snippets\075_半夏厚朴汤.txt
76,P0,第11章 理气剂,苏子降气汤,注意/禁忌待补核,教材正文未抽到明确注意/禁忌句，需人工补核。,P.347,P.191,全文标题定位,D1_formula_snippets\076_苏子降气汤.txt
77,P0,第11章 理气剂,定喘汤,注意/禁忌待补核,教材正文未抽到明确注意/禁忌句，需人工补核。,P.349,P.192,全文标题定位,D1_formula_snippets\077_定喘汤.txt
78,P0,第11章 理气剂,旋覆代赭汤,已从教材PDF抽取待人工复核,字段来自教材PDF文本抽取，训练前仍需人工核对剂量与页码。,P.351,P.194,全文标题定位,D1_formula_snippets\078_旋覆代赭汤.txt
79,P0,第11章 理气剂,橘皮竹茹汤,同名/多出处需复核,方名索引存在多个页码/同名方，已抽取首个正文定位，需人工确认版本。；教材正文未抽到明确注意/禁忌句，需人工补核。,P.353,P.195；P.196,全文标题定位,D1_formula_snippets\079_橘皮竹茹汤.txt
80,P0,第12章 理血剂,桃核承气汤,已从教材PDF抽取待人工复核,字段来自教材PDF文本抽取，训练前仍需人工核对剂量与页码。,P.358,P.198,全文标题定位,D1_formula_snippets\080_桃核承气汤.txt
81,P0,第12章 理血剂,血府逐瘀汤,注意/禁忌待补核,教材正文未抽到明确注意/禁忌句，需人工补核。,P.360,P.200,全文标题定位,D1_formula_snippets\081_血府逐瘀汤.txt
82,P0,第12章 理血剂,补阳还五汤,已从教材PDF抽取待人工复核,字段来自教材PDF文本抽取，训练前仍需人工核对剂量与页码。,P.364,P.202,全文标题定位,D1_formula_snippets\082_补阳还五汤.txt
83,P0,第12章 理血剂,复元活血汤,已从教材PDF抽取待人工复核,字段来自教材PDF文本抽取，训练前仍需人工核对剂量与页码。,P.365,P.203,全文标题定位,D1_formula_snippets\083_复元活血汤.txt
84,P0,第12章 理血剂,温经汤,注意/禁忌待补核,教材正文未抽到明确注意/禁忌句，需人工补核。,P.368,P.205,全文标题定位,D1_formula_snippets\084_温经汤.txt
85,P0,第12章 理血剂,生化汤,注意/禁忌待补核,教材正文未抽到明确注意/禁忌句，需人工补核。,P.370,P.206,全文标题定位,D1_formula_snippets\085_生化汤.txt
86,P0,第12章 理血剂,咳血方,注意/禁忌待补核,教材正文未抽到明确注意/禁忌句，需人工补核。,P.378,P.211,全文标题定位,D1_formula_snippets\086_咳血方.txt
87,P0,第12章 理血剂,十灰散,已从教材PDF抽取待人工复核,字段来自教材PDF文本抽取，训练前仍需人工核对剂量与页码。,P.377,P.210,全文标题定位,D1_formula_snippets\087_十灰散.txt
88,P0,第13章 治风剂,川芎茶调散,已从教材PDF抽取待人工复核,字段来自教材PDF文本抽取，训练前仍需人工核对剂量与页码。,P.386,P.216,全文标题定位,D1_formula_snippets\088_川芎茶调散.txt
89,P0,第13章 治风剂,消风散,注意/禁忌待补核,教材正文未抽到明确注意/禁忌句，需人工补核。,P.390,P.219,全文标题定位,D1_formula_snippets\089_消风散.txt
90,P0,第13章 治风剂,大秦艽汤,注意/禁忌待补核,教材正文未抽到明确注意/禁忌句，需人工补核。,P.388,P.217,全文标题定位,D1_formula_snippets\090_大秦艽汤.txt
91,P0,第13章 治风剂,镇肝熄风汤,注意/禁忌待补核,教材正文未抽到明确注意/禁忌句，需人工补核。,P.398,P.224,全文标题定位,D1_formula_snippets\091_镇肝熄风汤.txt
92,P0,第13章 治风剂,天麻钩藤饮,注意/禁忌待补核,教材正文未抽到明确注意/禁忌句，需人工补核。,P.401,P.225,全文标题定位,D1_formula_snippets\092_天麻钩藤饮.txt
93,P0,第13章 治风剂,牵正散,已从教材PDF抽取待人工复核,字段来自教材PDF文本抽取，训练前仍需人工核对剂量与页码。,P.391,P.220,全文标题定位,D1_formula_snippets\093_牵正散.txt
94,P0,第14章 治燥剂,杏苏散,注意/禁忌待补核,教材正文未抽到明确注意/禁忌句，需人工补核。,P.408,P.230,全文标题定位,D1_formula_snippets\094_杏苏散.txt
95,P0,第14章 治燥剂,清燥救肺汤,已从教材PDF抽取待人工复核,字段来自教材PDF文本抽取，训练前仍需人工核对剂量与页码。,P.411,P.232,全文标题定位,D1_formula_snippets\095_清燥救肺汤.txt
96,P0,第14章 治燥剂,桑杏汤,已从教材PDF抽取待人工复核,字段来自教材PDF文本抽取，训练前仍需人工核对剂量与页码。,P.409,P.231,全文标题定位,D1_formula_snippets\096_桑杏汤.txt
97,P0,第14章 治燥剂,麦门冬汤,注意/禁忌待补核,教材正文未抽到明确注意/禁忌句，需人工补核。,P.414,P.234,全文标题定位,D1_formula_snippets\097_麦门冬汤.txt
98,P0,第14章 治燥剂,增液汤,注意/禁忌待补核,教材正文未抽到明确注意/禁忌句，需人工补核。,P.421,P.238,全文标题定位,D1_formula_snippets\098_增液汤.txt
99,P0,第14章 治燥剂,百合固金汤,注意/禁忌待补核,教材正文未抽到明确注意/禁忌句，需人工补核。,P.417,P.236,全文标题定位,D1_formula_snippets\099_百合固金汤.txt
100,P0,第15章 祛湿剂,平胃散,已从教材PDF抽取待人工复核,字段来自教材PDF文本抽取，训练前仍需人工核对剂量与页码。,P.425,P.240,全文标题定位,D1_formula_snippets\100_平胃散.txt
101,P0,第15章 祛湿剂,藿香正气散,已从教材PDF抽取待人工复核,字段来自教材PDF文本抽取，训练前仍需人工核对剂量与页码。,P.427,P.242,全文标题定位,D1_formula_snippets\101_藿香正气散.txt
102,P0,第15章 祛湿剂,茵陈蒿汤,注意/禁忌待补核,教材正文未抽到明确注意/禁忌句，需人工补核。,P.431,P.244,全文标题定位,D1_formula_snippets\102_茵陈蒿汤.txt
103,P0,第15章 祛湿剂,八正散,注意/禁忌待补核,教材正文未抽到明确注意/禁忌句，需人工补核。,P.433,P.245,全文标题定位,D1_formula_snippets\103_八正散.txt
104,P0,第15章 祛湿剂,三仁汤,已从教材PDF抽取待人工复核,字段来自教材PDF文本抽取，训练前仍需人工核对剂量与页码。,P.435,P.247,全文标题定位,D1_formula_snippets\104_三仁汤.txt
105,P0,第15章 祛湿剂,五苓散,注意/禁忌待补核,教材正文未抽到明确注意/禁忌句，需人工补核。,P.446,P.253,全文标题定位,D1_formula_snippets\105_五苓散.txt
106,P0,第15章 祛湿剂,苓桂术甘汤,注意/禁忌待补核,教材正文未抽到明确注意/禁忌句，需人工补核。,P.453,P.258,全文标题定位,D1_formula_snippets\106_苓桂术甘汤.txt
107,P0,第15章 祛湿剂,真武汤,注意/禁忌待补核,教材正文未抽到明确注意/禁忌句，需人工补核。,P.455,P.260,全文标题定位,D1_formula_snippets\107_真武汤.txt
108,P0,第15章 祛湿剂,独活寄生汤,已从教材PDF抽取待人工复核,字段来自教材PDF文本抽取，训练前仍需人工核对剂量与页码。,P.464,P.265,全文标题定位,D1_formula_snippets\108_独活寄生汤.txt
109,P0,第15章 祛湿剂,当归拈痛汤,注意/禁忌待补核,教材正文未抽到明确注意/禁忌句，需人工补核。,P.441,P.250,全文标题定位,D1_formula_snippets\109_当归拈痛汤.txt
110,P0,第16章 祛痰剂,二陈汤,已从教材PDF抽取待人工复核,字段来自教材PDF文本抽取，训练前仍需人工核对剂量与页码。,P.469,P.267,全文标题定位,D1_formula_snippets\110_二陈汤.txt
111,P0,第16章 祛痰剂,温胆汤,注意/禁忌待补核,教材正文未抽到明确注意/禁忌句，需人工补核。,P.472,P.270,全文标题定位,D1_formula_snippets\111_温胆汤.txt
112,P0,第16章 祛痰剂,清气化痰丸,注意/禁忌待补核,教材正文未抽到明确注意/禁忌句，需人工补核。,P.475,P.271,全文标题定位,D1_formula_snippets\112_清气化痰丸.txt
113,P0,第16章 祛痰剂,贝母瓜蒌散,注意/禁忌待补核,教材正文未抽到明确注意/禁忌句，需人工补核。,P.480,P.274,全文标题定位,D1_formula_snippets\113_贝母瓜蒌散.txt
114,P0,第16章 祛痰剂,苓甘五味姜辛汤,注意/禁忌待补核,教材正文未抽到明确注意/禁忌句，需人工补核。,P.482,P.275,全文标题定位,D1_formula_snippets\114_苓甘五味姜辛汤.txt
115,P0,第16章 祛痰剂,半夏白术天麻汤,同名/多出处需复核,方名索引存在多个页码/同名方，已抽取首个正文定位，需人工确认版本。；教材正文未抽到明确注意/禁忌句，需人工补核。,P.486,P.277；P.278,全文标题定位,D1_formula_snippets\115_半夏白术天麻汤.txt
116,P0,第17章 消食剂+驱虫剂,保和丸,注意/禁忌待补核,教材正文未抽到明确注意/禁忌句，需人工补核。,P.492,P.281,全文标题定位,D1_formula_snippets\116_保和丸.txt
117,P0,第17章 消食剂+驱虫剂,枳实导滞丸,注意/禁忌待补核,教材正文未抽到明确注意/禁忌句，需人工补核。,P.493,P.282,全文标题定位,D1_formula_snippets\117_枳实导滞丸.txt
118,P0,第17章 消食剂+驱虫剂,健脾丸,注意/禁忌待补核,教材正文未抽到明确注意/禁忌句，需人工补核。,P.497,P.284,全文标题定位,D1_formula_snippets\118_健脾丸.txt
119,P0,第17章 消食剂+驱虫剂,乌梅丸,已从教材PDF抽取待人工复核,字段来自教材PDF文本抽取，训练前仍需人工核对剂量与页码。,P.501,P.287,全文标题定位,D1_formula_snippets\119_乌梅丸.txt
120,P1,第16章 祛湿剂,一加减正气散,注意/禁忌待补核,教材正文未抽到明确注意/禁忌句，需人工补核。；P1扩展条目由书后方名索引自动抽取，训练前需人工逐条核对。,P.426,P.242,附方段落定位,D1_formula_snippets_300\120_一加减正气散.txt
121,P1,第8章 补益剂,一贯煎,注意/禁忌待补核,教材正文未抽到明确注意/禁忌句，需人工补核。；P1扩展条目由书后方名索引自动抽取，训练前需人工逐条核对。,P.263,P.140,全文标题定位,D1_formula_snippets_300\121_一贯煎.txt
122,P1,第16章 祛湿剂,二加减正气散,注意/禁忌待补核,教材正文未抽到明确注意/禁忌句，需人工补核。；P1扩展条目由书后方名索引自动抽取，训练前需人工逐条核对。,P.426,P.242,附方段落定位,D1_formula_snippets_300\122_二加减正气散.txt
123,P1,第16章 祛湿剂,二妙散,注意/禁忌待补核,教材正文未抽到明确注意/禁忌句，需人工补核。；P1扩展条目由书后方名索引自动抽取，训练前需人工逐条核对。,P.443,P.252,全文标题定位,D1_formula_snippets_300\123_二妙散.txt
124,P1,第8章 补益剂,十补丸,注意/禁忌待补核,教材正文未抽到明确注意/禁忌句，需人工补核。；P1扩展条目由书后方名索引自动抽取，训练前需人工逐条核对。,P.265,P.143,附方段落定位,D1_formula_snippets_300\124_十补丸.txt
125,P1,第17章 祛痰剂,十味温胆汤,注意/禁忌待补核,教材正文未抽到明确注意/禁忌句，需人工补核。；P1扩展条目由书后方名索引自动抽取，训练前需人工逐条核对。,P.471,P.270,附方段落定位,D1_formula_snippets_300\125_十味温胆汤.txt
126,P1,第12章 理气剂,丁香柿蒂汤,注意/禁忌待补核,教材正文未抽到明确注意/禁忌句，需人工补核。；P1扩展条目由书后方名索引自动抽取，训练前需人工逐条核对。,P.354,P.196,全文标题定位,D1_formula_snippets_300\126_丁香柿蒂汤.txt
127,P1,第12章 理气剂,丁香柿蒂散,注意/禁忌待补核,教材正文未抽到明确注意/禁忌句，需人工补核。；P1扩展条目由书后方名索引自动抽取，训练前需人工逐条核对。,P.353,P.197,附方段落定位,D1_formula_snippets_300\127_丁香柿蒂散.txt
128,P1,第8章 补益剂,七味白术散,注意/禁忌待补核,教材正文未抽到明确注意/禁忌句，需人工补核。；P1扩展条目由书后方名索引自动抽取，训练前需人工逐条核对。,P.234,P.124,附方段落定位,D1_formula_snippets_300\128_七味白术散.txt
129,P1,第8章 补益剂,七宝美髯丹,注意/禁忌待补核,教材正文未抽到明确注意/禁忌句，需人工补核。；P1扩展条目由书后方名索引自动抽取，训练前需人工逐条核对。,P.275,P.147,全文标题定位,D1_formula_snippets_300\129_七宝美髯丹.txt
130,P1,第13章 理血剂,七厘散,注意/禁忌待补核,教材正文未抽到明确注意/禁忌句，需人工补核。；P1扩展条目由书后方名索引自动抽取，训练前需人工逐条核对。,P.367,P.204,全文标题定位,D1_formula_snippets_300\130_七厘散.txt
131,P1,第8章 补益剂,人参蛤蚧散,注意/禁忌待补核,教材正文未抽到明确注意/禁忌句，需人工补核。；P1扩展条目由书后方名索引自动抽取，训练前需人工逐条核对。,P.243,P.128,全文标题定位,D1_formula_snippets_300\131_人参蛤蚧散.txt
132,P1,第17章 祛痰剂,三子养亲汤,已从教材PDF抽取待人工复核,P1扩展条目由书后方名索引自动抽取，训练前需人工逐条核对。,P.484,P.276,全文标题定位,D1_formula_snippets_300\132_三子养亲汤.txt
133,P1,第14章 治风剂,三甲复脉汤,注意/禁忌待补核,教材正文未抽到明确注意/禁忌句，需人工补核。；P1扩展条目由书后方名索引自动抽取，训练前需人工逐条核对。,P.401,P.227,附方段落定位,D1_formula_snippets_300\133_三甲复脉汤.txt
134,P1,第16章 祛湿剂,三加减正气散,注意/禁忌待补核,教材正文未抽到明确注意/禁忌句，需人工补核。；P1扩展条目由书后方名索引自动抽取，训练前需人工逐条核对。,P.426,P.243,附方段落定位,D1_formula_snippets_300\134_三加减正气散.txt
135,P1,第16章 祛湿剂,三妙丸,注意/禁忌待补核,教材正文未抽到明确注意/禁忌句，需人工补核。；P1扩展条目由书后方名索引自动抽取，训练前需人工逐条核对。,P.442,P.253,附方段落定位,D1_formula_snippets_300\135_三妙丸.txt
136,P1,第1章 解表剂,三拗汤,注意/禁忌待补核,教材正文未抽到明确注意/禁忌句，需人工补核。；P1扩展条目由书后方名索引自动抽取，训练前需人工逐条核对。,P.72,P.24,附方段落定位,D1_formula_snippets_300\136_三拗汤.txt
137,P1,第2章 泻下剂,三物备急丸,已从教材PDF抽取待人工复核,P1扩展条目由书后方名索引自动抽取，训练前需人工逐条核对。,P.119,P.52,全文标题定位,D1_formula_snippets_300\137_三物备急丸.txt
138,P1,第13章 理血剂,下瘀血汤,注意/禁忌待补核,教材正文未抽到明确注意/禁忌句，需人工补核。；P1扩展条目由书后方名索引自动抽取，训练前需人工逐条核对。,P.357,P.199,附方段落定位,D1_formula_snippets_300\138_下瘀血汤.txt
139,P1,第18章 消食剂,大安丸,注意/禁忌待补核,教材正文未抽到明确注意/禁忌句，需人工补核。；P1扩展条目由书后方名索引自动抽取，训练前需人工逐条核对。,P.491,P.282,附方段落定位,D1_formula_snippets_300\139_大安丸.txt
140,P1,第1章 解表剂,大羌活汤,注意/禁忌待补核,教材正文未抽到明确注意/禁忌句，需人工补核。；P1扩展条目由书后方名索引自动抽取，训练前需人工逐条核对。,P.80,P.30,附方段落定位,D1_formula_snippets_300\140_大羌活汤.txt
141,P1,第8章 补益剂,大补阴丸,注意/禁忌待补核,教材正文未抽到明确注意/禁忌句，需人工补核。；P1扩展条目由书后方名索引自动抽取，训练前需人工逐条核对。,P.262,P.139,全文标题定位,D1_formula_snippets_300\141_大补阴丸.txt
142,P1,第14章 治风剂,大定风珠,注意/禁忌待补核,教材正文未抽到明确注意/禁忌句，需人工补核。；P1扩展条目由书后方名索引自动抽取，训练前需人工逐条核对。,P.402,P.226,全文标题定位,D1_formula_snippets_300\142_大定风珠.txt
143,P1,第2章 泻下剂,大陷胸丸,注意/禁忌待补核,教材正文未抽到明确注意/禁忌句，需人工补核。；P1扩展条目由书后方名索引自动抽取，训练前需人工逐条核对。,P.113,P.50,附方段落定位,D1_formula_snippets_300\143_大陷胸丸.txt
144,P1,第2章 泻下剂,大陷胸汤,已从教材PDF抽取待人工复核,P1扩展条目由书后方名索引自动抽取，训练前需人工逐条核对。,P.114,P.49,全文标题定位,D1_formula_snippets_300\144_大陷胸汤.txt
145,P1,第21章 治痈疡剂,大黄牡丹汤,注意/禁忌待补核,教材正文未抽到明确注意/禁忌句，需人工补核。；P1扩展条目由书后方名索引自动抽取，训练前需人工逐条核对。,P.528,P.304,全文标题定位,D1_formula_snippets_300\145_大黄牡丹汤.txt
146,P1,第2章 泻下剂,大黄附子汤,已从教材PDF抽取待人工复核,P1扩展条目由书后方名索引自动抽取，训练前需人工逐条核对。,P.117,P.51,全文标题定位,D1_formula_snippets_300\146_大黄附子汤.txt
147,P1,第1章 解表剂,小青龙加石膏汤,注意/禁忌待补核,教材正文未抽到明确注意/禁忌句，需人工补核。；P1扩展条目由书后方名索引自动抽取，训练前需人工逐条核对。,P.84,P.32,附方段落定位,D1_formula_snippets_300\147_小青龙加石膏汤.txt
148,P1,第21章 治痈疡剂,小金丹,已从教材PDF抽取待人工复核,P1扩展条目由书后方名索引自动抽取，训练前需人工逐条核对。,P.523,P.301,全文标题定位,D1_formula_snippets_300\148_小金丹.txt
149,P1,第14章 治风剂,小定风珠,注意/禁忌待补核,教材正文未抽到明确注意/禁忌句，需人工补核。；P1扩展条目由书后方名索引自动抽取，训练前需人工逐条核对。,P.401,P.227,附方段落定位,D1_formula_snippets_300\149_小定风珠.txt
150,P1,第14章 治风剂,小活络丹,已从教材PDF抽取待人工复核,P1扩展条目由书后方名索引自动抽取，训练前需人工逐条核对。,P.392,P.221,全文标题定位,D1_formula_snippets_300\150_小活络丹.txt
151,P1,第17章 祛痰剂,小陷胸汤,注意/禁忌待补核,教材正文未抽到明确注意/禁忌句，需人工补核。；P1扩展条目由书后方名索引自动抽取，训练前需人工逐条核对。,P.476,P.272,全文标题定位,D1_formula_snippets_300\151_小陷胸汤.txt
152,P1,第14章 治风剂,小续命汤,注意/禁忌待补核,教材正文未抽到明确注意/禁忌句，需人工补核。；P1扩展条目由书后方名索引自动抽取，训练前需人工逐条核对。,P.387,P.218,附方段落定位,D1_formula_snippets_300\152_小续命汤.txt
153,P1,第13章 理血剂,小蓟饮子,已从教材PDF抽取待人工复核,P1扩展条目由书后方名索引自动抽取，训练前需人工逐条核对。,P.379,P.212,全文标题定位,D1_formula_snippets_300\153_小蓟饮子.txt
154,P1,第12章 理气剂,天台乌药散,注意/禁忌待补核,教材正文未抽到明确注意/禁忌句，需人工补核。；P1扩展条目由书后方名索引自动抽取，训练前需人工逐条核对。,P.342,P.188,全文标题定位,D1_formula_snippets_300\154_天台乌药散.txt
155,P1,第18章 消食剂,木香导滞丸,注意/禁忌待补核,教材正文未抽到明确注意/禁忌句，需人工补核。；P1扩展条目由书后方名索引自动抽取，训练前需人工逐条核对。,P.492,P.283,附方段落定位,D1_formula_snippets_300\155_木香导滞丸.txt
156,P1,第18章 消食剂,木香槟榔丸,已从教材PDF抽取待人工复核,P1扩展条目由书后方名索引自动抽取，训练前需人工逐条核对。,P.495,P.283,全文标题定位,D1_formula_snippets_300\156_木香槟榔丸.txt
157,P1,第2章 泻下剂,五仁丸,已从教材PDF抽取待人工复核,P1扩展条目由书后方名索引自动抽取，训练前需人工逐条核对。,P.123,P.54,全文标题定位,D1_formula_snippets_300\157_五仁丸.txt
158,P1,第17章 祛痰剂,五生丸,注意/禁忌待补核,教材正文未抽到明确注意/禁忌句，需人工补核。；P1扩展条目由书后方名索引自动抽取，训练前需人工逐条核对。,P.487,P.279,附方段落定位,D1_formula_snippets_300\158_五生丸.txt
159,P1,第16章 祛湿剂,五加减正气散,注意/禁忌待补核,教材正文未抽到明确注意/禁忌句，需人工补核。；P1扩展条目由书后方名索引自动抽取，训练前需人工逐条核对。,P.427,P.243,附方段落定位,D1_formula_snippets_300\159_五加减正气散.txt
160,P1,第16章 祛湿剂,五皮散,注意/禁忌待补核,教材正文未抽到明确注意/禁忌句，需人工补核。；P1扩展条目由书后方名索引自动抽取，训练前需人工逐条核对。,P.451,P.257,全文标题定位,D1_formula_snippets_300\160_五皮散.txt
161,P1,第14章 治风剂,五虎追风散,注意/禁忌待补核,教材正文未抽到明确注意/禁忌句，需人工补核。；P1扩展条目由书后方名索引自动抽取，训练前需人工逐条核对。,P.393,P.222,附方段落定位,D1_formula_snippets_300\161_五虎追风散.txt
162,P1,第21章 治痈疡剂,五味消毒饮,注意/禁忌待补核,教材正文未抽到明确注意/禁忌句，需人工补核。；P1扩展条目由书后方名索引自动抽取，训练前需人工逐条核对。,P.517,P.297,全文标题定位,D1_formula_snippets_300\162_五味消毒饮.txt
163,P1,第7章 表里双解剂,五积散,注意/禁忌待补核,教材正文未抽到明确注意/禁忌句，需人工补核。；P1扩展条目由书后方名索引自动抽取，训练前需人工逐条核对。,P.224,P.116,全文标题定位,D1_formula_snippets_300\163_五积散.txt
164,P1,第16章 祛湿剂,五淋散,注意/禁忌待补核,教材正文未抽到明确注意/禁忌句，需人工补核。；P1扩展条目由书后方名索引自动抽取，训练前需人工逐条核对。,P.432,P.246,附方段落定位,D1_formula_snippets_300\164_五淋散.txt
165,P1,第16章 祛湿剂,不换金正气散,注意/禁忌待补核,教材正文未抽到明确注意/禁忌句，需人工补核。；P1扩展条目由书后方名索引自动抽取，训练前需人工逐条核对。,P.424,P.241,附方段落定位,D1_formula_snippets_300\165_不换金正气散.txt
166,P1,第14章 治风剂,止痉散,注意/禁忌待补核,教材正文未抽到明确注意/禁忌句，需人工补核。；P1扩展条目由书后方名索引自动抽取，训练前需人工逐条核对。,P.390,P.220,附方段落定位,D1_formula_snippets_300\166_止痉散.txt
167,P1,第13章 理血剂,少腹逐瘀汤,注意/禁忌待补核,教材正文未抽到明确注意/禁忌句，需人工补核。；P1扩展条目由书后方名索引自动抽取，训练前需人工逐条核对。,P.360,P.201,附方段落定位,D1_formula_snippets_300\167_少腹逐瘀汤.txt
168,P1,第21章 治痈疡剂,内补黄芪汤,已从教材PDF抽取待人工复核,P1扩展条目由书后方名索引自动抽取，训练前需人工逐条核对。,P.533,P.306,全文标题定位,D1_formula_snippets_300\168_内补黄芪汤.txt
169,P1,第11章 开窍剂,牛黄清心丸,注意/禁忌待补核,教材正文未抽到明确注意/禁忌句，需人工补核。；P1扩展条目由书后方名索引自动抽取，训练前需人工逐条核对。,P.317,P.174,附方段落定位,D1_formula_snippets_300\169_牛黄清心丸.txt
170,P1,第21章 治痈疡剂,牛蒡解肌汤,注意/禁忌待补核,教材正文未抽到明确注意/禁忌句，需人工补核。；P1扩展条目由书后方名索引自动抽取，训练前需人工逐条核对。,P.520,P.299,全文标题定位,D1_formula_snippets_300\170_牛蒡解肌汤.txt
171,P1,第8章 补益剂,升阳益胃汤,注意/禁忌待补核,教材正文未抽到明确注意/禁忌句，需人工补核。；P1扩展条目由书后方名索引自动抽取，训练前需人工逐条核对。,P.237,P.125,附方段落定位,D1_formula_snippets_300\171_升阳益胃汤.txt
172,P1,第1章 解表剂,升麻葛根汤,注意/禁忌待补核,教材正文未抽到明确注意/禁忌句，需人工补核。；P1扩展条目由书后方名索引自动抽取，训练前需人工逐条核对。,P.97,P.39,全文标题定位,D1_formula_snippets_300\172_升麻葛根汤.txt
173,P1,第19章 驱虫剂,化虫丸,已从教材PDF抽取待人工复核,P1扩展条目由书后方名索引自动抽取，训练前需人工逐条核对。,P.504,P.288,全文标题定位,D1_formula_snippets_300\173_化虫丸.txt
174,P1,第4章 清热剂,化斑汤,注意/禁忌待补核,教材正文未抽到明确注意/禁忌句，需人工补核。；P1扩展条目由书后方名索引自动抽取，训练前需人工逐条核对。,P.166,P.81,附方段落定位,D1_formula_snippets_300\174_化斑汤.txt
175,P1,第13章 理血剂,丹参饮,注意/禁忌待补核,教材正文未抽到明确注意/禁忌句，需人工补核。；P1扩展条目由书后方名索引自动抽取，训练前需人工逐条核对。,P.372,P.208,附方段落定位,D1_formula_snippets_300\175_丹参饮.txt
176,P1,第12章 理气剂,乌药汤,注意/禁忌待补核,教材正文未抽到明确注意/禁忌句，需人工补核。；P1扩展条目由书后方名索引自动抽取，训练前需人工逐条核对。,P.344,P.191,附方段落定位,D1_formula_snippets_300\176_乌药汤.txt
177,P1,第5章 祛暑剂,六一散,注意/禁忌待补核,教材正文未抽到明确注意/禁忌句，需人工补核。；P1扩展条目由书后方名索引自动抽取，训练前需人工逐条核对。,P.194,P.97,全文标题定位,D1_formula_snippets_300\177_六一散.txt
178,P1,第8章 补益剂,六君子汤,注意/禁忌待补核,教材正文未抽到明确注意/禁忌句，需人工补核。；P1扩展条目由书后方名索引自动抽取，训练前需人工逐条核对。,P.231,P.122,附方段落定位,D1_formula_snippets_300\178_六君子汤.txt
179,P1,第16章 祛湿剂,六和汤,注意/禁忌待补核,教材正文未抽到明确注意/禁忌句，需人工补核。；P1扩展条目由书后方名索引自动抽取，训练前需人工逐条核对。,P.427,P.243,附方段落定位,D1_formula_snippets_300\179_六和汤.txt
180,P1,第12章 理气剂,六磨饮子,注意/禁忌待补核,教材正文未抽到明确注意/禁忌句，需人工补核。；P1扩展条目由书后方名索引自动抽取，训练前需人工逐条核对。,P.349,P.194,附方段落定位,D1_formula_snippets_300\180_六磨饮子.txt
181,P1,第10章 安神剂,孔圣枕中丹,注意/禁忌待补核,教材正文未抽到明确注意/禁忌句，需人工补核。；P1扩展条目由书后方名索引自动抽取，训练前需人工逐条核对。,P.306,P.166,附方段落定位,D1_formula_snippets_300\181_孔圣枕中丹.txt
182,P1,第9章 固涩剂,水陆二仙丹,注意/禁忌待补核,教材正文未抽到明确注意/禁忌句，需人工补核。；P1扩展条目由书后方名索引自动抽取，训练前需人工逐条核对。,P.290,P.157,附方段落定位,D1_formula_snippets_300\182_水陆二仙丹.txt
183,P1,第14章 治风剂,玉真散,注意/禁忌待补核,教材正文未抽到明确注意/禁忌句，需人工补核。；P1扩展条目由书后方名索引自动抽取，训练前需人工逐条核对。,P.394,P.222,全文标题定位,D1_formula_snippets_300\183_玉真散.txt
184,P1,第15章 治燥剂,玉液汤,注意/禁忌待补核,教材正文未抽到明确注意/禁忌句，需人工补核。；P1扩展条目由书后方名索引自动抽取，训练前需人工逐条核对。,P.419,P.237,全文标题定位,D1_formula_snippets_300\184_玉液汤.txt
185,P1,第12章 理气剂,正气天香散,注意/禁忌待补核,教材正文未抽到明确注意/禁忌句，需人工补核。；P1扩展条目由书后方名索引自动抽取，训练前需人工逐条核对。,P.344,P.191,附方段落定位,D1_formula_snippets_300\185_正气天香散.txt
186,P1,第10章 安神剂,甘麦大枣汤,注意/禁忌待补核,教材正文未抽到明确注意/禁忌句，需人工补核。；P1扩展条目由书后方名索引自动抽取，训练前需人工逐条核对。,P.310,P.168,全文标题定位,D1_formula_snippets_300\186_甘麦大枣汤.txt
187,P1,第16章 祛湿剂,甘草干姜茯苓白术汤,注意/禁忌待补核,教材正文未抽到明确注意/禁忌句，需人工补核。；P1扩展条目由书后方名索引自动抽取，训练前需人工逐条核对。,P.454,P.259,全文标题定位,D1_formula_snippets_300\187_甘草干姜茯苓白术汤.txt
188,P1,第2章 泻下剂,甘遂半夏汤,注意/禁忌待补核,教材正文未抽到明确注意/禁忌句，需人工补核。；P1扩展条目由书后方名索引自动抽取，训练前需人工逐条核对。,P.126,P.57,附方段落定位,D1_formula_snippets_300\188_甘遂半夏汤.txt
189,P1,第16章 祛湿剂,甘露消毒丹,注意/禁忌待补核,教材正文未抽到明确注意/禁忌句，需人工补核。；P1扩展条目由书后方名索引自动抽取，训练前需人工逐条核对。,P.438,P.249,全文标题定位,D1_formula_snippets_300\189_甘露消毒丹.txt
190,P1,第13章 理血剂,艾附暖宫丸,注意/禁忌待补核,教材正文未抽到明确注意/禁忌句，需人工补核。；P1扩展条目由书后方名索引自动抽取，训练前需人工逐条核对。,P.367,P.205,附方段落定位,D1_formula_snippets_300\190_艾附暖宫丸.txt
191,P1,第4章 清热剂,左金丸,注意/禁忌待补核,教材正文未抽到明确注意/禁忌句，需人工补核。；P1扩展条目由书后方名索引自动抽取，训练前需人工逐条核对。,P.174,P.85,全文标题定位,D1_formula_snippets_300\191_左金丸.txt
192,P1,第16章 祛湿剂,石韦散,注意/禁忌待补核,教材正文未抽到明确注意/禁忌句，需人工补核。；P1扩展条目由书后方名索引自动抽取，训练前需人工逐条核对。,P.432,P.246,附方段落定位,D1_formula_snippets_300\192_石韦散.txt
193,P1,第8章 补益剂,右归饮,注意/禁忌待补核,教材正文未抽到明确注意/禁忌句，需人工补核。；P1扩展条目由书后方名索引自动抽取，训练前需人工逐条核对。,P.267,P.144,附方段落定位,D1_formula_snippets_300\193_右归饮.txt
194,P1,第4章 清热剂,戊己丸,注意/禁忌待补核,教材正文未抽到明确注意/禁忌句，需人工补核。；P1扩展条目由书后方名索引自动抽取，训练前需人工逐条核对。,P.173,P.85,附方段落定位,D1_formula_snippets_300\194_戊己丸.txt
195,P1,第13章 理血剂,四生丸,注意/禁忌待补核,教材正文未抽到明确注意/禁忌句，需人工补核。；P1扩展条目由书后方名索引自动抽取，训练前需人工逐条核对。,P.376,P.211,附方段落定位,D1_formula_snippets_300\195_四生丸.txt
196,P1,第16章 祛湿剂,四妙丸,注意/禁忌待补核,教材正文未抽到明确注意/禁忌句，需人工补核。；P1扩展条目由书后方名索引自动抽取，训练前需人工逐条核对。,P.442,P.253,附方段落定位,D1_formula_snippets_300\196_四妙丸.txt
197,P1,第21章 治痈疡剂,四妙勇安汤,已从教材PDF抽取待人工复核,P1扩展条目由书后方名索引自动抽取，训练前需人工逐条核对。,P.518,P.297,全文标题定位,D1_formula_snippets_300\197_四妙勇安汤.txt
198,P1,第16章 祛湿剂,四苓散,注意/禁忌待补核,教材正文未抽到明确注意/禁忌句，需人工补核。；P1扩展条目由书后方名索引自动抽取，训练前需人工逐条核对。,P.445,P.254,附方段落定位,D1_formula_snippets_300\198_四苓散.txt
199,P1,第6章 温里剂,四逆加人参汤,注意/禁忌待补核,教材正文未抽到明确注意/禁忌句，需人工补核。；P1扩展条目由书后方名索引自动抽取，训练前需人工逐条核对。,P.210,P.108,附方段落定位,D1_formula_snippets_300\199_四逆加人参汤.txt
200,P1,第12章 理气剂,四磨汤,注意/禁忌待补核,教材正文未抽到明确注意/禁忌句，需人工补核。；P1扩展条目由书后方名索引自动抽取，训练前需人工逐条核对。,P.350,P.193,全文标题定位,D1_formula_snippets_300\200_四磨汤.txt
201,P1,第3章 和解剂,生姜泻心汤,注意/禁忌待补核,教材正文未抽到明确注意/禁忌句，需人工补核。；P1扩展条目由书后方名索引自动抽取，训练前需人工逐条核对。,P.147,P.70,附方段落定位,D1_formula_snippets_300\201_生姜泻心汤.txt
202,P1,第13章 理血剂,失笑散,已从教材PDF抽取待人工复核,P1扩展条目由书后方名索引自动抽取，训练前需人工逐条核对。,P.373,P.208,全文标题定位,D1_formula_snippets_300\202_失笑散.txt
203,P1,第21章 治痈疡剂,仙方活命饮,注意/禁忌待补核,教材正文未抽到明确注意/禁忌句，需人工补核。；P1扩展条目由书后方名索引自动抽取，训练前需人工逐条核对。,P.515,P.295,全文标题定位,D1_formula_snippets_300\203_仙方活命饮.txt
204,P1,第4章 清热剂,白头翁加甘草阿胶汤,注意/禁忌待补核,教材正文未抽到明确注意/禁忌句，需人工补核。；P1扩展条目由书后方名索引自动抽取，训练前需人工逐条核对。,P.181,P.91,附方段落定位,D1_formula_snippets_300\204_白头翁加甘草阿胶汤.txt
205,P1,第4章 清热剂,白虎加人参汤,注意/禁忌待补核,教材正文未抽到明确注意/禁忌句，需人工补核。；P1扩展条目由书后方名索引自动抽取，训练前需人工逐条核对。,P.151,P.73,附方段落定位,D1_formula_snippets_300\205_白虎加人参汤.txt
206,P1,第4章 清热剂,白虎加苍术汤,注意/禁忌待补核,教材正文未抽到明确注意/禁忌句，需人工补核。；P1扩展条目由书后方名索引自动抽取，训练前需人工逐条核对。,P.151,P.73,附方段落定位,D1_formula_snippets_300\206_白虎加苍术汤.txt
207,P1,第4章 清热剂,白虎加桂枝汤,注意/禁忌待补核,教材正文未抽到明确注意/禁忌句，需人工补核。；P1扩展条目由书后方名索引自动抽取，训练前需人工逐条核对。,P.151,P.73,附方段落定位,D1_formula_snippets_300\207_白虎加桂枝汤.txt
208,P1,第6章 温里剂,白通汤,注意/禁忌待补核,教材正文未抽到明确注意/禁忌句，需人工补核。；P1扩展条目由书后方名索引自动抽取，训练前需人工逐条核对。,P.210,P.108,附方段落定位,D1_formula_snippets_300\208_白通汤.txt
209,P1,第20章 涌吐剂,瓜蒂散,已从教材PDF抽取待人工复核,P1扩展条目由书后方名索引自动抽取，训练前需人工逐条核对。,P.508,P.291,全文标题定位,D1_formula_snippets_300\209_瓜蒂散.txt
210,P1,第12章 理气剂,瓜蒌薤白白酒汤,注意/禁忌待补核,教材正文未抽到明确注意/禁忌句，需人工补核。；P1扩展条目由书后方名索引自动抽取，训练前需人工逐条核对。,P.335,P.184,全文标题定位,D1_formula_snippets_300\210_瓜蒌薤白白酒汤.txt
211,P1,第12章 理气剂,瓜蒌薤白半夏汤,注意/禁忌待补核,教材正文未抽到明确注意/禁忌句，需人工补核。；P1扩展条目由书后方名索引自动抽取，训练前需人工逐条核对。,P.334,P.185,附方段落定位,D1_formula_snippets_300\211_瓜蒌薤白半夏汤.txt
212,P1,第2章 泻下剂,半硫丸,注意/禁忌待补核,教材正文未抽到明确注意/禁忌句，需人工补核。；P1扩展条目由书后方名索引自动抽取，训练前需人工逐条核对。,P.123,P.56,附方段落定位,D1_formula_snippets_300\212_半硫丸.txt
213,P1,第12章 理气剂,加味乌药汤,注意/禁忌待补核,教材正文未抽到明确注意/禁忌句，需人工补核。；P1扩展条目由书后方名索引自动抽取，训练前需人工逐条核对。,P.345,P.190,全文标题定位,D1_formula_snippets_300\213_加味乌药汤.txt
214,P1,第8章 补益剂,加味肾气丸,注意/禁忌待补核,教材正文未抽到明确注意/禁忌句，需人工补核。；P1扩展条目由书后方名索引自动抽取，训练前需人工逐条核对。,P.265,P.143,附方段落定位,D1_formula_snippets_300\214_加味肾气丸.txt
215,P1,第1章 解表剂,加味香苏散,注意/禁忌待补核,教材正文未抽到明确注意/禁忌句，需人工补核。；P1扩展条目由书后方名索引自动抽取，训练前需人工逐条核对。,P.82,P.31,附方段落定位,D1_formula_snippets_300\215_加味香苏散.txt
216,P1,第8章 补益剂,加减复脉汤,注意/禁忌待补核,教材正文未抽到明确注意/禁忌句，需人工补核。；P1扩展条目由书后方名索引自动抽取，训练前需人工逐条核对。,P.252,P.135,附方段落定位,D1_formula_snippets_300\216_加减复脉汤.txt
217,P1,第1章 解表剂,加减葳蕤汤,注意/禁忌待补核,教材正文未抽到明确注意/禁忌句，需人工补核。；P1扩展条目由书后方名索引自动抽取，训练前需人工逐条核对。,P.106,P.44,全文标题定位,D1_formula_snippets_300\217_加减葳蕤汤.txt
218,P1,第8章 补益剂,圣愈汤,注意/禁忌待补核,教材正文未抽到明确注意/禁忌句，需人工补核。；P1扩展条目由书后方名索引自动抽取，训练前需人工逐条核对。,P.244,P.130,附方段落定位,D1_formula_snippets_300\218_圣愈汤.txt
219,P1,第8章 补益剂,地黄饮子,注意/禁忌待补核,教材正文未抽到明确注意/禁忌句，需人工补核。；P1扩展条目由书后方名索引自动抽取，训练前需人工逐条核对。,P.271,P.145,全文标题定位,D1_formula_snippets_300\219_地黄饮子.txt
220,P1,第1章 解表剂,再造散,注意/禁忌待补核,教材正文未抽到明确注意/禁忌句，需人工补核。；P1扩展条目由书后方名索引自动抽取，训练前需人工逐条核对。,P.104,P.43,全文标题定位,D1_formula_snippets_300\220_再造散.txt
221,P1,第3章 和解剂,达原饮,注意/禁忌待补核,教材正文未抽到明确注意/禁忌句，需人工补核。；P1扩展条目由书后方名索引自动抽取，训练前需人工逐条核对。,P.140,P.65,全文标题定位,D1_formula_snippets_300\221_达原饮.txt
222,P1,第4章 清热剂,当归六黄汤,注意/禁忌待补核,教材正文未抽到明确注意/禁忌句，需人工补核。；P1扩展条目由书后方名索引自动抽取，训练前需人工逐条核对。,P.188,P.93,全文标题定位,D1_formula_snippets_300\222_当归六黄汤.txt
223,P1,第4章 清热剂,当归龙荟丸,注意/禁忌待补核,教材正文未抽到明确注意/禁忌句，需人工补核。；P1扩展条目由书后方名索引自动抽取，训练前需人工逐条核对。,P.171,P.84,附方段落定位,D1_formula_snippets_300\223_当归龙荟丸.txt
224,P1,第6章 温里剂,当归四逆加吴茱萸生姜汤,注意/禁忌待补核,教材正文未抽到明确注意/禁忌句，需人工补核。；P1扩展条目由书后方名索引自动抽取，训练前需人工逐条核对。,P.215,P.111,附方段落定位,D1_formula_snippets_300\224_当归四逆加吴茱萸生姜汤.txt
225,P1,第3章 和解剂,当归芍药散,注意/禁忌待补核,教材正文未抽到明确注意/禁忌句，需人工补核。；P1扩展条目由书后方名索引自动抽取，训练前需人工逐条核对。,P.143,P.68,附方段落定位,D1_formula_snippets_300\225_当归芍药散.txt
226,P1,第6章 温里剂,当归建中汤,注意/禁忌待补核,教材正文未抽到明确注意/禁忌句，需人工补核。；P1扩展条目由书后方名索引自动抽取，训练前需人工逐条核对。,P.204,P.105,附方段落定位,D1_formula_snippets_300\226_当归建中汤.txt
227,P1,第6章 温里剂,回阳救急汤,已从教材PDF抽取待人工复核,P1扩展条目由书后方名索引自动抽取，训练前需人工逐条核对。,P.214,P.110,全文标题定位,D1_formula_snippets_300\227_回阳救急汤.txt
228,P1,第1章 解表剂,竹叶柳蒡汤,注意/禁忌待补核,教材正文未抽到明确注意/禁忌句，需人工补核。；P1扩展条目由书后方名索引自动抽取，训练前需人工逐条核对。,P.96,P.39,附方段落定位,D1_formula_snippets_300\228_竹叶柳蒡汤.txt
229,P1,第12章 理气剂,延胡索汤,注意/禁忌待补核,教材正文未抽到明确注意/禁忌句，需人工补核。；P1扩展条目由书后方名索引自动抽取，训练前需人工逐条核对。,P.333,P.184,附方段落定位,D1_formula_snippets_300\229_延胡索汤.txt
230,P1,第1章 解表剂,华盖散,注意/禁忌待补核,教材正文未抽到明确注意/禁忌句，需人工补核。；P1扩展条目由书后方名索引自动抽取，训练前需人工逐条核对。,P.72,P.24,附方段落定位,D1_formula_snippets_300\230_华盖散.txt
231,P1,第2章 泻下剂,舟车丸,注意/禁忌待补核,教材正文未抽到明确注意/禁忌句，需人工补核。；P1扩展条目由书后方名索引自动抽取，训练前需人工逐条核对。,P.126,P.57,附方段落定位,D1_formula_snippets_300\231_舟车丸.txt
232,P1,第13章 理血剂,会厌逐瘀汤,注意/禁忌待补核,教材正文未抽到明确注意/禁忌句，需人工补核。；P1扩展条目由书后方名索引自动抽取，训练前需人工逐条核对。,P.360,P.201,附方段落定位,D1_formula_snippets_300\232_会厌逐瘀汤.txt
233,P1,第10章 安神剂,交泰丸,注意/禁忌待补核,教材正文未抽到明确注意/禁忌句，需人工补核。；P1扩展条目由书后方名索引自动抽取，训练前需人工逐条核对。,P.314,P.170,全文标题定位,D1_formula_snippets_300\233_交泰丸.txt
234,P1,第8章 补益剂,异功散,注意/禁忌待补核,教材正文未抽到明确注意/禁忌句，需人工补核。；P1扩展条目由书后方名索引自动抽取，训练前需人工逐条核对。,P.231,P.122,附方段落定位,D1_formula_snippets_300\234_异功散.txt
235,P1,第2章 泻下剂,导水丸,注意/禁忌待补核,教材正文未抽到明确注意/禁忌句，需人工补核。；P1扩展条目由书后方名索引自动抽取，训练前需人工逐条核对。,P.128,P.58,附方段落定位,D1_formula_snippets_300\235_导水丸.txt
236,P1,第4章 清热剂,导赤散,注意/禁忌待补核,教材正文未抽到明确注意/禁忌句，需人工补核。；P1扩展条目由书后方名索引自动抽取，训练前需人工逐条核对。,P.170,P.82,全文标题定位,D1_formula_snippets_300\236_导赤散.txt
237,P1,第17章 祛痰剂,导痰汤,注意/禁忌待补核,教材正文未抽到明确注意/禁忌句，需人工补核。；P1扩展条目由书后方名索引自动抽取，训练前需人工逐条核对。,P.468,P.268,附方段落定位,D1_formula_snippets_300\237_导痰汤.txt
238,P1,第16章 祛湿剂,防己黄芪汤,已从教材PDF抽取待人工复核,P1扩展条目由书后方名索引自动抽取，训练前需人工逐条核对。,P.450,P.256,全文标题定位,D1_formula_snippets_300\238_防己黄芪汤.txt
239,P1,第7章 表里双解剂,防风通圣散,已从教材PDF抽取待人工复核,P1扩展条目由书后方名索引自动抽取，训练前需人工逐条核对。,P.227,P.118,全文标题定位,D1_formula_snippets_300\239_防风通圣散.txt
240,P1,第8章 补益剂,麦味地黄丸,注意/禁忌待补核,教材正文未抽到明确注意/禁忌句，需人工补核。；P1扩展条目由书后方名索引自动抽取，训练前需人工逐条核对。,P.257,P.138,附方段落定位,D1_formula_snippets_300\240_麦味地黄丸.txt
241,P1,第9章 固涩剂,赤石脂禹余粮汤,注意/禁忌待补核,教材正文未抽到明确注意/禁忌句，需人工补核。；P1扩展条目由书后方名索引自动抽取，训练前需人工逐条核对。,P.286,P.155,附方段落定位,D1_formula_snippets_300\241_赤石脂禹余粮汤.txt
242,P1,第21章 治痈疡剂,苇茎汤,注意/禁忌待补核,教材正文未抽到明确注意/禁忌句，需人工补核。；P1扩展条目由书后方名索引自动抽取，训练前需人工逐条核对。,P.526,P.303,全文标题定位,D1_formula_snippets_300\242_苇茎汤.txt
243,P1,第14章 治风剂,苍耳子散,注意/禁忌待补核,教材正文未抽到明确注意/禁忌句，需人工补核。；P1扩展条目由书后方名索引自动抽取，训练前需人工逐条核对。,P.385,P.217,附方段落定位,D1_formula_snippets_300\243_苍耳子散.txt
244,P1,第8章 补益剂,杞菊地黄丸,注意/禁忌待补核,教材正文未抽到明确注意/禁忌句，需人工补核。；P1扩展条目由书后方名索引自动抽取，训练前需人工逐条核对。,P.257,P.137,附方段落定位,D1_formula_snippets_300\244_杞菊地黄丸.txt
245,P1,第16章 祛湿剂,连朴饮,注意/禁忌待补核,教材正文未抽到明确注意/禁忌句，需人工补核。；P1扩展条目由书后方名索引自动抽取，训练前需人工逐条核对。,P.440,P.250,全文标题定位,D1_formula_snippets_300\245_连朴饮.txt
246,P1,第6章 温里剂,吴茱萸汤,注意/禁忌待补核,教材正文未抽到明确注意/禁忌句，需人工补核。；P1扩展条目由书后方名索引自动抽取，训练前需人工逐条核对。,P.207,P.105,全文标题定位,D1_formula_snippets_300\246_吴茱萸汤.txt
247,P1,第13章 理血剂,身痛逐瘀汤,注意/禁忌待补核,教材正文未抽到明确注意/禁忌句，需人工补核。；P1扩展条目由书后方名索引自动抽取，训练前需人工逐条核对。,P.360,P.201,附方段落定位,D1_formula_snippets_300\247_身痛逐瘀汤.txt
248,P1,第8章 补益剂,龟鹿二仙胶,已从教材PDF抽取待人工复核,P1扩展条目由书后方名索引自动抽取，训练前需人工逐条核对。,P.273,P.146,全文标题定位,D1_formula_snippets_300\248_龟鹿二仙胶.txt
249,P1,第16章 祛湿剂,羌活胜湿汤,已从教材PDF抽取待人工复核,P1扩展条目由书后方名索引自动抽取，训练前需人工逐条核对。,P.463,P.264,全文标题定位,D1_formula_snippets_300\249_羌活胜湿汤.txt
250,P1,第17章 祛痰剂,冷哮丸,注意/禁忌待补核,教材正文未抽到明确注意/禁忌句，需人工补核。；P1扩展条目由书后方名索引自动抽取，训练前需人工逐条核对。,P.481,P.275,附方段落定位,D1_formula_snippets_300\250_冷哮丸.txt
251,P1,第15章 治燥剂,沙参麦冬汤,注意/禁忌待补核,教材正文未抽到明确注意/禁忌句，需人工补核。；P1扩展条目由书后方名索引自动抽取，训练前需人工逐条核对。,P.410,P.233,附方段落定位,D1_formula_snippets_300\251_沙参麦冬汤.txt
252,P1,第16章 祛湿剂,完带汤,注意/禁忌待补核,教材正文未抽到明确注意/禁忌句，需人工补核。；P1扩展条目由书后方名索引自动抽取，训练前需人工逐条核对。,P.461,P.263,全文标题定位,D1_formula_snippets_300\252_完带汤.txt
253,P1,第12章 理气剂,良附丸,注意/禁忌待补核,教材正文未抽到明确注意/禁忌句，需人工补核。；P1扩展条目由书后方名索引自动抽取，训练前需人工逐条核对。,P.339,P.188,附方段落定位,D1_formula_snippets_300\253_良附丸.txt
254,P1,第8章 补益剂,补天大造丸,注意/禁忌待补核,教材正文未抽到明确注意/禁忌句，需人工补核。；P1扩展条目由书后方名索引自动抽取，训练前需人工逐条核对。,P.276,P.148,全文标题定位,D1_formula_snippets_300\254_补天大造丸.txt
255,P1,第14章 治风剂,阿胶鸡子黄汤,注意/禁忌待补核,教材正文未抽到明确注意/禁忌句，需人工补核。；P1扩展条目由书后方名索引自动抽取，训练前需人工逐条核对。,P.405,P.228,全文标题定位,D1_formula_snippets_300\255_阿胶鸡子黄汤.txt
256,P1,第16章 祛湿剂,附子汤,注意/禁忌待补核,教材正文未抽到明确注意/禁忌句，需人工补核。；P1扩展条目由书后方名索引自动抽取，训练前需人工逐条核对。,P.455,P.260,附方段落定位,D1_formula_snippets_300\256_附子汤.txt
257,P1,第6章 温里剂,附子理中丸,注意/禁忌待补核,教材正文未抽到明确注意/禁忌句，需人工补核。；P1扩展条目由书后方名索引自动抽取，训练前需人工逐条核对。,P.201,P.103,附方段落定位,D1_formula_snippets_300\257_附子理中丸.txt
258,P1,第5章 祛暑剂,鸡苏散,注意/禁忌待补核,教材正文未抽到明确注意/禁忌句，需人工补核。；P1扩展条目由书后方名索引自动抽取，训练前需人工逐条核对。,P.193,P.98,附方段落定位,D1_formula_snippets_300\258_鸡苏散.txt
259,P1,第13章 理血剂,抵当丸,注意/禁忌待补核,教材正文未抽到明确注意/禁忌句，需人工补核。；P1扩展条目由书后方名索引自动抽取，训练前需人工逐条核对。,P.357,P.199,附方段落定位,D1_formula_snippets_300\259_抵当丸.txt
260,P1,第13章 理血剂,抵当汤,注意/禁忌待补核,教材正文未抽到明确注意/禁忌句，需人工补核。；P1扩展条目由书后方名索引自动抽取，训练前需人工逐条核对。,P.357,P.199,附方段落定位,D1_formula_snippets_300\260_抵当汤.txt
261,P1,第11章 开窍剂,抱龙丸,注意/禁忌待补核,教材正文未抽到明确注意/禁忌句，需人工补核。；P1扩展条目由书后方名索引自动抽取，训练前需人工逐条核对。,P.323,P.177,全文标题定位,D1_formula_snippets_300\261_抱龙丸.txt
262,P1,第9章 固涩剂,易黄汤,注意/禁忌待补核,教材正文未抽到明确注意/禁忌句，需人工补核。；P1扩展条目由书后方名索引自动抽取，训练前需人工逐条核对。,P.298,P.160,全文标题定位,D1_formula_snippets_300\262_易黄汤.txt
263,P1,第9章 固涩剂,固经丸,注意/禁忌待补核,教材正文未抽到明确注意/禁忌句，需人工补核。；P1扩展条目由书后方名索引自动抽取，训练前需人工逐条核对。,P.296,P.160,全文标题定位,D1_formula_snippets_300\263_固经丸.txt
264,P1,第8章 补益剂,知柏地黄丸,注意/禁忌待补核,教材正文未抽到明确注意/禁忌句，需人工补核。；P1扩展条目由书后方名索引自动抽取，训练前需人工逐条核对。,P.257,P.137,附方段落定位,D1_formula_snippets_300\264_知柏地黄丸.txt
265,P1,第1章 解表剂,金沸草散,注意/禁忌待补核,教材正文未抽到明确注意/禁忌句，需人工补核。；P1扩展条目由书后方名索引自动抽取，训练前需人工逐条核对。,P.86,P.33,附方段落定位,D1_formula_snippets_300\265_金沸草散.txt
266,P1,第12章 理气剂,金铃子散,注意/禁忌待补核,教材正文未抽到明确注意/禁忌句，需人工补核。；P1扩展条目由书后方名索引自动抽取，训练前需人工逐条核对。,P.334,P.183,全文标题定位,D1_formula_snippets_300\266_金铃子散.txt
267,P1,第19章 驱虫剂,肥儿丸,注意/禁忌待补核,教材正文未抽到明确注意/禁忌句，需人工补核。；P1扩展条目由书后方名索引自动抽取，训练前需人工逐条核对。,P.505,P.289,全文标题定位,D1_formula_snippets_300\267_肥儿丸.txt
268,P1,第8章 补益剂,炙甘草汤,注意/禁忌待补核,教材正文未抽到明确注意/禁忌句，需人工补核。；P1扩展条目由书后方名索引自动抽取，训练前需人工逐条核对。,P.253,P.134,全文标题定位,D1_formula_snippets_300\268_炙甘草汤.txt
269,P1,第3章 和解剂,泻心汤,注意/禁忌待补核,教材正文未抽到明确注意/禁忌句，需人工补核。；P1扩展条目由书后方名索引自动抽取，训练前需人工逐条核对。,P.147,P.78,附方段落定位,D1_formula_snippets_300\269_泻心汤.txt
270,P1,第4章 清热剂,泻白散,注意/禁忌待补核,教材正文未抽到明确注意/禁忌句，需人工补核。；P1扩展条目由书后方名索引自动抽取，训练前需人工逐条核对。,P.175,P.86,全文标题定位,D1_formula_snippets_300\270_泻白散.txt
271,P1,第4章 清热剂,泻青丸,注意/禁忌待补核,教材正文未抽到明确注意/禁忌句，需人工补核。；P1扩展条目由书后方名索引自动抽取，训练前需人工逐条核对。,P.171,P.84,附方段落定位,D1_formula_snippets_300\271_泻青丸.txt
272,P1,第4章 清热剂,泻黄散,注意/禁忌待补核,教材正文未抽到明确注意/禁忌句，需人工补核。；P1扩展条目由书后方名索引自动抽取，训练前需人工逐条核对。,P.176,P.88,附方段落定位,D1_formula_snippets_300\272_泻黄散.txt
273,P1,第10章 安神剂,定志丸,注意/禁忌待补核,教材正文未抽到明确注意/禁忌句，需人工补核。；P1扩展条目由书后方名索引自动抽取，训练前需人工逐条核对。,P.311,P.170,附方段落定位,D1_formula_snippets_300\273_定志丸.txt
274,P1,第17章 祛痰剂,定痫丸,注意/禁忌待补核,教材正文未抽到明确注意/禁忌句，需人工补核。；P1扩展条目由书后方名索引自动抽取，训练前需人工逐条核对。,P.487,P.278,全文标题定位,D1_formula_snippets_300\274_定痫丸.txt
275,P1,第16章 祛湿剂,实脾散,注意/禁忌待补核,教材正文未抽到明确注意/禁忌句，需人工补核。；P1扩展条目由书后方名索引自动抽取，训练前需人工逐条核对。,P.457,P.261,全文标题定位,D1_formula_snippets_300\275_实脾散.txt
276,P1,第6章 温里剂,参附汤,注意/禁忌待补核,教材正文未抽到明确注意/禁忌句，需人工补核。；P1扩展条目由书后方名索引自动抽取，训练前需人工逐条核对。,P.210,P.109,附方段落定位,D1_formula_snippets_300\276_参附汤.txt
277,P1,第9章 固涩剂,驻车丸,注意/禁忌待补核,教材正文未抽到明确注意/禁忌句，需人工补核。；P1扩展条目由书后方名索引自动抽取，训练前需人工逐条核对。,P.289,P.155,全文标题定位,D1_formula_snippets_300\277_驻车丸.txt
278,P1,第10章 安神剂,珍珠母丸,注意/禁忌待补核,教材正文未抽到明确注意/禁忌句，需人工补核。；P1扩展条目由书后方名索引自动抽取，训练前需人工逐条核对。,P.304,P.164,全文标题定位,D1_formula_snippets_300\278_珍珠母丸.txt
279,P1,第16章 祛湿剂,茵陈五苓散,注意/禁忌待补核,教材正文未抽到明确注意/禁忌句，需人工补核。；P1扩展条目由书后方名索引自动抽取，训练前需人工逐条核对。,P.445,P.254,附方段落定位,D1_formula_snippets_300\279_茵陈五苓散.txt
280,P1,第16章 祛湿剂,茵陈四逆汤,注意/禁忌待补核,教材正文未抽到明确注意/禁忌句，需人工补核。；P1扩展条目由书后方名索引自动抽取，训练前需人工逐条核对。,P.430,P.245,附方段落定位,D1_formula_snippets_300\280_茵陈四逆汤.txt
281,P1,第17章 祛痰剂,茯苓丸,已从教材PDF抽取待人工复核,P1扩展条目由书后方名索引自动抽取，训练前需人工逐条核对。,P.471,P.269,全文标题定位,D1_formula_snippets_300\281_茯苓丸.txt
282,P1,第12章 理气剂,枳术丸,注意/禁忌待补核,教材正文未抽到明确注意/禁忌句，需人工补核。；P1扩展条目由书后方名索引自动抽取，训练前需人工逐条核对。,P.338,P.187,附方段落定位,D1_formula_snippets_300\282_枳术丸.txt
283,P1,第12章 理气剂,枳术汤,注意/禁忌待补核,教材正文未抽到明确注意/禁忌句，需人工补核。；P1扩展条目由书后方名索引自动抽取，训练前需人工逐条核对。,P.338,P.187,附方段落定位,D1_formula_snippets_300\283_枳术汤.txt
284,P1,第12章 理气剂,枳实消痞丸,注意/禁忌待补核,教材正文未抽到明确注意/禁忌句，需人工补核。；P1扩展条目由书后方名索引自动抽取，训练前需人工逐条核对。,P.339,P.186,全文标题定位,D1_formula_snippets_300\284_枳实消痞丸.txt
285,P1,第10章 安神剂,柏子养心丸,注意/禁忌待补核,教材正文未抽到明确注意/禁忌句，需人工补核。；P1扩展条目由书后方名索引自动抽取，训练前需人工逐条核对。,P.306,P.166,附方段落定位,D1_formula_snippets_300\285_柏子养心丸.txt
286,P1,第16章 祛湿剂,栀子柏皮汤,注意/禁忌待补核,教材正文未抽到明确注意/禁忌句，需人工补核。；P1扩展条目由书后方名索引自动抽取，训练前需人工逐条核对。,P.430,P.244,附方段落定位,D1_formula_snippets_300\286_栀子柏皮汤.txt
287,P1,第12章 理气剂,厚朴温中汤,已从教材PDF抽取待人工复核,P1扩展条目由书后方名索引自动抽取，训练前需人工逐条核对。,P.341,P.187,全文标题定位,D1_formula_snippets_300\287_厚朴温中汤.txt
288,P1,第16章 祛湿剂,胃苓汤,注意/禁忌待补核,教材正文未抽到明确注意/禁忌句，需人工补核。；P1扩展条目由书后方名索引自动抽取，训练前需人工逐条核对。,P.445,P.254,附方段落定位,D1_formula_snippets_300\288_胃苓汤.txt
289,P1,第14章 治风剂,钩藤饮,注意/禁忌待补核,教材正文未抽到明确注意/禁忌句，需人工补核。；P1扩展条目由书后方名索引自动抽取，训练前需人工逐条核对。,P.396,P.223,附方段落定位,D1_formula_snippets_300\289_钩藤饮.txt
290,P1,第8章 补益剂,香砂六君子汤,注意/禁忌待补核,教材正文未抽到明确注意/禁忌句，需人工补核。；P1扩展条目由书后方名索引自动抽取，训练前需人工逐条核对。,P.231,P.122,附方段落定位,D1_formula_snippets_300\290_香砂六君子汤.txt
291,P1,第8章 补益剂,保元汤,注意/禁忌待补核,教材正文未抽到明确注意/禁忌句，需人工补核。；P1扩展条目由书后方名索引自动抽取，训练前需人工逐条核对。,P.231,P.122,附方段落定位,D1_formula_snippets_300\291_保元汤.txt
292,P1,第2章 泻下剂,禹功散,已从教材PDF抽取待人工复核,P1扩展条目由书后方名索引自动抽取，训练前需人工逐条核对。,P.129,P.58,全文标题定位,D1_formula_snippets_300\292_禹功散.txt
293,P1,第10章 安神剂,养心汤,注意/禁忌待补核,教材正文未抽到明确注意/禁忌句，需人工补核。；P1扩展条目由书后方名索引自动抽取，训练前需人工逐条核对。,P.312,P.169,全文标题定位,D1_formula_snippets_300\293_养心汤.txt
294,P1,第15章 治燥剂,养阴清肺汤,已从教材PDF抽取待人工复核,P1扩展条目由书后方名索引自动抽取，训练前需人工逐条核对。,P.415,P.235,全文标题定位,D1_formula_snippets_300\294_养阴清肺汤.txt
295,P1,第13章 理血剂,活络效灵丹,注意/禁忌待补核,教材正文未抽到明确注意/禁忌句，需人工补核。；P1扩展条目由书后方名索引自动抽取，训练前需人工逐条核对。,P.372,P.208,附方段落定位,D1_formula_snippets_300\295_活络效灵丹.txt
296,P1,第2章 泻下剂,济川煎,注意/禁忌待补核,教材正文未抽到明确注意/禁忌句，需人工补核。；P1扩展条目由书后方名索引自动抽取，训练前需人工逐条核对。,P.124,P.55,全文标题定位,D1_formula_snippets_300\296_济川煎.txt
297,P1,第1章 解表剂,宣毒发表汤,注意/禁忌待补核,教材正文未抽到明确注意/禁忌句，需人工补核。；P1扩展条目由书后方名索引自动抽取，训练前需人工逐条核对。,P.96,P.39,附方段落定位,D1_formula_snippets_300\297_宣毒发表汤.txt
298,P1,第16章 祛湿剂,宣痹汤,注意/禁忌待补核,教材正文未抽到明确注意/禁忌句，需人工补核。；P1扩展条目由书后方名索引自动抽取，训练前需人工逐条核对。,P.440,P.251,附方段落定位,D1_formula_snippets_300\298_宣痹汤.txt
299,P1,第4章 清热剂,秦艽鳖甲散,注意/禁忌待补核,教材正文未抽到明确注意/禁忌句，需人工补核。；P1扩展条目由书后方名索引自动抽取，训练前需人工逐条核对。,P.185,P.93,附方段落定位,D1_formula_snippets_300\299_秦艽鳖甲散.txt
300,P1,第8章 补益剂,泰山磐石散,注意/禁忌待补核,教材正文未抽到明确注意/禁忌句，需人工补核。；P1扩展条目由书后方名索引自动抽取，训练前需人工逐条核对。,P.255,P.135,全文标题定位,D1_formula_snippets_300\300_泰山磐石散.txt
