序号,章节,方剂名,出处,组成,用法,功用,主治,方义,配伍特点,注意/禁忌,《方剂学》页码,来源,QA状态,QA问题,药典候选状态,药典候选标题,药典候选来源,药典候选原文预览,定位标题,PDF页码,书内索引页码,页码类型,定位方法,原文片段文件
1,第1章 解表剂,桂枝汤,《伤寒论》,桂枝去皮，三两（9g） 芍药三两（9g） 甘草炙，二两（6g） 生姜切，三两（9g） 大枣擘， 十二枚（6g）,上五味， 咀，以水七升，微火煮取三升，适寒温，服一升。服已须臾，啜热稀粥一升余，以助药力。温覆令一时许，遍身 微似有汗者益佳，不可令如水流漓，病必不除。若一服汗出病瘥，停后服，不必尽剂；若不汗，更服如前法；又不汗，后服小促其间，半日许，令三服尽。若病重者，一日一夜服，周时观之，服一剂尽，病证犹在者，更作服；若汗不出，乃服至二三剂。禁生冷、黏滑、肉面、五辛、酒酪、臭恶等物（现代用法：水煎服，温覆取微汗）。,解肌发表，调和营卫。,外感风寒表虚证。恶风发热，汗出头痛，鼻鸣干呕，苔白不渴，脉浮缓或浮弱。,方中桂枝辛温，助卫阳，通经络，解肌发表而祛在表之风寒，为君药。芍药酸甘而凉，益阴敛营，敛固外泄之营阴，为臣药。桂枝、芍药等量配伍，既营卫同治，邪正兼顾，相辅相成；又散中有收，汗中寓补，相反相成。生姜辛温，助桂枝散表邪，兼和胃止呕；大枣甘平，协芍药补营阴，兼健脾益气。生姜、大枣相配，补脾和胃，化气生津，益营助卫，共为佐药。炙甘草调和药性，合桂枝辛甘化阳以实卫，合芍药酸甘化阴以益营，功兼佐使之用。药虽五味，但配伍严谨，发中有补，散中有收，营……,辛散与酸收相配，散中有收，汗不伤正；助阳与益阴同用，阴阳兼顾，营卫并调。,温覆令一时许，遍身 微似有汗者益佳，不可令如水流漓，病必不除。 禁生冷、黏滑、肉面、五辛、酒酪、臭恶等物（现代用法：水煎服，温覆取微汗）。 至于服后汗出病瘥，停后服； 以及禁生冷黏腻、酒肉、臭恶等，尤其是“不可令如水流漓，病必不除”等均为服解表剂应该注意之通则。,P.27,《方剂学》第十版（邓中甲主编，人民卫生出版社，2016，ISBN 9787117218900）；PDF页码 P.78；书内索引页码 P.27,已从教材PDF抽取待人工复核,字段来自教材PDF文本抽取，训练前仍需人工核对剂量与页码。,官方药典未命中,,,,桂枝汤,P.78,P.27,PDF页码+书内索引页码,索引页码定位,D1_formula_snippets\001_桂枝汤.txt
2,第1章 解表剂,麻黄汤,《伤寒论》,麻 黄去节，三两（9g） 桂枝去皮，二两（6g） 杏仁去皮尖，七十个（9g） 甘草炙，一两（3g）,上四味，以水九升，先煮麻黄，减二升，去上沫，内诸药，煮取二升半，去滓，温服八合。覆取微似汗，不须啜粥，余如桂枝法将息（现代用法：水煎服，温覆取微汗）。,发汗解表，宣肺平喘。,外感风寒表实证。恶寒发热，头身疼痛，无汗而喘，舌苔薄白，脉浮紧。,方中麻黄辛温，主入肺经，为发汗之峻剂，既开腠理、透毛窍，发汗以祛在表之风寒；又开宣肺气，宣散肺经风寒而平喘，为君药。风寒外束，卫闭营郁，仅以麻黄开表散寒，恐难解营郁之滞，遂臣以辛温而甘之桂枝解肌发表，通达营卫，既助麻黄发汗散寒之力，又可温通营卫之郁。麻黄、桂枝相须为用，发汗之力较强，可使风寒去而营卫和。肺主宣降，肺气郁闭，宣降失常，故又佐以杏仁利肺平喘，与麻黄相伍，一宣一降，以复肺气宣降之权而平喘，又使邪气去而肺气和。使以炙甘草，既调和……,麻桂相须，开腠畅营；麻杏相使，宣降相宜。,本方为辛温发汗之峻剂，当中病即止，不可过服。 柯琴指出：“此乃纯阳之剂，过于发散，如单刀直入之将，投之恰当，一战成功，不当则不戢而招祸。 故用之发表，可一而不可再。 ”（《伤寒来苏集》）对于“疮家”“淋家”“衄家”“亡血家”，以及外感表虚自汗、血虚而脉兼“尺中迟”、或误下而见“身重心悸”等，虽有表寒证，亦皆应禁用。,P.23,《方剂学》第十版（邓中甲主编，人民卫生出版社，2016，ISBN 9787117218900）；PDF页码 P.73；书内索引页码 P.23,已从教材PDF抽取待人工复核,字段来自教材PDF文本抽取，训练前仍需人工核对剂量与页码。,官方药典未命中,,,,麻黄汤,P.73,P.23,PDF页码+书内索引页码,索引页码定位,D1_formula_snippets\002_麻黄汤.txt
3,第1章 解表剂,九味羌活汤,张元素方，录自《此事难知》,羌活（9g） 防风（9g） 苍术（9g） 细辛（3g） 川芎（6g） 香白芷（6g） 生地黄（6g） 黄芩（6g） 甘草（6g）（原著本方无用量）,上 咀，水煎服。若急汗，热服，以羹粥投之；若缓汗，温服，而不用汤投之（现代用法：水煎服）。,发汗祛湿，兼清里热。,外感风寒湿邪，内有蕴热证。恶寒发热，无汗，头痛项强，肢体酸楚疼痛，口苦微渴，舌苔白或微黄，脉浮或浮紧。,方中羌活辛苦性温，气味雄烈，入太阳经，功擅解表寒，祛风湿，利关节，止痹痛，故为君药。防风辛甘性温，功善祛风，并能胜湿止痛；苍术辛苦而温，入太阴经，功善燥湿，并能祛风散寒，共助君药祛风散寒，除湿止痛，为臣药。细辛、白芷、川芎俱能祛风散寒。其中细辛主入少阴经，尤能止痛；白芷主入阳明经，兼可燥湿；川芎主入少阳、厥阴经，行气活血，宣痹止痛。此三味助君臣药祛风寒湿邪以除病因，畅行气血以解疼痛，共为佐药。生地、黄芩清泄里热，并防诸辛温燥烈之品助热伤……,主以辛温，少佐寒凉，六经分治。,,P.29,《方剂学》第十版（邓中甲主编，人民卫生出版社，2016，ISBN 9787117218900）；PDF页码 P.81；书内索引页码 P.29,注意/禁忌待补核,教材正文未抽到明确注意/禁忌句，需人工补核。,官方药典有候选命中,九味羌活丸,中华人民共和国药典：2020年版．一部 P.550 entryId=734,【处方】羌活150g防风150g苍术150g细辛50g川芎100g白芷100g黄芩100g甘草100g地黄100g【制法】以上九味，粉碎成细粉，过筛，混匀，用水泛丸，干燥，即得。,九味羌活汤,P.81,P.29,PDF页码+书内索引页码,索引页码定位,D1_formula_snippets\003_九味羌活汤.txt
4,第1章 解表剂,香苏散,《太平惠民和剂局方》,香附子炒香，去毛 紫苏叶各四两（12g） 甘草炙，一两（3g） 陈皮不去白，二两（6g）,上为粗末。每服三钱（9g），水一盏，煎七分，去滓，热服，不拘时候，日三服。若作细末，只服二钱（6g），入盐点服（现代用法：作汤剂，水煎服）。,疏散风寒，理气和中。,外感风寒，气郁不舒证。恶寒身热，头痛无汗，胸脘痞闷，不思饮食，舌苔薄白，脉浮。,本方苏叶辛温，归肺、脾二经，既可解表散寒，又能理气宽中，一药两用，切中病机，用为君药。香附辛苦甘平，行气解郁，是为臣药。君臣相伍，苏叶得香附之助，则调畅气机之功著；香附借苏叶之升散，则可上行外达以祛邪，此即李时珍所谓香附生用“则上行胸膈，外达皮肤……得紫苏、葱白则能解散邪气。”（《本草纲目》卷十四）胸脘痞闷，虽因于气郁，但亦与湿滞有关，故佐用陈皮理气燥湿，一可助君臣行气以除气滞，二可燥湿以针对气滞所致津停。甘草健脾和中，与香附、陈皮相合……,辛温疏表与理气行滞相伍，表里同治，重在解表。,,P.30,《方剂学》第十版（邓中甲主编，人民卫生出版社，2016，ISBN 9787117218900）；PDF页码 P.83；书内索引页码 P.30,注意/禁忌待补核,教材正文未抽到明确注意/禁忌句，需人工补核。,官方药典有候选命中,品名目次,中华人民共和国药典：2020年版．一部 P.30 entryId=2278,…1424神香苏合丸…1424除湿白带丸…1425十画　珠蚕都荷桂桔根速唇夏热柴致逍蚝钻铁积射健脂脏脑狼疳益烧宽凉消润烫诺调通桑珠黄吹喉散…1426珠黄散…1426蚕蛾公补片…1427都梁丸…1428都梁软胶囊,香苏散,P.83,P.30,PDF页码+书内索引页码,索引页码定位,D1_formula_snippets\004_香苏散.txt
5,第1章 解表剂,小青龙汤,《伤寒论》,麻黄去节，三两（9g） 芍药三两（9g） 细辛三两（3g） 干姜三两（6g） 甘草炙，三两（6g） 桂枝去皮，三两（9g） 五味子半升（9g） 半夏洗，半升（9g）,上八味，以水一斗，先煮麻黄，减二升，去上沫，内诸药，煮取三升，去滓，温服一升（现代用法：水煎服）。,解表散寒，温肺化饮。,外寒内饮证。恶寒发热，头身疼痛，无汗，喘咳，痰涎清稀而量多，胸痞，或干呕，或痰饮喘咳，不得平卧，或身体疼重，头面四肢浮肿，舌苔白滑，脉浮。,方以辛温之麻黄、桂枝相须为君，发汗解表，且麻黄兼能开宣肺气以解喘咳之证，桂枝化气行水以利内饮之化。臣用辛热之干姜、辛温之细辛，温肺化饮，兼协麻黄、桂枝解表祛邪。佐用辛苦而温之半夏，燥湿化痰，和胃降逆。然素有痰饮，脾肺本虚，纯用辛温，恐辛散耗气，温燥伤津，故伍酸甘之五味子敛肺止咳、芍药和营养血，二药与辛散之品相配，既令散中有收，以利肺气开阖，增强止咳平喘之功，又可防诸辛散温燥之药耗气伤津之虞，亦为佐药。炙甘草益气和中，兼调和辛散酸收之性……,辛散与酸收相配，散中有收；温化与敛肺相伍，开中有合。,,P.31,《方剂学》第十版（邓中甲主编，人民卫生出版社，2016，ISBN 9787117218900）；PDF页码 P.85；书内索引页码 P.31,注意/禁忌待补核,教材正文未抽到明确注意/禁忌句，需人工补核。,官方药典未命中,,,,小青龙汤,P.85,P.31,PDF页码+书内索引页码,索引页码定位,D1_formula_snippets\005_小青龙汤.txt
6,第1章 解表剂,止嗽散,《医学心悟》,桔梗炒 荆芥 紫菀蒸 百部蒸 白前蒸，各二斤（各12g） 甘草炒，十二两（4g） 陈皮水洗，去白，一斤（6g）,上为末。每服三钱（9g），开水调下，食后临卧服。初感风寒，生姜汤调下（现代用法：作汤剂，水煎服）。,宣利肺气，疏风止咳。,风邪犯肺之咳嗽证。咳嗽咽痒，咯痰不爽，或微恶风发热，舌苔薄白，脉浮缓。,方中紫菀、百部甘苦而微温，专入肺经，为止咳化痰要药，对于新久咳嗽皆宜，故共用为君。桔梗苦辛而性平，善于宣肺止咳；白前辛苦微温，长于降气化痰。两者协同，一宣一降，以复肺气之宣降，合君药则止咳化痰之力尤佳，共为臣药。荆芥辛而微温，疏风解表，以祛在表之余邪；陈皮行气化痰，二者共为佐药。甘草合桔梗以利咽止咳，兼能调和诸药，是为佐使之用。诸药配伍，肺气得宣，外邪得散，则咳痰咽痒得瘥。诚如《医学心悟》所谓：“本方温润和平，不寒不热，既无攻击过当之虞……,温润平和，不寒不热；重在治肺，兼解表邪。,,P.33,《方剂学》第十版（邓中甲主编，人民卫生出版社，2016，ISBN 9787117218900）；PDF页码 P.87；书内索引页码 P.33,注意/禁忌待补核,教材正文未抽到明确注意/禁忌句，需人工补核。,未在前次药典P0覆盖表中,,,,止嗽散,P.87,P.33,PDF页码+书内索引页码,索引页码定位,D1_formula_snippets\006_止嗽散.txt
7,第1章 解表剂,银翘散,《温病条辨》,连翘一两（30g） 银花一两（30g） 苦桔梗六钱（18g） 薄荷六钱（18g） 竹叶四钱（12g） 生甘草五钱（15g） 芥穗四钱（12g） 淡豆豉五钱（15g） 牛蒡子六钱（18g）,上为散。每服六钱（18g），鲜苇根汤煎，香气大出，即取服，勿过煮。肺药取轻清，过煮则味厚入中焦矣。病重者，约二时一服，日三服，夜一服；轻者，三时一服，日二服，夜一服；病不解者，作再服（现代用法：作汤剂，加芦根18g，水煎服）。,辛凉透表，清热解毒。,温病初起。发热，微恶风寒，无汗或有汗不畅，口渴头痛，咽痛咳嗽，舌尖红，苔薄白或薄黄，脉浮数。,方中重用银花、连翘为君，二药气味芳香，既能疏散风热、清热解毒，又可辟秽化浊，在透散卫分表邪的同时，兼顾温热病邪易蕴而成毒及多挟秽浊之气的特点。薄荷、牛蒡子味辛而性凉，功善疏散上焦风热，兼可清利头目，解毒利咽；风温之邪居卫，恐惟用辛凉难开其表，遂入辛而微温之荆芥穗、淡豆豉协君药开皮毛以解表散邪，俱为臣药。芦根、竹叶清热生津；桔梗合牛蒡子宣肃肺气而止咳利咽，同为佐药。生甘草合桔梗利咽止痛，兼可调和药性，是为佐使。是方所用药物均系轻清之品，加……,辛凉与辛温相伍，主以辛凉；疏散与清解相配，疏清兼顾。,每服六钱（18g），鲜苇根汤煎，香气大出，即取服，勿过煮。 方中药物多为芳香轻宣之品，不宜久煎，“过煮则味厚而入中焦矣”。,P.34,《方剂学》第十版（邓中甲主编，人民卫生出版社，2016，ISBN 9787117218900）；PDF页码 P.90；书内索引页码 P.34,已从教材PDF抽取待人工复核,字段来自教材PDF文本抽取，训练前仍需人工核对剂量与页码。,官方药典精确命中,银翘散,中华人民共和国药典：2020年版．一部 P.1676 entryId=1975,【处方】金银花100g连翘100g桔梗60g薄荷60g淡豆豉50g淡竹叶40g牛蒡子60g荆芥40g芦根100g甘草40g【制法】以上十味，粉碎成细粉，过筛，混匀，即得。【性状】本品为棕黄色的粉末；气特异，味微甘而凉。【鉴别】（1）取本品，置显微镜下观察：花粉粒类球形，直径约至76μm，外壁有刺状雕纹，具三个萌发孔（金银花）。内果皮纤维上下层纵横交错，纤维短梭形（连翘）。联结乳管直径14～25μm，含淡黄色细颗粒状物（桔梗）。非腺毛，多碎断，完整者1～8细胞，常弯曲，直径10～43μm，壁厚，微具疣状突起（薄荷）。,银翘散,P.90,P.34,PDF页码+书内索引页码,全文标题定位,D1_formula_snippets\007_银翘散.txt
8,第1章 解表剂,桑菊饮,《温病条辨》,桑叶二钱五分（7.5g） 菊花一钱（3g） 杏仁二钱（6g） 连翘一钱五分（5g） 薄荷八分（2.5g） 苦桔梗二钱（6g） 生甘草八分（2.5g） 苇根二钱（6g）,水二杯，煮取一杯，日二服（现代用法：水煎温服）。,疏风清热，宣肺止咳。,风温初起，邪客肺络证。但咳，身热不甚，口微渴，脉浮数。,方中桑叶甘苦性凉，善走肺络，疏散风热，又清宣肺热而止咳嗽；菊花辛甘性寒，疏散风热，又清利头目而肃肺。二药相须，直走上焦，协同为用，以疏散肺中风热见长，共为君药。杏仁苦降，肃降肺气；桔梗辛散，开宣肺气，相须为用，一宣一降，以复肺之宣降功能而止咳，共为臣药。薄荷辛凉解表，助君药疏散风热之力；连翘透邪解毒；芦根清热生津，共为佐药。甘草调和诸药为使。诸药相伍，使上焦风热得以疏散，肺气得以宣降，则表证解，咳嗽止。,轻清疏风以解表，辛苦宣肃以止咳。,,P.35,《方剂学》第十版（邓中甲主编，人民卫生出版社，2016，ISBN 9787117218900）；PDF页码 P.92；书内索引页码 P.35,注意/禁忌待补核,教材正文未抽到明确注意/禁忌句，需人工补核。,官方药典有候选命中,桑菊感冒片,中华人民共和国药典：2020年版．一部 P.1634 entryId=1931,【处方】桑叶465g菊花185g连翘280g薄荷素油1ml苦杏仁370g桔梗370g甘草150g芦根370g【制法】以上八味，除薄荷素油外，桔梗粉碎成细粉；连翘提取挥发油；药渣与其余桑叶等五味加水煎煮二次（苦杏仁压榨去油后，在水沸时加入），每次2小时，合并煎液，滤过，滤液浓缩成稠膏，加入桔梗细粉及适量辅料，混匀，制成颗粒，干燥，放冷，喷加薄荷素油和连翘挥发油，混匀，压制成1000片，或包糖衣或薄膜衣，即得。【性状】本品为浅棕色至棕褐色的片；或为糖衣片或薄膜衣片，除去包衣后显浅棕色至棕褐色；气微香，味微苦。【鉴别】（,桑菊饮,P.92,P.35,PDF页码+书内索引页码,全文标题定位,D1_formula_snippets\008_桑菊饮.txt
9,第1章 解表剂,败毒散,《太平惠民和剂局方》,柴胡去苗 甘草 桔梗 人参去芦 川芎 茯苓去皮 枳壳去瓤，麸炒 前胡去苗，洗 羌活去苗 独活去苗，各三十两（各9g）,为粗末。每服二钱（6g），水一盏，入生姜、薄荷各少许，同煎七分，去滓，不拘时候，寒多则热服，热多则温服（现代用法：加生姜3g，薄荷2g，水煎服）。,散寒祛湿，益气解表。,气虚外感风寒湿证。憎寒壮热，头项强痛，肢体酸痛，无汗，鼻塞声重，咳嗽有痰，胸膈痞满，舌苔白腻，脉浮而重按无力。,方中羌活、独活并用，祛风散寒，除湿止痛，通治一身上下之风寒湿邪，共为君药。柴胡发散退热，助君解表；川芎行气活血，助君宣痹止痛，俱为臣药。桔梗宣肺，枳壳降气，前胡化痰，茯苓渗湿，升降相合，宽胸利气，化痰止咳，皆为佐药。佐入人参，意在扶助正气以鼓邪外出，并使祛邪不更伤正气，且可防邪复入。如喻昌所论：“……虚弱之体，必用人参三、五、七分，入表药中少助元气，以为祛邪之主，使邪气得药，一涌而出，全非补养虚弱之意也。”（《寓意草》）生姜、薄荷为引……,主辛温以解表，辅宣肃以止咳，佐益气以祛邪。,,P.41,《方剂学》第十版（邓中甲主编，人民卫生出版社，2016，ISBN 9787117218900）；PDF页码 P.101；书内索引页码 P.41,注意/禁忌待补核,教材正文未抽到明确注意/禁忌句，需人工补核。,官方药典精确命中,败毒散,中华人民共和国药典：2020年版．一部 P.1193 entryId=1447,【功能与主治】发汗解表，散风祛湿。用于外感热病，憎寒壮热，项强头痛，四肢酸痛，噤口痢疾，无汗鼻塞，咳嗽有痰。【用法与用量】另加生姜、薄荷少许炖，取汤服。一次6～9g，一日1～2次。,败毒散（原名人参败毒散）,P.101,P.41,PDF页码+书内索引页码,全文标题定位,D1_formula_snippets\009_败毒散.txt
10,第1章 解表剂,参苏饮,《太平惠民和剂局方》,陈皮去白 枳壳去瓤，麸炒 桔梗去芦 甘草炙 木香各半两（6g） 半夏 紫苏用叶 干葛洗 前胡去苗 人参去芦 茯苓去皮，各三分（各9g）,上 咀。每服四钱（12g），水一盏半，姜七片，枣一个，煎六分，去滓，微热服，不拘时候（现代用法：加生姜7片，大枣1枚，水煎温服）。,益气解表，理气化痰。,气虚外感，内有痰湿证。恶寒发热，无汗，头痛鼻塞，咳嗽痰白，胸脘满闷，倦怠无力，气短懒言，苔白脉弱。,方中苏叶辛温，发散表邪，宣肺宽中，故为君药。臣以葛根助君药发散风寒，解肌舒筋。佐以半夏、前胡、桔梗化痰止咳；陈皮、木香、枳壳理气宽胸；脾为生湿生痰之源，茯苓健脾渗湿以治生痰之源。化痰与理气兼顾，既寓“治痰先治气”之意，又使升降复常，有助于表邪之宣散、肺气之开阖。更佐入人参益气扶正，既助解表，又使表药祛邪不伤正。炙甘草合茯苓、人参益气健脾，兼和诸药，为佐使。煎服时，少加生姜、大枣，可助发表、益脾。诸药相合，共奏益气解表、理气化痰之功。,散补同用，燥行合法，散不伤正，补不留邪，气顺痰消。,,P.42,《方剂学》第十版（邓中甲主编，人民卫生出版社，2016，ISBN 9787117218900）；PDF页码 P.102；书内索引页码 P.42,注意/禁忌待补核,教材正文未抽到明确注意/禁忌句，需人工补核。,官方药典有候选命中,本版药典（一部）新增品种名单,中华人民共和国药典：2020年版．一部 P.18 entryId=2275,老年咳喘片再造生血胶囊西汉养生口服液（滋肾健脑液）血栓通胶囊血滞通胶囊血塞通片血塞通胶囊血塞通颗粒壮腰健身丸安胎丸安脑片妇宁栓妇科止带胶囊妇科养荣丸妇康宝口服液（妇康宝合剂）芩暴红止咳分散片芪风固表颗粒芪明颗粒芪参益气滴丸芪珍胶囊芪黄通秘软胶囊芪蛭降糖片苏黄止咳胶囊杏苏止咳口服液杞菊地黄口服液连参通淋片补肾益精丸补虚通瘀颗粒坤宁口服液坤泰胶囊苦甘颗粒苦参软膏固肠止泻胶囊和血明目片和胃止泻胶囊金嗓开音颗粒金嗓清音胶囊金蝉止痒胶囊乳块消颗粒乳康颗粒参芪五味子颗粒参芪降糖片参芪降糖胶囊厚朴排气合剂胃疡宁丸复方双花口服液复,参苏饮,P.102,P.42,PDF页码+书内索引页码,全文标题定位,D1_formula_snippets\010_参苏饮.txt
11,第1章 解表剂,葛根汤,《伤寒论》,桂枝去皮，二两（6g） 芍药二两（6g） 生姜切，三两（9g） 甘草炙，二两（6g） 大枣擘，十二枚（6g） 葛根四两（12g）,上六味，以水一斗，先煮葛根，减二升，内诸药，煮取三升，去滓，温服一升。覆取微似汗，不须啜粥，余如桂枝法将息及禁忌。,解肌发表，升津舒筋。,风寒客于太阳经输，营卫不和证。症见桂枝汤证兼项背强而不舒者。,,,,PDF P.78,《方剂学》第十版（邓中甲主编，人民卫生出版社，2016，ISBN 9787117218900）；PDF页码 P.78,注意/禁忌待补核,教材正文未抽到明确注意/禁忌句，需人工补核。,官方药典精确命中,葛根汤颗粒,中华人民共和国药典：2020年版．一部 P.1760 entryId=2066,【处方】葛根667g麻黄500g白芍334g桂枝334g甘草334g大枣1222g生姜500g【制法】以上七味，取葛根、麻黄加水温浸30分钟，与其余白芍等五味，加水煎煮二次，每次30分钟，合并煎液，滤过,葛根汤,P.78,,PDF页码,附方段落定位,D1_formula_snippets\011_葛根汤.txt
12,第1章 解表剂,大青龙汤,《伤寒论》,麻黄去节，六两（12g） 桂枝二两（6g） 甘草炙，二两（6g） 杏仁去皮尖，四十粒（6g） 石膏如鸡子大，碎（18g） 生姜三两（9g） 大枣十二枚，擘（6g）,上七味，以水九升，先煮麻黄，减二升，去上沫，内诸药，煮取三升，去滓，温服一升，取微似汗。汗出多者，温粉扑之。一服汗者，停后服。若复服，汗多亡阳，遂虚，恶风烦躁，不得眠也（现代用法：水煎温服，取微汗）。,发汗解表，兼清里热。,1.外感风寒，内有郁热证。恶寒发热，头身疼痛，不汗出而烦躁，脉浮紧。2.溢饮。身体疼重，或四肢浮肿，恶寒身热，无汗，烦躁，脉浮紧。,方中麻黄为君，发汗解表、宣肺平喘、利水消肿，其量为麻黄汤之倍，则开泄腠理，发汗散寒之力尤峻。桂枝辛温，解肌发汗，助麻黄解表而和营卫；石膏辛甘而寒，清里热并透郁热，二者同为臣药。麻黄得石膏，辛温发表而无助热之弊；石膏得麻黄，大寒清热而无凉遏之虞。杏仁降利肺气，与麻黄相合，宣降肺气，以适肺性；生姜、大枣合用则和脾胃、调营卫，兼助解表、益汗源，共为佐药。甘草益气和中，既缓辛温峻散之力，又调和诸药，且防石膏寒凉伤中，为佐使药。诸药同用，发汗散寒……,寒温并用，表里同治，重在辛温发汗。,表虚者，不可用，故原书强调：“若脉微弱，汗出恶风者，不可服。 ”本方发汗之功居解表诸方之冠，故“一服得汗者，停后服”，以防过剂,P.25,《方剂学》第十版（邓中甲主编，人民卫生出版社，2016，ISBN 9787117218900）；PDF页码 P.76；书内索引页码 P.25,已从教材PDF抽取待人工复核,字段来自教材PDF文本抽取，训练前仍需人工核对剂量与页码。,未在前次药典P0覆盖表中,,,,大青龙汤,P.76,P.25,PDF页码+书内索引页码,索引页码定位,D1_formula_snippets\012_大青龙汤.txt
13,第2章 泻下剂,大承气汤,《伤寒论》,大黄酒洗，四两（12g） 厚朴去皮，炙，半斤（24g） 枳实炙，五枚（12g） 芒硝三合（9g）,上四味，以水一斗，先煮二物，取五升，去滓，内大黄，更煮取二升，去滓，内芒硝，更上微火一两沸，分温再服，得下，余勿服（现代用法：水煎服。先煎枳实、厚朴，后下大黄，溶服芒硝）。,峻下热结。,1.阳明腑实证。大便不通，频转矢气，脘腹痞满，腹痛拒按，按之硬，甚或潮热谵语，手足濈然汗出，舌苔黄燥起刺，或焦黑燥裂，脉沉实。2.热结旁流证。下利清水，色纯青，其气臭秽，脐腹疼痛，按之坚硬有块，口舌干燥，脉滑实。3.里实热证而见热厥、痉病、发狂者。,方中大黄苦寒泻热，攻积通便，荡涤肠胃邪热积滞，用为君药。芒硝咸苦而寒，泻热通便，润燥软坚，协大黄则峻下热结之力尤增，以为臣药。芒硝、大黄合用，既可苦寒泻下，又能软坚润燥，泻热推荡之力颇峻。积滞内阻，致使腑气不通，则内结之实热积滞，恐难速下，故本方重用厚朴亦为君药，行气消胀除满。即柯琴《伤寒来苏集》所谓：“由于气之不顺，故攻积之剂必用行气之药以主之……厚朴倍大黄，是气药为君，名大承气。”臣以枳实下气开痞散结，助厚朴行气而除痞满。二者与大黄……,苦辛通降与咸寒合法，泻下与行气并重，相辅相成。,上四味，以水一斗，先煮二物，取五升，去滓，内大黄，更煮取二升，去滓，内芒硝，更上微火一两沸，分温再服，得下，余勿服（现代用法：水煎服。 ”本方药力峻猛，应中病即止，慎勿过剂。,P.47,《方剂学》第十版（邓中甲主编，人民卫生出版社，2016，ISBN 9787117218900）；PDF页码 P.111；书内索引页码 P.47,已从教材PDF抽取待人工复核,字段来自教材PDF文本抽取，训练前仍需人工核对剂量与页码。,官方药典有候选命中,大青盐,中华人民共和国药典：2020年版．一部 P.72 entryId=29,本品为卤化物类石盐族湖盐结晶体，主含氯化钠（NaCl）。自盐湖中采挖后，除去杂质，干燥。【性状】本品为立方体、八面体或菱形的结晶，有的为歪晶，直径0.5～1.5cm。白色或灰白色，半透明，具玻璃样光泽。质硬，易砸碎，断面光亮。气微，味咸、微涩苦。【鉴别】（1）取本品粉末0.1g，加水5ml使溶解，加硝酸银试液1滴，即生成白色沉淀。（2）取铂丝，用盐酸湿润后，蘸取少许供试品粉末，在无色火焰中燃烧，火焰即显鲜黄色。【含量测定】取本品细粉约0.15g，精密称定，置锥形瓶中，加水50ml溶解，加2%糊精溶液10ml、碳酸钙,大承气汤,P.111,P.47,PDF页码+书内索引页码,全文标题定位,D1_formula_snippets\013_大承气汤.txt
14,第2章 泻下剂,小承气汤,《伤寒论》,大黄酒洗，四两（12g） 厚朴去皮，炙，二两（6g） 枳实炙，大者三枚 （9g）,以水四升，煮取一升二合，去滓，分温二服。初服汤，当更衣，不尔者，尽饮之。若更衣者，勿服之。,轻下热结。,阳明腑实证。症见谵语，便秘，潮热，胸腹痞满，舌苔老黄，脉滑而疾；或痢疾初起，腹中胀痛，里急后重等。,,,,P.48,《方剂学》第十版（邓中甲主编，人民卫生出版社，2016，ISBN 9787117218900）；PDF页码 P.111；书内索引页码 P.48,注意/禁忌待补核,教材正文未抽到明确注意/禁忌句，需人工补核。,官方药典有候选命中,小青龙颗粒,中华人民共和国药典：2020年版．一部 P.644 entryId=842,【处方】麻黄154g桂枝154g白芍154g干姜154g细辛77g炙甘草154g法半夏231g五味子154g【制法】以上八味，细辛、桂枝提取挥发油，蒸馏后的水溶液另器收集；药渣与白芍、麻黄、五味子、炙甘草加水煎煮二次，第一次2小时，第二次1.5小时，合并煎液，滤过，滤液与蒸馏后的水溶液合并，浓缩至约1000ml；法半夏、干姜粉碎成粗粉，用70%乙醇作溶剂，浸渍24小时后进行渗漉，收集渗漉液，回收乙醇，与上述药液合并，静置，滤过，滤液浓缩至适量，喷雾干燥，加乳糖适量，混匀，喷加细辛和桂枝的挥发油，混匀，制成颗粒461,小承气汤,P.111,P.48,PDF页码+书内索引页码,附方段落定位,D1_formula_snippets\014_小承气汤.txt
15,第2章 泻下剂,调胃承气汤,《伤寒论》,大黄去皮，清酒洗，四两（12g） 甘草炙，二两（6g） 芒硝半升（12g）,以水三升，煮二物至一升，去滓，内芒硝，更上微火一二沸，温顿服之，以调胃气。,缓下热结。,阳明病，胃肠燥热证。症见大便不通，口渴心烦，蒸蒸发热，或腹中胀满，舌苔黄，脉滑数；以及胃肠热盛而致发斑吐衄，口齿咽喉肿痛等。,,,,P.48,《方剂学》第十版（邓中甲主编，人民卫生出版社，2016，ISBN 9787117218900）；PDF页码 P.111；书内索引页码 P.48,注意/禁忌待补核,教材正文未抽到明确注意/禁忌句，需人工补核。,官方药典有候选命中,香苏调胃片,中华人民共和国药典：2020年版．一部 P.1336 entryId=1600,【处方】广藿香60g香薷96g木香15g紫苏叶120g姜厚朴60g砂仁15g麸炒枳壳15g陈皮30g茯苓15g炒山楂15g炒麦芽15g白扁豆（去皮）48g葛根15g甘草8g六神曲（麸炒）15g生姜30g【制法】以上十六味，六神曲（麸炒）、炒麦芽、麸炒枳壳、姜厚朴、砂仁、白扁豆（去皮）粉碎成细粉；广藿香、陈皮分别蒸馏提取挥发油，蒸馏后的水溶液合并，备用；炒山楂、葛根、甘草加水煎煮三次，第一次3小时，第二次1小时，第三次0.5小时，滤过，滤液合并，备用；紫苏叶、香薷加水热浸三次，第一次2小时、第二次1小时，第三次0.5,调胃承气汤,P.111,P.48,PDF页码+书内索引页码,附方段落定位,D1_formula_snippets\015_调胃承气汤.txt
16,第2章 泻下剂,温脾汤,《备急千金要方》卷十三,当归 干姜各三两（各9g） 附子 人参 芒硝各二两（各6g） 大黄五两（15g） 甘草二两（6g）,上七味， 咀，以水七升，煮取三升，分服，日三（现代用法：水煎服，后下大黄）。,攻下冷积，温补脾阳。,阳虚冷积证。便秘腹痛，脐周绞痛，手足不温，苔白不渴，脉沉弦而迟。,方中附子大辛大热，温脾阳以散寒凝；大黄苦寒沉降，荡涤泻下而除积滞，二药相配，温下以攻逐寒积，共为君药。芒硝软坚，助大黄泻下攻积；干姜温中助阳，增附子祛寒温阳之力，均为臣药。脾阳虚弱，脾气亦惫，运化无力，故佐入人参、甘草补益脾气，且二者与附子、干姜相伍，有阳虚先益气之意。甘草尚能调药和中，又兼使药之能。当归为佐，养血润燥，既润肠以资泻下，又使泻下而不伤正。,辛热甘温咸寒合法，寓补于攻，温下相成。,,P.51；P.52,《方剂学》第十版（邓中甲主编，人民卫生出版社，2016，ISBN 9787117218900）；PDF页码 P.118；书内索引页码 P.51；P.52,同名/多出处需复核,方名索引存在多个页码/同名方，已抽取首个正文定位，需人工确认版本。；教材正文未抽到明确注意/禁忌句，需人工补核。,官方药典有候选命中,姜半夏,中华人民共和国药典：2020年版．一部 P.173 entryId=181,【性味与归经】辛，温。归脾、胃、肺经。【功能与主治】温中化痰，降逆止呕。用于痰饮呕吐，胃脘痞满。【用法与用量】3～9g。【注意】不宜与川乌、制川乌、草乌、制草乌、附子同用。【贮藏】置通风干燥处，防蛀。,温脾汤,P.118,P.51；P.52,PDF页码+书内索引页码,全文标题定位,D1_formula_snippets\016_温脾汤.txt
17,第2章 泻下剂,十枣汤,《伤寒论》,芫花熬 甘遂 大戟各等分,三味等分，各别捣为散。以水一升半，先煮大枣肥者十枚，取八合去滓，内药末。强人服一钱匕（2g），羸人服半钱（1g），温服之，平旦服。若下少病不除者，明日更服，加半钱。得快下利后，糜粥自养（现代用法：三药研细末，或装入胶囊，每次服0.5～1g，每日1次，以大枣10枚煎汤送服，清晨空腹服，得快下利后，糜粥自养）。,攻逐水饮。,1.悬饮。咳唾胸胁引痛，心下痞硬，干呕短气，头痛目眩，或胸背掣痛不得息，舌苔白滑，脉沉弦。2.水肿。一身悉肿，尤以身半以下为重，腹胀喘满，二便不利，脉沉实。,方中甘遂苦寒有毒，善行经隧之水湿；大戟苦寒，善泻脏腑之水邪；芫花辛温，善消胸胁伏饮痰癖。三药峻烈，各有所长，合而用之，峻泻攻逐，可使胸腹积水迅速逐出体外，共为君药。大枣煎汤送服，取其益脾缓中，防止逐水伤及脾胃，并缓和诸药毒性，使邪去而不伤正，且寓培土制水之意，用为佐使。《医方集解》载：“芫花、大戟性辛苦以逐水饮；甘遂苦寒，能直达水气所结之处，以攻决为用；三药过峻，故用大枣之甘以缓也，益土所以胜水，使邪从二便而出也。”,主以峻下逐水，佐以甘缓补中。,因其逐水之力峻猛，只宜暂用，不可久服； 孕妇忌服。,P.56,《方剂学》第十版（邓中甲主编，人民卫生出版社，2016，ISBN 9787117218900）；PDF页码 P.127；书内索引页码 P.56,已从教材PDF抽取待人工复核,字段来自教材PDF文本抽取，训练前仍需人工核对剂量与页码。,官方药典有候选命中,控涎丸,中华人民共和国药典：2020年版．一部 P.1654 entryId=1952,【用法与用量】用温开水或枣汤、米汤送服。一次1～3g，一日1～2次。【注意】孕妇忌服；体虚者慎用。【贮藏】密封。,十枣汤,P.127,P.56,PDF页码+书内索引页码,全文标题定位,D1_formula_snippets\017_十枣汤.txt
18,第3章 和解剂,小柴胡汤,《伤寒论》,柴胡半斤（24g） 黄芩三两（9g） 人参三两（9g ） 甘草炙，三两（9g） 半夏洗，半升（9g） 生姜切，三两（9g） 大枣擘，十二枚（4枚）,上七味，以水一斗二升，煮取六升，去滓，再煎，取三升，温服一升，日三服（现代用法：水煎服）。,和解少阳。,1.伤寒少阳证。往来寒热，胸胁苦满，默默不欲饮食，心烦喜呕，口苦，咽干，目眩，舌苔薄白，脉弦。2.妇人中风，热入血室。经水适断，寒热发作有时。3.疟疾、黄疸等病而见少阳证者。,方中柴胡苦平，入肝胆经，透泄少阳之邪，并能疏泄气机之郁滞，使少阳之邪得以疏散，为君药。黄芩苦寒，清泄少阳之热，为臣药。柴胡、黄芩相配伍，一散一清，恰入少阳，以解少阳之邪。胆气犯胃，胃失和降，佐以半夏、生姜和胃降逆止呕。邪从太阳传入少阳，缘于正气本虚，故又佐以人参、大枣益气补脾，一者取其扶正以祛邪，一者取其益气以御邪内传，俾正气旺盛，则邪无内向之机；参、枣与夏、姜相伍，以利中州气机之升降。炙甘草助参、枣扶正，且能调和诸药，用为佐使药。诸药……,透散清泄以和解，升清降浊兼扶正。,,P.62,《方剂学》第十版（邓中甲主编，人民卫生出版社，2016，ISBN 9787117218900）；PDF页码 P.136；书内索引页码 P.62,注意/禁忌待补核,教材正文未抽到明确注意/禁忌句，需人工补核。,官方药典有候选命中,小柴胡胶囊,中华人民共和国药典：2020年版．一部 P.653 entryId=852,【处方】柴胡445g姜半夏222g黄芩167g党参167g甘草167g生姜167g大枣167g【制法】以上七味，党参45g、甘草45g粉碎成细粉；剩余的党参与甘草、柴胡、黄芩、大枣加水煎煮二次，每次1.5小时，合并煎液，滤过，滤液浓缩至相对密度为1.05～1.10（80℃）的清膏；姜半夏、生姜用70%乙醇作溶剂，浸渍24小时后，缓缓渗漉，收集渗漉液1670ml，回收乙醇，与上述清膏合并，浓缩至相对密度为1.10～1.20（80℃）的稠膏，加入上述细粉及适量淀粉，混匀，干燥，粉碎成细粉，85%乙醇溶液制成颗粒，干燥，,小柴胡汤,P.136,P.62,PDF页码+书内索引页码,全文标题定位,D1_formula_snippets\018_小柴胡汤.txt
19,第3章 和解剂,大柴胡汤,《金匮要略》,柴胡半斤（24g） 黄芩三两（9g） 芍药三两（9g） 半夏洗，半升（9g） 枳实炙，四枚（9g） 大黄二两（6g） 大枣十二枚（4枚） 生姜五两（15g）,上八味，以水一斗二升，煮取六升，去滓，再煎，温服一升，日三服（现代用法：水煎服）。,和解少阳，内泻热结。,少阳阳明合病。往来寒热，胸胁苦满，呕不止，郁郁微烦，心下痞硬，或心下急痛，大便不解或协热下利，舌苔黄，脉弦数有力。,本方以和解少阳的小柴胡汤与轻下阳明热结的小承气汤合方加减而成。方中重用柴胡为君，疏解少阳之邪。臣以黄芩清泄少阳郁热，与柴胡相伍，和解清热，以解少阳之邪。轻用大黄、枳实泻热通腑，行气破结，内泻阳明热结，亦为臣药。芍药缓急止痛，与大黄相配可治腹中实痛，合枳实能调和气血，以除心下满痛；半夏和胃降逆，辛开散结；配伍大量生姜，既增止呕之功，又解半夏之毒，共为佐药。大枣和中益气，与生姜相配，调脾胃、和营卫，并调和诸药，为佐使药。诸药合用，既不悖少阳……,和下并用，主以和解少阳，辅以内泻热结，佐以缓急降逆。,,P.117,《方剂学》第十版（邓中甲主编，人民卫生出版社，2016，ISBN 9787117218900）；PDF页码 P.226；书内索引页码 P.117,注意/禁忌待补核,教材正文未抽到明确注意/禁忌句，需人工补核。,官方药典有候选命中,柴胡,中华人民共和国药典：2020年版．一部 P.342 entryId=442,【注意】大叶柴胡Bupleurum longiradiatum Turcz.的干燥根茎，表面密生环节，有毒，不可当柴胡用。【贮藏】置通风干燥处，防蛀。,大柴胡汤,P.226,P.117,PDF页码+书内索引页码,全文标题定位,D1_formula_snippets\019_大柴胡汤.txt
20,第3章 和解剂,蒿芩清胆汤,《通俗伤寒论》,青蒿脑钱半至二钱（4.5～6g） 淡竹茹三钱（9g） 仙半夏钱半（4.5g） 赤茯苓三钱（9g） 青子芩钱半至三钱（4.5g～9g） 生枳壳钱半（4.5g） 陈广皮钱半（4.5g） 碧玉散（滑石、甘草、青 黛）包，三钱（9g）,水煎服。,清胆利湿，和胃化痰。,少阳湿热痰浊证。寒热如疟，寒轻热重，口苦膈闷，吐酸苦水，或呕黄涎而黏，甚则干呕呃逆，胸胁胀痛，小便黄少，舌红苔白腻，间现杂色，脉数而右滑左弦。,本方为治少阳胆热偏重，兼有湿郁痰浊内阻之证。方中青蒿苦寒芳香，既清透少阳邪热，又辟秽化浊；黄芩苦寒，善清胆热，并能燥湿，两药相合，既可内清少阳湿热，又能透邪外出，共为君药。竹茹善清胆胃之热，化痰止呕；枳壳下气宽中，除痰消痞；半夏燥湿化痰，和胃降逆；陈皮理气化痰，宽胸畅膈，四药相伍，使热清湿化痰除，共为臣药。赤茯苓、碧玉散清热利湿，导湿热从小便而去，为佐使药。综合全方，可使胆热清，痰湿化，气机畅，胃气和，则诸症均解。,芳香清透以畅少阳之枢机，苦燥降利以化湿郁之痰浊。,,P.64,《方剂学》第十版（邓中甲主编，人民卫生出版社，2016，ISBN 9787117218900）；PDF页码 P.138；书内索引页码 P.64,注意/禁忌待补核,教材正文未抽到明确注意/禁忌句，需人工补核。,官方药典有候选命中,茵陈,中华人民共和国药典：2020年版．一部 P.299 entryId=373,【功能与主治】清利湿热，利胆退黄。用于黄疸尿少，湿温暑湿，湿疮瘙痒。【用法与用量】6～15g。外用适量，煎汤熏洗。【贮藏】置阴凉干燥处，防潮。,蒿芩清胆汤,P.138,P.64,PDF页码+书内索引页码,全文标题定位,D1_formula_snippets\020_蒿芩清胆汤.txt
21,第3章 和解剂,四逆散,《伤寒论》,甘草炙 枳实破，水渍，炙干 柴胡 芍药各十分（各6g）,上四味，各十分，捣筛，白饮和，服方寸匕，日三服（现代用法：水煎服）。,透邪解郁，疏肝理脾。,1.阳郁厥逆证。手足不温，或腹痛，或泄利下重，脉弦。2.肝脾不和证。胁肋胀痛，脘腹疼痛，脉弦。,方中柴胡入肝胆经，升发阳气，疏肝解郁，透邪外出，为君药。白芍敛阴，养血柔肝，为臣药，与柴胡合用，以补养肝血，条达肝气，可使柴胡升散而无耗伤阴血之弊；且二者恰适肝体阴用阳之性，为疏肝法之基本配伍。佐以枳实理气解郁，泄热破结，与柴胡为伍，一升一降，增舒畅气机之功，并奏升清降浊之效；与白芍相配，又能理气和血，使气血调和。甘草调和诸药，益脾和中。四药配伍，共奏透邪解郁、疏肝理脾之效，使邪去郁解，气血调畅，清阳得伸，四逆自愈。原方用白饮（米汤）和……,疏柔相合，以适肝性；升降同用，肝脾并调。,,P.66,《方剂学》第十版（邓中甲主编，人民卫生出版社，2016，ISBN 9787117218900）；PDF页码 P.142；书内索引页码 P.66,注意/禁忌待补核,教材正文未抽到明确注意/禁忌句，需人工补核。,官方药典有候选命中,四逆汤,中华人民共和国药典：2020年版．一部 P.878 entryId=1099,【功能与主治】温中祛寒，回阳救逆。用于阳虚欲脱，冷汗自出，四肢厥逆，下利清谷，脉微欲绝。【用法与用量】口服。一次10～20ml，一日3次；或遵医嘱。【规格】每支装10ml【贮藏】密封，置阴凉处。,四逆散,P.142,P.66,PDF页码+书内索引页码,全文标题定位,D1_formula_snippets\021_四逆散.txt
22,第3章 和解剂,逍遥散,《太平惠民和剂局方》,甘草微炙赤，半两（4.5g） 当归去苗，锉，微炒 茯苓去皮，白者 芍药白者 白术 柴胡去苗，各一两（各9g）,上为粗末，每服二钱（6g），水一大盏，烧生姜一块切破，薄荷少许，同煎至七分，去渣热服，不拘时候（现代用法：加生姜3片，薄荷6g，水煎服；丸剂，每服6～9g，日服2次）。,疏肝解郁，养血健脾。,肝郁血虚脾弱证。两胁作痛，头痛目眩，口燥咽干，神疲食少，或往来寒热，或月经不调，乳房胀痛，脉弦而虚。,方中以柴胡疏肝解郁，使肝郁得以条达，为君药。当归甘辛苦温，养血和血，且其味辛散，乃血中气药；白芍酸苦微寒，养血敛阴，柔肝缓急；归、芍与柴胡同用，补肝体而助肝用，使血和则肝和，血充则肝柔，共为臣药。木郁则土衰，肝病易传脾，故以白术、茯苓、甘草健脾益气，非但实土以御木乘，且使营血生化有源，共为佐药。用法中加薄荷少许，疏散郁遏之气，透达肝经郁热；烧生姜降逆和中，且能辛散达郁，亦为佐药。柴胡引药入肝，甘草调和药性，二者兼使药之用。全方深合《素问……,疏柔合法，肝脾同调，气血兼顾。,,P.67,《方剂学》第十版（邓中甲主编，人民卫生出版社，2016，ISBN 9787117218900）；PDF页码 P.143；书内索引页码 P.67,注意/禁忌待补核,教材正文未抽到明确注意/禁忌句，需人工补核。,官方药典有候选命中,逍遥胶囊,中华人民共和国药典：2020年版．一部 P.1513 entryId=1799,【处方】柴胡286g当归286g白芍286g炒白术286g茯苓286g炙甘草228.8g薄荷57.2g生姜286g【制法】以上八味，薄荷提取挥发油备用或用倍他环糊精包合，备用；蒸馏后的水溶液备用；药渣与其余柴胡等七味加水煎煮二次，第一次2小时，第二次1小时，煎液滤过，滤液与上述蒸馏后的水溶液合并，减压浓缩至相对密度为1.26～1.30（90℃）的稠膏，减压干燥，粉碎，薄荷挥发油用适量的微晶纤维素吸收后与干浸膏混匀，装入胶囊，制成1000粒〔规格（1）〕；或减压浓缩至相对密度为1.10～1.15（60℃）的清膏，喷雾,逍遥散,P.143,P.67,PDF页码+书内索引页码,全文标题定位,D1_formula_snippets\022_逍遥散.txt
23,第3章 和解剂,半夏泻心汤,《伤寒论》,半夏洗，半升（12g） 黄芩 干姜 人参各三两（各9g） 黄连一两（3g） 大枣擘，十二枚（4枚） 甘草炙，三两（9g）,上七味，以水一斗，煮取六升，去滓，再煎，取三升，温服一升，日三服（现代用法：水煎服）。,寒热平调，散结除痞。,寒热互结之痞证。心下痞，但满而不痛，或呕吐，肠鸣下利，舌苔腻而微黄。,方中以辛温之半夏为君，散结除痞，又善降逆止呕。臣以辛热之干姜温中散寒，以苦寒之黄芩、黄连泄热开痞。君臣相伍，寒热平调，辛开苦降。然寒热互结，又缘于中虚失运，升降失常，故以人参、大枣甘温益气，以补脾虚，为佐药。甘草补脾和中而调诸药，为佐使药。诸药相伍，使寒去热清，升降复常，则痞满可除，呕利自愈。,寒热平调以和阴阳，辛开苦降以调气机，补泻兼施以顾虚实。,,P.69,《方剂学》第十版（邓中甲主编，人民卫生出版社，2016，ISBN 9787117218900）；PDF页码 P.148；书内索引页码 P.69,注意/禁忌待补核,教材正文未抽到明确注意/禁忌句，需人工补核。,官方药典有候选命中,半夏,中华人民共和国药典：2020年版．一部 P.172 entryId=179,另取半夏对照药材1g，同法制成对照药材溶液。,半夏泻心汤,P.148,P.69,PDF页码+书内索引页码,全文标题定位,D1_formula_snippets\023_半夏泻心汤.txt
24,第4章 清热剂,白虎汤,《伤寒论》,石膏碎，一斤（50g） 知母六两（18g） 甘草炙，二两（6g） 粳米六合（9g）,上四味，以水一斗，煮，米熟汤成，去滓，温服一升，日三服（现代用法：水煎，米熟汤成，温服）。,清热生津。,气分热盛证。壮热面赤，烦渴引饮，汗出恶热，脉洪大有力。,方中重用石膏辛甘大寒，主入肺胃气分，善能清阳明气分大热，清热而不伤阴，并能止渴除烦，用为君药。臣以知母苦寒质润，“清肺胃气分之热，热去则津液不耗，而阴自潜滋暗长矣”（《重庆堂随笔》），既“佐石膏以扫炎熇”（《本草正义》），又滋阴润燥，救已伤之阴津，以止渴除烦。石膏配知母相须为用，清热除烦、生津止渴之力尤强，为治气分大热之最佳配伍。粳米、炙甘草益胃生津，缓石膏、知母苦寒重降之性，可防大寒伤中之弊，并留恋药气，均为佐药。炙甘草兼以调和诸药为……,重用辛寒清气，伍以苦寒质润，少佐甘温和中，则清不伤阴，寒不伤中。,“伤寒脉浮，发热无汗，其表不解者，不可与白虎汤。 ”（《伤寒论·辨太阳病脉证并治》）“白虎本为达热出表，若其人脉浮弦而细者，不可与也； 脉沉者，不可与也； 不渴者，不可与也； 汗不出者，不可与也。 常须识此，勿令误也。,P.72,《方剂学》第十版（邓中甲主编，人民卫生出版社，2016，ISBN 9787117218900）；PDF页码 P.152；书内索引页码 P.72,已从教材PDF抽取待人工复核,字段来自教材PDF文本抽取，训练前仍需人工核对剂量与页码。,官方药典有候选命中,四逆汤,中华人民共和国药典：2020年版．一部 P.878 entryId=1099,【处方】淡附片300g干姜200g炙甘草300g【制法】以上三味，淡附片、炙甘草加水煎煮二次，第一次2小时，第二次1.5小时，合并煎液，滤过；干姜用水蒸气蒸馏提取挥发油，挥发油和蒸馏后的水溶液备用；姜渣再加水煎煮1小时，煎液与上述水溶液合并，滤过，再与淡附片、炙甘草的煎液合并，浓缩至约400ml，放冷，加乙醇1200ml，搅匀，静置24小时，滤过，减压浓缩至适量，用适量水稀释，冷藏24小时，滤过，加单糖浆300ml、苯甲酸钠3g与上述挥发油，加水至1000ml，搅匀，灌封，灭菌，即得。【性状】本品为棕黄色的液体；气,白虎汤,P.152,P.72,PDF页码+书内索引页码,全文标题定位,D1_formula_snippets\024_白虎汤.txt
25,第4章 清热剂,竹叶石膏汤,《伤寒论》,竹叶二把（6g） 石膏一斤（50g） 半夏洗，半升（9g） 麦门冬去心，一升（20g） 人参二两（6g） 甘草炙，二两（6g） 粳米半升（10g）,上七味，以水一斗，煮取六升，去滓，内粳米，煮米熟汤成，去米，温服一升，日三服（现代用法：水煎服）。,清热生津，益气和胃。,伤寒、温病、暑病余热未清，气阴两伤证。身热多汗，心胸烦闷，气逆欲呕，口干喜饮，虚羸少气，或虚烦不寐，舌红苔少，脉虚数。,方中石膏清热生津，除烦止渴，为君药。人参益气生津；麦冬养阴生津清热，二者气阴双补，共为臣药。君臣相合，清补并行。半夏降逆和胃止呕，其性虽温，但与倍量之麦冬相伍，则温燥之性去而降逆之用存，且亦使人参、麦冬补而不滞；竹叶清热除烦；粳米、甘草养胃和中，与半夏相合可防石膏寒凉伤胃，与人参相伍可益脾养胃，共为佐药。甘草调和诸药，兼为使药。诸药相伍，共奏清热生津、益气和胃之效。本方由白虎汤去知母，加竹叶、半夏、麦门冬、人参组成，正如《医宗金鉴》所言……,辛甘大寒与甘寒甘温合为清补之剂，清而不寒，补而不滞。,,P.74,《方剂学》第十版（邓中甲主编，人民卫生出版社，2016，ISBN 9787117218900）；PDF页码 P.154；书内索引页码 P.74,注意/禁忌待补核,教材正文未抽到明确注意/禁忌句，需人工补核。,官方药典有候选命中,鼻窦炎口服液,中华人民共和国药典：2020年版．一部 P.1892 entryId=2208,注：竹叶柴胡　为伞形科植物竹叶柴胡Bupleurum marginatum Wall.ex DC.的干燥全草。,竹叶石膏汤,P.154,P.74,PDF页码+书内索引页码,全文标题定位,D1_formula_snippets\025_竹叶石膏汤.txt
26,第4章 清热剂,清营汤,《温病条辨》,犀角三钱（水牛角代，30g） 生地黄五钱（15g） 元参三钱（9g） 竹叶心一钱（3g） 麦冬三钱（9g） 丹参二钱（6g） 黄连一钱五分（5g） 银花三钱（9g） 连翘连心用，二钱（6g）,上药，水八杯，煮取三杯，日三服（现代用法：作汤剂，水牛角镑片先煎，后下余药）。,清营解毒，透热养阴。,热入营分证。身热夜甚，神烦少寐，时有谵语，目常喜开或喜闭，口渴或不渴，斑疹隐隐，脉细数，舌绛而干。,方用苦咸寒之犀角（现用水牛角代）清解营分之热毒，为君药。热伤营阴，又以生地黄清热凉血养阴，麦冬清热养阴生津，玄参滋阴降火解毒，三药既可甘寒养阴保津，又可助君药清营凉血解毒，共为臣药。君臣相配，苦咸寒与甘寒并用，清营热而养营阴，祛邪扶正兼顾。温邪初入营分，尚有外泄之机，故用银花、连翘清热解毒，轻清透泄，促使营分热邪向外从气分透泄而解，此即叶桂所云“入营犹可透热转气”；竹叶清心除烦，黄连清心解毒；丹参清热凉血，并能活血散瘀，可防热与血结，深……,辛苦甘寒以滋养清解，透热转气以入营清散。,原著云：“舌白滑者，不可与也。 ”并在该条自注中又云“舌白滑，不惟热重，湿亦重矣，湿重忌柔润药”，以防滋腻而助湿留邪。,P.75,《方剂学》第十版（邓中甲主编，人民卫生出版社，2016，ISBN 9787117218900）；PDF页码 P.157；书内索引页码 P.75,已从教材PDF抽取待人工复核,字段来自教材PDF文本抽取，训练前仍需人工核对剂量与页码。,官方药典有候选命中,玄明粉,中华人民共和国药典：2020年版．一部 P.170 entryId=175,【功能与主治】泻下通便，润燥软坚，清火消肿。用于实热积滞，大便燥结，腹满胀痛；外治咽喉肿痛，口舌生疮，牙龈肿痛，目赤，痈肿，丹毒。【用法与用量】3～9g，溶入煎好的汤液中服用。外用适量。,清营汤,P.157,P.75,PDF页码+书内索引页码,全文标题定位,D1_formula_snippets\026_清营汤.txt
27,第4章 清热剂,犀角地黄汤,《外台秘要》,芍药三分（9g） 地黄半斤（24g） 丹皮一两（12g） 犀角屑一两（水牛角代，30g）,上四味切，以水一斗，煮取四升，去滓，温服一升，日二三服（现代用法：作汤剂，水煎服，水牛角镑片先煎，余药后下）。,清热解毒，凉血散瘀。,热入血分证。身热谵语，斑色紫黑，或吐血、衄血、便血、尿血，舌深绛起刺，脉数；或喜忘如狂，或漱水不欲咽，或大便色黑易解。,方用苦咸寒之犀角（现用水牛角代）为君，直入血分，凉血清心而解热毒，使热清毒解血宁。臣以甘苦寒之生地黄，清热凉血养阴，既助君药清热凉血，又复已失之阴血。君臣相伍，以清为主，兼以补固。芍药、丹皮为佐，清热凉血，活血散瘀，可收化斑之功。四药相配，共成清热解毒、凉血散瘀之剂。,咸苦甘寒，直入血分，清中有养，无耗血之弊；凉血散血，无留瘀之患。,,P.76,《方剂学》第十版（邓中甲主编，人民卫生出版社，2016，ISBN 9787117218900）；PDF页码 P.158；书内索引页码 P.76,注意/禁忌待补核,教材正文未抽到明确注意/禁忌句，需人工补核。,官方药典有候选命中,盐酸地尔硫片,中华人民共和国药典：2020年版．二部 P.1163 entryId=3806,【鉴别】（1）取本品的细粉适量（约相当于盐酸地尔硫60mg），加盐酸溶液（9→100）10ml，振摇使盐酸地尔硫溶解，滤过，滤液照盐酸地尔硫项下的鉴别（1）项试验，显相同的反应。,犀角地黄汤,P.158,P.76,PDF页码+书内索引页码,全文标题定位,D1_formula_snippets\027_犀角地黄汤.txt
28,第4章 清热剂,黄连解毒汤,《外台秘要》,黄连三两（9g） 黄芩 黄柏各二两（各6g） 栀子擘，十四枚（9g）,上四味切，以水六升，煮取二升，分二服（现代用法：水煎服）。,泻火解毒。,三焦火毒热盛证。大热烦躁，口燥咽干，错语不眠；或热病吐血、衄血；或热甚发斑，或身热下痢，或湿热黄疸；或外科痈疡疔毒，小便黄赤，舌红苔黄，脉数有力。,方中以黄连为君，既入上焦以清泻心火，盖因心为君火之脏，泻火必先清心，心火宁，则诸经之火自降；又入中焦，泻中焦之火。臣以黄芩清上焦之火，黄柏泻下焦之火。栀子清泻三焦之火，导热下行，用为佐使。诸药相伍，共奏泻火解毒之效。根据《素问·至真要大论》中“诸痛痒疮，皆属于心”之论，本方对于热毒壅聚肌腠之痈肿疔毒，亦可泻心火、解热毒而治之。,苦寒直折，泻火解毒，三焦并清。,本方为大苦大寒之剂，久服或过量服用易伤脾胃，故非火盛者不宜使用。,P.77,《方剂学》第十版（邓中甲主编，人民卫生出版社，2016，ISBN 9787117218900）；PDF页码 P.161；书内索引页码 P.77,已从教材PDF抽取待人工复核,字段来自教材PDF文本抽取，训练前仍需人工核对剂量与页码。,官方药典有候选命中,黄连胶囊,中华人民共和国药典：2020年版．一部 P.1648 entryId=1946,本品每粒含黄连以盐酸小檗碱（C20H17NO4·HCl）计，不得少于9.0mg。【功能与主治】清热燥湿，泻火解毒。,黄连解毒汤,P.161,P.77,PDF页码+书内索引页码,全文标题定位,D1_formula_snippets\028_黄连解毒汤.txt
29,第4章 清热剂,龙胆泻肝汤,《医方集解》,龙胆草酒炒（6g） 黄芩炒（9g） 栀子酒炒（9g） 泽泻（12g） 木通（6g） 车前子（9g） 当归酒洗（3g） 生地黄酒炒（9g） 柴胡（6g） 甘草生用（6g）（原著本方无用量）,水煎服；亦可制成丸剂，每服6～9g，日二次，温开水送下。,清泻肝胆实火，清利肝经湿热。,1.肝胆实火上炎证。头痛目赤，胁痛，口苦，耳聋，耳肿，舌红苔黄，脉弦数有力。2.肝经湿热下注证。阴肿，阴痒，筋痿，阴汗，小便淋浊，或妇女带下黄臭，舌红苔黄腻，脉弦数有力。,方中龙胆草大苦大寒，既能泻肝胆实火，又能利肝胆湿热，泻火除湿，两擅其功，故为君药。黄芩、栀子苦寒泻火，燥湿清热，增君药泻火除湿之力，用以为臣。泽泻、木通、车前子渗湿泄热，导肝经湿热从水道而去。肝乃藏血之脏，若为实火所伤，阴血亦随之消灼，且方中诸药以苦燥渗利伤阴之品居多，故用当归、生地养血滋阴，使邪去而阴血不伤。肝性喜疏泄条达而恶抑郁，火邪内郁，肝胆之气不疏，且骤用大剂苦寒降泄之品，既恐肝胆之气被抑，又虑折伤肝胆升发之机，遂用柴胡疏畅肝胆……,苦寒清利，泻中寓补，降中寓升，以适肝性。,,P.83,《方剂学》第十版（邓中甲主编，人民卫生出版社，2016，ISBN 9787117218900）；PDF页码 P.172；书内索引页码 P.83,注意/禁忌待补核,教材正文未抽到明确注意/禁忌句，需人工补核。,官方药典有候选命中,龙胆,中华人民共和国药典：2020年版．一部 P.148 entryId=140,归肝、胆经。【功能与主治】清热燥湿，泻肝胆火。用于湿热黄疸，阴肿阴痒，带下，湿疹瘙痒，肝火目赤，耳鸣耳聋，胁痛口苦，强中，惊风抽搐。【用法与用量】3～6g。【贮藏】置干燥处。,龙胆泻肝汤,P.172,P.83,PDF页码+书内索引页码,全文标题定位,D1_formula_snippets\029_龙胆泻肝汤.txt
30,第4章 清热剂,清胃散,《脾胃论》,生地黄 当归身各三分（各6g） 牡丹皮半钱（6g） 黄连六分，夏月倍之，大抵黄连临时增减无定（9g） 升麻一钱（6g）,上药为细末，都作一服，水一盏半，煎至七分，去滓，放冷服之（现代用法：水煎服）。,清胃凉血。,胃火牙痛。牙痛牵引头疼，面颊发热，其齿喜冷恶热，或牙宣出血，或牙龈红肿溃烂，或唇舌腮颊肿痛，口气热臭，口干舌燥，舌红苔黄，脉滑数。,方用苦寒泻火之黄连为君，直折胃腑之热。臣以甘辛微寒之升麻，一取其清热解毒，以治胃火牙痛；一取其轻清升散透发，可宣达郁遏之伏火，取“火郁发之”之意。黄连得升麻，降中寓升，则泻火而无凉遏之弊；升麻得黄连，则散火而无升焰之虞。臣以丹皮凉血清热。佐以生地凉血滋阴；当归养血活血，合生地滋阴养血，合丹皮消肿止痛。升麻兼以引经为使。诸药合用，共奏清胃凉血之效，以使上炎之火得降，血分之热得除，热毒内彻而解。,苦寒辛散并用，降中有升，火郁发之。,,P.87,《方剂学》第十版（邓中甲主编，人民卫生出版社，2016，ISBN 9787117218900）；PDF页码 P.177；书内索引页码 P.87,注意/禁忌待补核,教材正文未抽到明确注意/禁忌句，需人工补核。,官方药典有候选命中,品名目次,中华人民共和国药典：2020年版．一部 P.30 entryId=2278,…1668清肺抑火丸…1669清肺消炎丸…1670清泻丸…1671清降片…1672清胃保安丸…1673清胃黄连丸（大蜜丸）…1674清胃黄连丸（水丸）…1675清胃黄连片…1676清咽丸…1677清咽利膈丸,清胃散,P.177,P.87,PDF页码+书内索引页码,全文标题定位,D1_formula_snippets\030_清胃散.txt
31,第4章 清热剂,玉女煎,《景岳全书》,石膏三至五钱（9～15g） 熟地三至五钱或一两（9～30g） 麦冬二钱（6g） 知母 牛膝各一钱半（各5g）,上药用水一盅半，煎七分，温服或冷服（现代用法：水煎服）。,清胃热，滋肾阴。,胃热阴虚证。头痛，牙痛，齿松牙衄，烦热干渴，舌红苔黄而干。亦治消渴，消谷善饥等。,方中石膏辛甘大寒，善清阳明胃热而兼生津止渴，故为君药。臣以熟地滋肾水之不足，君臣相伍，清火壮水，虚实兼顾。佐以知母，一助石膏清胃热而止烦渴，一助熟地黄滋少阴而壮肾水；又佐入麦门冬清热养阴生津，既可养肺、助熟地滋肾，寓金水相生之意，又能生津而润胃燥。牛膝引热下行，且补肝肾，为佐使之用。诸药配伍，共奏清胃热、滋肾阴之功。,甘寒清润合法，胃肾同治，泻实补虚，引热下行。,,P.88,《方剂学》第十版（邓中甲主编，人民卫生出版社，2016，ISBN 9787117218900）；PDF页码 P.179；书内索引页码 P.88,注意/禁忌待补核,教材正文未抽到明确注意/禁忌句，需人工补核。,官方药典有候选命中,0183　煎膏剂（膏滋）,中华人民共和国药典：2020年版．四部 P.61 entryId=5403,四、煎膏剂应无焦臭、异味，无糖的结晶析出。五、除另有规定外，煎膏剂应密封，置阴凉处贮存。除另有规定外，煎膏剂应进行以下相应检查。,玉女煎,P.179,P.88,PDF页码+书内索引页码,全文标题定位,D1_formula_snippets\031_玉女煎.txt
32,第4章 清热剂,芍药汤,《素问病机气宜保命集》,芍药一两（30g） 当归 黄连各半两（各15g） 槟榔 木香 甘草炙，各二钱（各6g） 大黄三钱（6g） 黄芩半两（9g） 官桂二钱半（5g）,上 咀，每服半两（15g），水二盏，煎至一盏，食后温服（现代用法：水煎服）。,清热燥湿，调气和血。,湿热痢疾。腹痛，便脓血，赤白相兼，里急后重，肛门灼热，小便短赤，舌苔黄腻，脉弦数。,方中黄芩、黄连性味苦寒，入大肠经，功擅清热燥湿解毒，以除致病之因，为君药。重用芍药养血和营、缓急止痛，配以当归养血活血，体现“行血则便脓自愈”之义，且可兼顾湿热邪毒熏灼肠络、耗伤气血之虑；木香、槟榔行气导滞，“调气则后重自除”，四药相配，调气和血，是为臣药。大黄苦寒沉降，合芩、连则清热燥湿之功著，合归、芍则活血行气之力彰，其泻下通腑可导湿热积滞从大便而去，乃“通因通用”之法；入少量温热之肉桂，既可助归、芍行血和营，又能制芩、连苦寒之性……,主以苦燥，辅以甘柔，佐温于寒，气血同调，通因通用。,,P.89,《方剂学》第十版（邓中甲主编，人民卫生出版社，2016，ISBN 9787117218900）；PDF页码 P.180；书内索引页码 P.89,注意/禁忌待补核,教材正文未抽到明确注意/禁忌句，需人工补核。,官方药典有候选命中,归芍地黄丸,中华人民共和国药典：2020年版．一部 P.863 entryId=1082,【处方】当归40g酒白芍40g熟地黄160g酒萸肉80g牡丹皮60g山药80g茯苓60g泽泻60g【制法】以上八味，粉碎成细粉，过筛，混匀。每100g粉末用炼蜜35～50g加适量的水制丸，干燥，制成水蜜丸；或加炼蜜80～110g制成小蜜丸或大蜜丸，即得。【性状】本品为棕黑色的水蜜丸、黑褐色的小蜜丸或大蜜丸；味甜、微酸。【鉴别】（1）取本品，置显微镜下观察：糊化淀粉粒团块类白色（酒白芍）。不规则分枝状团块无色，遇水合氯醛试液溶化；菌丝无色或淡棕色，直径4～6μm（茯苓）。薄壁细胞纺锤形，壁略厚，有极微细的斜向交错纹理,芍药汤,P.180,P.89,PDF页码+书内索引页码,全文标题定位,D1_formula_snippets\032_芍药汤.txt
33,第4章 清热剂,白头翁汤,《伤寒论》,白头翁二两（15g） 黄柏三两（9g） 黄连三两（9g） 秦皮三两（9g）,上药四味，以水七升，煮取二升，去滓，温服一升，不愈，更服一升（现代用法：水煎服）。,清热解毒，凉血止痢。,热毒痢疾。下痢脓血，赤多白少，腹痛，里急后重，肛门灼热，渴欲饮水，舌红苔黄，脉弦数。,方用苦寒而入“阳明血分”之白头翁为君，清热解毒，凉血止痢。黄连泻火解毒，燥湿厚肠，为治痢要药；黄柏清下焦湿热，二者助君药清热解毒、燥湿止痢而为臣。秦皮“苦寒性涩”，清热解毒而兼以收涩止痢，用为佐使。四药合用，共奏清热解毒、凉血止痢之功。,苦寒之中寓凉血之功，清燥之内存收涩之义。,,P.90,《方剂学》第十版（邓中甲主编，人民卫生出版社，2016，ISBN 9787117218900）；PDF页码 P.182；书内索引页码 P.90,注意/禁忌待补核,教材正文未抽到明确注意/禁忌句，需人工补核。,官方药典有候选命中,白头翁,中华人民共和国药典：2020年版．一部 P.157 entryId=153,另取白头翁对照药材1g，同法制成对照药材溶液。,白头翁汤,P.182,P.90,PDF页码+书内索引页码,全文标题定位,D1_formula_snippets\033_白头翁汤.txt
34,第4章 清热剂,青蒿鳖甲汤,《温病条辨》,青蒿二钱（6g） 鳖甲五钱（15g） 细生地四钱（12g） 知母二钱（6g） 丹皮三钱（9g）,上药以水五杯，煮取二杯，日再服（现代用法：水煎服）。,养阴透热。,温病后期，邪伏阴分证。夜热早凉，热退无汗，舌红苔少，脉细数。,方中鳖甲咸寒，直入阴分，滋阴退热；青蒿苦辛而寒，其气芳香，清中有透散之力，清热透络，引邪外出，两药相配，滋阴清热，内清外透，使阴分伏热有外达之机，共为君药。即如吴瑭自释：“此方有先入后出之妙，青蒿不能直入阴分，有鳖甲领之入也；鳖甲不能独出阳分，有青蒿领之出也。”生地甘寒，滋阴凉血；知母苦寒质润，滋阴降火，共助鳖甲以养阴退虚热，为臣药。丹皮辛苦性凉，泄血中伏火，以助青蒿清透阴分伏热，为佐药。诸药合用，共奏养阴透热之功。,滋中有清，清中有透，邪正兼顾，先入后出。,,P.91,《方剂学》第十版（邓中甲主编，人民卫生出版社，2016，ISBN 9787117218900）；PDF页码 P.185；书内索引页码 P.91,注意/禁忌待补核,教材正文未抽到明确注意/禁忌句，需人工补核。,官方药典有候选命中,鳖甲,中华人民共和国药典：2020年版．一部 P.451 entryId=615,饮片【炮制】鳖甲　置蒸锅内，沸水蒸45分钟，取出，放入热水中，立即用硬刷除去皮肉，洗净，干燥。醋鳖甲　取净鳖甲，照烫法（通则0213）用砂烫至表面淡黄色，取出，醋淬，干燥。用时捣碎。,青蒿鳖甲汤,P.185,P.91,PDF页码+书内索引页码,全文标题定位,D1_formula_snippets\034_青蒿鳖甲汤.txt
35,第4章 清热剂,清骨散,《证治准绳》,银柴胡一钱五分（5g） 胡黄连 秦艽 鳖甲醋炙 地骨皮 青蒿 知母各一钱（各3g） 甘草五分（2g）,水二盅，煎八分，食远服（现代用法：水煎服）。,清虚热，退骨蒸。,肝肾阴虚，虚火内扰证。骨蒸潮热，或低热日久不退，形体消瘦，唇红颧赤，困倦盗汗，或口渴心烦，舌红少苔，脉细数。,方中银柴胡甘苦微寒，直入阴分而清热凉血，善退虚劳骨蒸之热，且无苦燥之弊，为君药。知母泻火滋阴以退虚热；胡黄连入血分而清虚热；地骨皮凉血而退有汗之骨蒸，三药俱入阴退虚火，以助银柴胡清骨蒸劳热，共为臣药。秦艽、青蒿皆辛散透热之品，清虚热并透伏热以外解；鳖甲咸寒，既滋阴潜阳，又引药入阴分，为治虚热之常用药，同为佐药。使以甘草，调和诸药，并防苦寒药物损伤胃气。,集退热除蒸之品，重在清透伏热以治标。,,P.92,《方剂学》第十版（邓中甲主编，人民卫生出版社，2016，ISBN 9787117218900）；PDF页码 P.186；书内索引页码 P.92,注意/禁忌待补核,教材正文未抽到明确注意/禁忌句，需人工补核。,官方药典有候选命中,品名目次,中华人民共和国药典：2020年版．一部 P.30 entryId=2278,…1013连花清瘟胶囊…1014连花清瘟颗粒…1015连参通淋片…1016连蒲双清片…1018抗炎退热片…1019抗骨增生丸…1019抗骨增生胶囊…1020抗骨髓炎片…1021抗宫炎片…1022抗宫炎胶囊,清骨散,P.186,P.92,PDF页码+书内索引页码,全文标题定位,D1_formula_snippets\035_清骨散.txt
36,第5章 祛暑剂,香薷散,《太平惠民和剂局方》,香薷去土，一斤（10g） 白扁豆微炒 厚朴去粗皮，姜汁炙熟，各半斤（各5g）,上粗末。每三钱（9g），水一盏，入酒一分，煎七分，去滓，水中沉冷，连吃二服，立有神效，随病不拘时（现代用法：水煎服，或加酒少量同煎）。,祛暑解表，化湿和中。,阴暑。恶寒发热，头疼身痛，无汗，腹痛吐泻，胸脘痞闷，舌苔白腻，脉浮。,方中香薷辛微温，芳香质轻，辛温发散，为夏月祛暑解表要药，故重用为君药。厚朴苦辛性温，行气除满，燥湿运脾，为臣药。白扁豆甘淡性平，健脾和中，渗湿消暑，为佐药。入酒少许同煎，意在温经脉，通阳气，使药力畅达周身。诸药合用，祛暑解表，化湿和中，有表里双解之功。,辛温芳香以解表，苦温燥化以和中。,,P.96,《方剂学》第十版（邓中甲主编，人民卫生出版社，2016，ISBN 9787117218900）；PDF页码 P.192；书内索引页码 P.96,注意/禁忌待补核,教材正文未抽到明确注意/禁忌句，需人工补核。,未在前次药典P0覆盖表中,,,,香薷散,P.192,P.96,PDF页码+书内索引页码,全文标题定位,D1_formula_snippets\036_香薷散.txt
37,第5章 祛暑剂,新加香薷饮,《温病条辨》,香薷二钱（6g） 金银花三钱（9g） 鲜扁豆花三钱（9g） 厚朴二钱（6g） 连翘二钱（6g）,水五杯，煮取二杯，先服一杯，得汗，止后服；不汗再服，服尽不汗，更作服。,祛暑解表，清热化湿。,暑温夹湿，复感外寒证。症见发热头痛，恶寒无汗，口渴面赤，胸闷不舒，舌苔白腻，脉浮而数。,,,,P.97,《方剂学》第十版（邓中甲主编，人民卫生出版社，2016，ISBN 9787117218900）；PDF页码 P.191；书内索引页码 P.97,注意/禁忌待补核,教材正文未抽到明确注意/禁忌句，需人工补核。,未在前次药典P0覆盖表中,,,,新加香薷饮,P.191,P.97,PDF页码+书内索引页码,附方段落定位,D1_formula_snippets\037_新加香薷饮.txt
38,第5章 祛暑剂,清暑益气汤,《温热经纬》,西洋参（5g） 石斛（15g） 麦冬（9g） 黄连（3g） 竹叶（6g） 荷梗（15g） 知母（6g） 甘草（3g） 粳米（15g） 西瓜翠衣（30g）（原著本方无用量）,水煎服。,清暑益气，养阴生津。,暑热气津两伤证。身热汗多，口渴心烦，小便短赤，体倦少气，精神不振，脉虚数。,方中以味甘性凉功同“白虎”之西瓜翠衣清解暑热，生津止渴；西洋参甘苦性凉，益气生津，养阴清热，共为君药。荷梗助西瓜翠衣清热解暑；石斛、麦冬甘寒质润，助西洋参养阴生津清热，共为臣药。少用黄连苦寒，清热泻火，以助清热祛暑之力；知母苦寒质润，泻火滋阴；竹叶甘淡，清热除烦，均为佐药。粳米、甘草益胃和中，调和诸药，为佐使药。诸药合用，共奏清暑益气、养阴生津之效。,甘寒苦寒合法，清补并举，气津兼顾。,,P.100,《方剂学》第十版（邓中甲主编，人民卫生出版社，2016，ISBN 9787117218900）；PDF页码 P.198；书内索引页码 P.100,注意/禁忌待补核,教材正文未抽到明确注意/禁忌句，需人工补核。,未在前次药典P0覆盖表中,,,,清暑益气汤,P.198,P.100,PDF页码+书内索引页码,全文标题定位,D1_formula_snippets\038_清暑益气汤.txt
39,第6章 温里剂,理中丸,《伤寒论》,人参 干姜 甘草炙 白术各三两（各9g）,上四味，捣筛，蜜和为丸，如鸡子黄许大（9g）。以沸汤数合，和一丸，研碎，温服之，日三四服，夜二服。腹中未热，益至三四丸，然不及汤。汤法：以四物依两数切，用水八升，煮取三升，去滓，温服一升，日三服。服汤后，如食顷，饮热粥一升许，微自温，勿发揭衣被（现代用法：上药共研细末，炼蜜为丸，重9g，每次1丸，小蜜丸则每次9g，温开水送服，每日2～3次；亦可作汤剂，水煎服，药后饮热粥适量）。,温中祛寒，补气健脾。,1.脾胃虚寒证。脘腹疼痛，喜温喜按，呕吐便溏，脘痞食少，畏寒肢冷，口淡不渴，舌质淡、苔白润，脉沉细或沉迟无力。2.阳虚失血证。便血、吐血、衄血或崩漏等，血色暗淡，质清稀，面色㿠白，气短神疲，脉沉细或虚大无力。3.中阳不足，阴寒上乘之胸痹；脾气虚寒，不能摄津之病后多涎唾；中阳虚损，土不荣木之小儿慢惊；食饮不节，损伤脾胃阳气，清浊相干，升降失常之霍乱等。,方中干姜大辛大热，温脾暖胃，助阳祛寒为君药。阳虚则兼气弱，气旺亦可助阳，故臣以甘温之人参，益气健脾，补虚助阳，《内经》云：“脾欲缓，急食甘以缓之。”君臣相配，温中健脾。脾为中土，喜燥恶湿，虚则湿浊易生，反困脾胃，故佐以甘温苦燥之白术，既健脾补虚以助阳，又燥湿运脾以助生化。甘草与诸药等量，一与参、术以助益气健脾，补虚助阳；二可缓急止痛；三为调和诸药，是佐药而兼使药之用。四药相伍，可温中阳，补脾气，助运化，故曰“理中”。本方在《金匮要略》中……,辛热甘苦合方，温补并用，补中寓燥。,服汤后，如食顷，饮热粥一升许，微自温，勿发揭衣被（现代用法：上药共研细末，炼蜜为丸，重9g，每次1丸，小蜜丸则每次9g，温开水送服，每日2～3次； 本方临证服后，当“饮热粥”，且温覆“勿发揭衣被”。,P.102,《方剂学》第十版（邓中甲主编，人民卫生出版社，2016，ISBN 9787117218900）；PDF页码 P.202；书内索引页码 P.102,已从教材PDF抽取待人工复核,字段来自教材PDF文本抽取，训练前仍需人工核对剂量与页码。,官方药典精确命中,理中丸,中华人民共和国药典：2020年版．一部 P.1636 entryId=1934,供试品溶液的制备　取本品重量差异项下的大蜜丸，切碎，取约1g，精密称定，置具塞锥形瓶中，精密加入甲醇-0.017mol/L磷酸溶液（13:7）50ml，密塞，称定重量，放置过夜，超声处理（功率250W，,理中丸,P.202,P.102,PDF页码+书内索引页码,全文标题定位,D1_formula_snippets\039_理中丸.txt
40,第6章 温里剂,小建中汤,《伤寒论》,桂枝去皮，三两（9g） 甘草炙，二两（6g） 大枣擘，十二枚（4枚） 芍药六两（18g） 生姜切，三两（9g） 胶饴一升（30g）,上六味，以水七升，煮取三升，去滓，内饴，更上微火消解。温服一升，日三服（现代用法：水煎取汁，兑入饴糖，文火加热溶化，分两次温服）。,温中补虚，和里缓急。,中焦虚寒，肝脾失调，阴阳不和证。脘腹拘急疼痛，时发时止，喜温喜按；或心中悸动，虚烦不宁，面色无华；兼见手足烦热，咽干口燥等，舌淡苔白，脉细弦。,本方由桂枝汤倍芍药加饴糖而成，方中重用甘温质润入脾之饴糖，一者温中补虚，二者缓急止痛，一药而两擅其功，故以为君。臣以辛温之桂枝，温助脾阳，祛散虚寒。饴糖与桂枝相伍，辛甘化阳，温中益气，使中气强健，不受肝木之侮。正如《成方便读》所言：“此方因土虚木克起见，故治法必以补脾为先。”更臣以酸苦之芍药，其用有三：一者滋养营阴，以补营血之亏虚；二者柔缓肝急止腹痛，与饴糖相伍，酸甘化阴，养阴缓急而止腹痛拘急；三者与桂枝相配，调和营卫、燮理阴阳。佐以生……,辛甘酸甘合化以调和阴阳；重用甘温质润以抑木缓急。,呕家，或中满者，不宜使用。,P.104,《方剂学》第十版（邓中甲主编，人民卫生出版社，2016，ISBN 9787117218900）；PDF页码 P.204；书内索引页码 P.104,已从教材PDF抽取待人工复核,字段来自教材PDF文本抽取，训练前仍需人工核对剂量与页码。,官方药典有候选命中,小建中颗粒,中华人民共和国药典：2020年版．一部 P.650 entryId=848,【处方】白芍400g大枣200g桂枝200g炙甘草133g生姜200g【制法】以上五味，桂枝、生姜蒸馏提取挥发油，蒸馏后的水溶液另器收集；药渣与其余白芍等三味加水煎煮三次，每次1小时，合并煎液，滤过，滤液与蒸馏后的水溶液合并，浓缩至相对密度为1.10～1.12（65℃），加乙醇使含醇量达50%，充分搅拌，静置6～8小时，滤过，滤液回收乙醇，浓缩成稠膏，加入适量蔗糖及糊精，制成颗粒，干燥，过筛，喷加上述挥发油，混匀，制成1000g，即得。【性状】本品为浅棕色至棕黄色的颗粒；气香，味甜。【鉴别】（1）取本品1.5g，加,小建中汤,P.204,P.104,PDF页码+书内索引页码,全文标题定位,D1_formula_snippets\040_小建中汤.txt
41,第6章 温里剂,大建中汤,《金匮要略》,蜀椒炒去汗，二合（6g） 干姜四两（12g） 人参二两（6g）,上三味，以水四升，煮取二升，去滓，内胶饴一升（30g），微火煮取一升半，分温再服，如一炊顷，可饮粥二升，后更服，当一日食糜，温覆之（现代服法：水煎服，饴糖冲服）。,温中补虚，缓急止痛。,中阳虚衰，阴寒内盛之脘腹疼痛。心胸中大寒痛，呕不能食，腹中寒，上冲皮起，出见有头足，上下痛而不可触近，舌苔白滑，脉细沉紧，甚则肢厥脉伏。,方中蜀椒味辛性热，温脾胃，助命火，散寒止痛，为君药。张秉成曰：“蜀椒之大辛大热，上至肺而下至肾，逐寒暖胃。”以辛热之干姜温脾暖胃，助蜀椒散寒之力；以甘温之饴糖温补中虚，缓急止痛，助蜀椒止痛之功，共为臣药。佐以人参补脾益气，补虚助阳，合饴糖重建中脏，缓急止痛，又使中气旺则邪不可干。四药配伍，共奏补虚缓急、散寒止痛之效。,纯用辛甘，温补兼施，以温为主。,此种腹痛，病情较重，病势较急，素体又虚，故方后强调，初服后“如一炊顷，可饮粥二升”，取粥之温热助药力以祛寒邪。 心胸中大寒痛，呕不能食，腹中寒，上冲皮起，出见有头足，上下痛而不可触近，舌苔白滑，脉细沉紧，甚则肢厥脉伏。,P.106,《方剂学》第十版（邓中甲主编，人民卫生出版社，2016，ISBN 9787117218900）；PDF页码 P.208；书内索引页码 P.106,已从教材PDF抽取待人工复核,字段来自教材PDF文本抽取，训练前仍需人工核对剂量与页码。,官方药典有候选命中,乳香,中华人民共和国药典：2020年版．一部 P.282 entryId=345,【用法与用量】煎汤或入丸、散，3～5g；外用适量，研末调敷。【注意】孕妇及胃弱者慎用。【贮藏】置阴凉干燥处。,大建中汤,P.208,P.106,PDF页码+书内索引页码,全文标题定位,D1_formula_snippets\041_大建中汤.txt
42,第6章 温里剂,四逆汤,《伤寒论》,甘草炙，二两（6g） 干姜一两半（6g） 附子生用，去皮，破八片，一枚（15g）,上三味，以水三升，煮取一升二合，去滓，分温再服。强人可大附子一枚，干姜三两（现代用法：水煎服）。,回阳救逆。,少阴病，心肾阳衰寒厥证。四肢厥逆，恶寒蜷卧，神衰欲寐，面色苍白，腹痛下利，呕吐不渴，舌苔白滑，脉微细。以及太阳病误汗亡阳者。,方中生附子大辛大热，入心、脾、肾经，温壮心肾之阳，回阳破阴以救逆，为君药，生用则能迅达内外以温阳逐寒。臣以辛热之干姜，入心、脾、肺经，既与附子相须为用，以增温里回阳之力；又温中散寒，助阳通脉。炙甘草一者益气补中，与姜、附温补结合，治虚寒之本；二者甘缓姜、附峻烈之性，使其破阴回阳而无暴散之虞；三者调和药性，并使药力持久，是为佐药而兼使药之用。三药合用，药少力专而效捷，大辛大热，使阳复厥回，故名“四逆汤”。,大辛大热以速挽元阳，少佐甘缓防虚阳复耗。,本方纯用辛热之品，中病手足温和即止，不可久服。 真热假寒者禁用。,P.108,《方剂学》第十版（邓中甲主编，人民卫生出版社，2016，ISBN 9787117218900）；PDF页码 P.211；书内索引页码 P.108,已从教材PDF抽取待人工复核,字段来自教材PDF文本抽取，训练前仍需人工核对剂量与页码。,官方药典精确命中,四逆汤,中华人民共和国药典：2020年版．一部 P.878 entryId=1099,【功能与主治】温中祛寒，回阳救逆。用于阳虚欲脱，冷汗自出，四肢厥逆，下利清谷，脉微欲绝。【用法与用量】口服。一次10～20ml，一日3次；或遵医嘱。【规格】每支装10ml【贮藏】密封，置阴凉处。,四逆汤,P.211,P.108,PDF页码+书内索引页码,全文标题定位,D1_formula_snippets\042_四逆汤.txt
43,第6章 温里剂,当归四逆汤,《伤寒论》,当归三两（9g） 桂枝去皮，三两（9g） 芍药三两（9g） 细辛三两（3g） 甘草炙，二两（6g） 通草二两（6g） 大枣擘，二十五枚（8枚）,上七味，以水八升，煮取三升，去滓，温服一升，日三服（现代用法：水煎服）。,温经散寒，养血通脉。,血虚寒厥证。手足厥寒，或腰、股、腿、足、肩臂疼痛，口不渴，舌淡苔白，脉沉细或细而欲绝。,本方由桂枝汤去生姜，倍大枣，加当归、通草、细辛组成。方中当归甘温，主入肝经，养血和血以补虚；桂枝辛温，温经散寒以通脉，共为君药。细辛温经散寒，增桂枝温通之力；白芍养血和营，既助当归补益营血，又配桂枝以和阴阳，共为臣药。通草通利经脉以畅血行；大枣、甘草，益气健脾，养血补虚，皆为佐药。重用大枣，既合归、芍以补营血，又防桂枝、细辛燥烈太过，伤及阴血。甘草兼调药而为使药之用。全方共奏温经散寒、养血通脉之功。,辛温甘酸并用，温通不燥，补养不滞。,,P.111,《方剂学》第十版（邓中甲主编，人民卫生出版社，2016，ISBN 9787117218900）；PDF页码 P.216；书内索引页码 P.111,注意/禁忌待补核,教材正文未抽到明确注意/禁忌句，需人工补核。,官方药典有候选命中,四逆汤,中华人民共和国药典：2020年版．一部 P.878 entryId=1099,【功能与主治】温中祛寒，回阳救逆。用于阳虚欲脱，冷汗自出，四肢厥逆，下利清谷，脉微欲绝。【用法与用量】口服。一次10～20ml，一日3次；或遵医嘱。【规格】每支装10ml【贮藏】密封，置阴凉处。,当归四逆汤,P.216,P.111,PDF页码+书内索引页码,全文标题定位,D1_formula_snippets\043_当归四逆汤.txt
44,第6章 温里剂,阳和汤,《外科证治全生集》,熟地黄一两（30g） 麻黄五分（2g） 鹿角胶三钱（9g） 白芥子炒研，二钱（6g） 肉桂一钱（3g） 生甘草一钱（3g） 炮姜炭五分（2g）,水煎服。,温阳补血，散寒通滞。,阴疽。如贴骨疽、脱疽、流注、痰核、鹤膝风等。患处漫肿无头，皮色不变，酸痛无热，口中不渴，舌淡苔白，脉沉细或迟细。,方中重用熟地黄温补营血，填精益髓；鹿角胶温肾阳，益精血。两者合用，温阳补血，以治其本，共为君药。肉桂、姜炭药性辛热，均入血分，温阳散寒，温通血脉，为臣药。白芥子辛温，可达皮里膜外，温化寒痰，通络散结；少量麻黄，辛温达表，宣通毛窍，开腠理，散寒凝，合为佐药。方中鹿角胶、熟地黄得姜、桂、芥、麻之宣通，则补而不滞；麻、芥、姜、桂得熟地黄、鹿角胶之滋补，则温散而不伤正。生甘草为使，解毒并调诸药。全方宣化寒凝而通经脉，补养精血而扶阳气，用于阴疽……,滋补之中寓温散之法，补而不滞。,乳岩万不可用，阴虚有热及破溃日久者，不可沾唇。,P.300,《方剂学》第十版（邓中甲主编，人民卫生出版社，2016，ISBN 9787117218900）；PDF页码 P.521；书内索引页码 P.300,已从教材PDF抽取待人工复核,字段来自教材PDF文本抽取，训练前仍需人工核对剂量与页码。,官方药典有候选命中,阳和解凝膏,中华人民共和国药典：2020年版．一部 P.989 entryId=1228,【处方】鲜牛蒡草480g（或干品120g）鲜凤仙透骨草40g（或干品10g）生川乌20g桂枝20g大黄20g当归20g生草乌20g生附子20g地龙20g僵蚕20g赤芍20g白芷20g白蔹20g白及20g川芎10g续断10g防风10g荆芥10g五灵脂10g木香10g香橼10g陈皮10g肉桂20g乳香20g没药20g苏合香40g人工麝香10g【制法】以上二十七味，除苏合香外，人工麝香研细，肉桂、乳香、没药粉碎成细粉，与人工麝香配研，过筛，混匀。其余牛蒡草等二十二味，酌予碎断，与食用植物油2400g同置锅内炸枯，去渣，滤,阳和汤,P.521,P.300,PDF页码+书内索引页码,全文标题定位,D1_formula_snippets\044_阳和汤.txt
45,第7章 补益剂,四君子汤,《太平惠民和剂局方》,人参去芦 白术 茯苓去皮（各9g） 甘草炙（6g），各等分,上为细末，每服二钱，水一盏，煎至七分，通口服，不拘时候；入盐少许，白汤点亦得（现代用法：水煎服）。,益气健脾。,脾胃气虚证。面色萎白，语声低微，气短乏力，食少便溏，舌淡苔白，脉虚缓。,方中人参甘温，能大补脾胃之气，故为君药。臣以白术健脾燥湿，与人参相须，益气补脾之力更强。脾喜燥恶湿，喜运恶滞，故又以茯苓健脾渗湿，合白术互增健脾祛湿之力，为佐助。炙甘草益气和中，既可加强人参、白术益气补中之功，又能调和诸药，故为佐使。四药皆为甘温和缓之品，而呈君子中和之气，故以“君子”为名。四药合力，重在健补脾胃之气，兼司运化之职，且渗利湿浊，共成益气健脾之功。,甘温和缓，适脾欲缓喜燥之性。,,P.121,《方剂学》第十版（邓中甲主编，人民卫生出版社，2016，ISBN 9787117218900）；PDF页码 P.232；书内索引页码 P.121,注意/禁忌待补核,教材正文未抽到明确注意/禁忌句，需人工补核。,官方药典未命中,,,,四君子汤,P.232,P.121,PDF页码+书内索引页码,全文标题定位,D1_formula_snippets\045_四君子汤.txt
46,第7章 补益剂,参苓白术散,《太平惠民和剂局方》,莲子肉去皮，一斤（9g） 薏苡仁一斤（9g） 缩砂仁一斤（6g） 桔梗炒令深黄色，一斤（6g） 白扁豆姜汁浸，去皮，微炒，一斤半（12g） 白茯苓二斤（15g） 人参去芦，二斤（15g） 甘草炒，二斤（10g） 白术二斤（15g） 山药二斤（15g）,上为细末。每服二钱（6g），枣汤调下。小儿量岁数加减（现代用法：散剂，每服6～10g，大枣煎汤送服；亦可作汤剂，加大枣3枚，水煎服）。,益气健脾，渗湿止泻。,脾虚湿盛证。饮食不化，胸脘痞闷，肠鸣泄泻，四肢乏力，形体消瘦，面色萎黄，舌淡苔白腻，脉虚缓。亦可用治肺脾气虚，痰湿咳嗽。,方中人参大补脾胃之气，白术、茯苓健脾渗湿，共为君药。山药、莲子肉既能健脾，又有涩肠止泻之功，二药可助参、术健脾益气，兼以厚肠止泻；白扁豆健脾化湿，薏苡仁健脾渗湿，二药助术、苓健脾助运，渗湿止泻，四药共为臣药。佐以砂仁芳香醒脾，行气和胃，既助除湿之力，又畅达气机；桔梗宣开肺气，通利水道，并能载药上行，以益肺气而成培土生金之功。炒甘草健脾和中，调和药性，共为使药。诸药相合，益气健脾，渗湿止泻。《古今医鉴》所载参苓白术散，较本方多陈皮一味，适……,主以甘温补脾，纳芳化渗湿以助运止泻，佐引药入肺以培土生金。,,P.123,《方剂学》第十版（邓中甲主编，人民卫生出版社，2016，ISBN 9787117218900）；PDF页码 P.235；书内索引页码 P.123,注意/禁忌待补核,教材正文未抽到明确注意/禁忌句，需人工补核。,官方药典精确命中,参苓白术散,中华人民共和国药典：2020年版．一部 P.1272 entryId=1534,【处方】人参100g茯苓100g白术（炒）100g山药100g白扁豆（炒）75g莲子50g薏苡仁（炒）50g砂仁50g桔梗50g甘草100g【制法】以上十味，粉碎成细粉，过筛，混匀，即得。,参苓白术散,P.235,P.123,PDF页码+书内索引页码,全文标题定位,D1_formula_snippets\046_参苓白术散.txt
47,第7章 补益剂,补中益气汤,《内外伤辨惑论》,黄芪五分，病甚、劳役、热甚者一钱（18g） 甘草炙，五分（9g） 人参去芦，三分（6g） 当归酒焙干或晒干，二分（3g ） 橘皮不去白，二分或三分（6g） 升麻二分或三分（6g） 柴胡二分或三分（6g） 白术三分（9g）,上 咀，都作一服，水二盏，煎至一盏，去滓，食远稍热服（现代用法：水煎服）。,补中益气，升阳举陷。,1.脾胃气虚证。饮食减少，体倦肢软，少气懒言，面色萎黄，大便稀薄，脉虚软。2.气虚下陷证。脱肛，子宫脱垂，久泻，久痢，崩漏等，伴气短乏力，舌淡，脉虚。3.气虚发热证。身热自汗，渴喜热饮，气短乏力，舌淡，脉虚大无力。,本方重用黄芪为君，其性甘温，入脾、肺经，而补中气，固表气，且升阳举陷。臣以人参，大补元气；炙甘草补脾和中。君臣相伍，如《医宗金鉴》谓“黄芪补表气，人参补里气，炙草补中气”，可大补一身之气。李杲称此三味为“除湿热、烦热之圣药也”。佐以白术补气健脾，助脾运化，以资气血生化之源。其气既虚，营血易亏，故佐用当归以补养营血，且“血为气之宅”，可使所补之气有所依附；陈皮理气和胃，使诸药补而不滞。更加少量升麻、柴胡，升阳举陷，助益气之品升提下陷之中气……,主以甘温，补中寓升，共成虚则补之、陷者升之、甘温除热之剂。,,P.124,《方剂学》第十版（邓中甲主编，人民卫生出版社，2016，ISBN 9787117218900）；PDF页码 P.237；书内索引页码 P.124,注意/禁忌待补核,教材正文未抽到明确注意/禁忌句，需人工补核。,官方药典未命中,,,,补中益气汤,P.237,P.124,PDF页码+书内索引页码,全文标题定位,D1_formula_snippets\047_补中益气汤.txt
48,第7章 补益剂,生脉散,《医学启源》,麦冬（9g） 五味子（6g） 人参（9g）（原著本方无用量）,水煎服。,益气生津，敛阴止汗。,1.温热、暑热，耗气伤阴证。汗多神疲，体倦乏力，气短懒言，咽干口渴，舌干红少苔，脉虚数。2.久咳伤肺，气阴两虚证。干咳少痰，短气自汗，口干舌燥，脉虚细。,方中人参甘温，既大补肺脾之气，又生津液，用为君药。麦冬甘寒，养阴清热，润肺生津，与人参相合，则气阴双补，为臣药。五味子酸敛，既敛阴止汗，又能收敛耗散之肺气而止咳，为佐药。三药相合，一补一润一敛，既补气阴之虚，又敛气阴之散，使气复津生，汗止阴存，脉气得充，则可复生，故名“生脉”。汪讱庵在《医方集解》中赞曰：“人有将死脉绝者，服此能复生之，其功甚大。”,甘温甘寒佐酸收，补敛气阴以复脉。,,P.127,《方剂学》第十版（邓中甲主编，人民卫生出版社，2016，ISBN 9787117218900）；PDF页码 P.241；书内索引页码 P.127,注意/禁忌待补核,教材正文未抽到明确注意/禁忌句，需人工补核。,官方药典有候选命中,品名目次,中华人民共和国药典：2020年版．一部 P.30 entryId=2278,…1494脑栓通胶囊…1495脑得生丸…1496脑得生片…1497脑得生胶囊…1497脑得生颗粒…1499狼疮丸…1499疳积散…1500益元散…1500益气养血口服液…1501益气通络颗粒…1502益气维血颗粒,生脉散,P.241,P.127,PDF页码+书内索引页码,全文标题定位,D1_formula_snippets\048_生脉散.txt
49,第7章 补益剂,玉屏风散,《究原方》，录自《医方类聚》,防风一两（15g） 黄芪蜜炙 白术各二两（30g）,上 咀，每服三钱（9g），水一盏半，加大枣一枚，煎至七分，去滓，食后热服（现代用法：散剂，每服6～9g；亦可作汤剂，水煎服）。,益气固表止汗。,表虚自汗。汗出恶风，面色㿠白，舌淡，苔薄白，脉浮虚。亦治虚人腠理不固，易感风邪。,方中黄芪甘温，内可大补脾肺之气，外可固表止汗，为君药。白术益气健脾，培土生金，协黄芪以益气固表实卫，为臣药。二药相合，使气旺表实，则汗不外泄，风邪不得侵袭。佐以辛润之防风以祛风邪，黄芪得防风，则固表而不留邪。《本草纲目》曰：“黄芪得防风而功愈大。”三药相伍，固卫气，实肌腠，兼疏风邪，共奏固表止汗之功。方名玉屏风者，谓其功用似御风之屏障，有贵重如玉之意。,甘温为主，辛散为辅，补中有散，散中寓补，相反相成，药简效专。,,P.126,《方剂学》第十版（邓中甲主编，人民卫生出版社，2016，ISBN 9787117218900）；PDF页码 P.240；书内索引页码 P.126,注意/禁忌待补核,教材正文未抽到明确注意/禁忌句，需人工补核。,官方药典未命中,,,,玉屏风散,P.240,P.126,PDF页码+书内索引页码,全文标题定位,D1_formula_snippets\049_玉屏风散.txt
50,第7章 补益剂,四物汤,《仙授理伤续断秘方》,白芍药（9g） 川当归（9g） 熟地黄（12g） 川芎（6g），各等分,每服三钱，水盏半，煎至七分，空心热服（现代用法：水煎服）。,补血调血。,营血虚滞证。头晕目眩，心悸失眠，面色无华，或妇人月经不调，量少或经闭不行，脐腹作痛，舌淡，脉细弦或细涩。,方中熟地甘温味厚，入肝肾，质润滋腻，为滋阴补血之要药，用为君药。当归补血和血，与熟地相伍，既增补血之力，又行营血之滞，为臣药。白芍养血敛阴，柔肝缓急，与地、归相协则滋阴补血之力更著，又可缓急止痛；川芎活血行气，与当归相协则行血之力益彰，又使诸药补血而不滞血，二药共为佐药。四药合用，共成补血调血之功。《仙授理伤续断秘方》以本方治疗外伤瘀血作痛，《太平惠民和剂局方》用本方治疗妇人诸疾。是方以熟地厚润滋腻之性为生营血之“基”，伍当归和血入心则……,阴柔辛甘相伍，补中寓行，补血不滞血，行血不伤血。,,P.129,《方剂学》第十版（邓中甲主编，人民卫生出版社，2016，ISBN 9787117218900）；PDF页码 P.245；书内索引页码 P.129,注意/禁忌待补核,教材正文未抽到明确注意/禁忌句，需人工补核。,官方药典未命中,,,,四物汤,P.245,P.129,PDF页码+书内索引页码,全文标题定位,D1_formula_snippets\050_四物汤.txt
51,第7章 补益剂,当归补血汤,《内外伤辨惑论》,黄芪一两（30g） 当归酒洗，二钱（6g）,上 咀，以水二盏，煎至一盏，去滓温服，空心食前（现代用法：水煎服）。,补气生血。,血虚发热证。肌热面赤，烦渴欲饮，脉洪大而虚，重按无力。亦治妇人经期、产后血虚发热头痛，或疮疡溃后，久不愈合者。,方中重用黄芪，取其量大力宏，补气固表，以急固浮阳而使热退，且补气又助生血，使阳生阴长，气旺血生，故以之为君。配以少量当归养血和营，并得黄芪生血之助，使阴血渐充，则浮阳秘敛，虚热自退。至于妇人经期、产后血虚发热头痛，属血虚发热者，用此方益气补血，其症自解。疮疡溃后，久不愈合者，亦为气血不足，用本方补气生血，托疮生肌，疮自收口愈合。,重用甘温以补气，阳生阴长以生血，药简效宏。,,P.131,《方剂学》第十版（邓中甲主编，人民卫生出版社，2016，ISBN 9787117218900）；PDF页码 P.247；书内索引页码 P.131,注意/禁忌待补核,教材正文未抽到明确注意/禁忌句，需人工补核。,官方药典有候选命中,当归补血口服液,中华人民共和国药典：2020年版．一部 P.935 entryId=1165,【处方】当归132g黄芪330g【制法】以上二味，当归加水蒸馏，分别收集蒸馏液和蒸馏后的水溶液（另器贮存）；药渣与黄芪加水煎煮三次，第一次2小时，第二次1.5小时，第三次1小时，煎液滤过，滤液与当归蒸馏后的水溶液合并,当归补血汤,P.247,P.131,PDF页码+书内索引页码,全文标题定位,D1_formula_snippets\051_当归补血汤.txt
52,第7章 补益剂,归脾汤,《济生方》,白术 茯神去木 黄芪去芦 龙眼肉 酸枣仁炒，去壳，各一两（各18g） 人参 木香不见火，各半两（各9g） 甘草炙，二钱半（6g） 当归一钱（3g） 远志蜜炙，一钱（3g）（当归、远志从《内科摘要》补入）,上 咀，每服四钱（12g），水一盏半，加生姜五片，枣一枚，煎至七分，去滓温服，不拘时候（现代用法：加生姜、大枣，水煎服）。,益气补血，健脾养心。,1.心脾气血两虚证。心悸怔忡，健忘失眠，盗汗虚热，食少体倦，面色萎黄，舌淡，苔薄白，脉细弱。2.脾不统血证。便血，皮下紫癜，以及妇女崩漏，月经超前，量多色淡，或淋漓不止，舌淡，脉细弱。,方中黄芪甘温，补脾益气；龙眼肉甘平，既补脾气，又养心血，共为君药。人参、白术皆为补脾益气之要药，与黄芪相伍，补脾益气之功益著；当归补血养心，酸枣仁宁心安神，二药与龙眼肉相伍，补心血、安神志之力更强，均为臣药。佐以茯神养心安神，远志宁神益智；更佐理气醒脾之木香，与诸补气养血药相伍，可使其补而不滞。炙甘草补益心脾之气，并调和诸药，用为佐使。引用生姜、大枣，调和脾胃，以资化源。诸药配伍，心脾得补，气血得养，诸症自除。本方原载于宋·严用和的《济……,心脾同治，重在补脾；气血并补，重在补气。,,P.132,《方剂学》第十版（邓中甲主编，人民卫生出版社，2016，ISBN 9787117218900）；PDF页码 P.249；书内索引页码 P.132,注意/禁忌待补核,教材正文未抽到明确注意/禁忌句，需人工补核。,官方药典有候选命中,归脾颗粒,中华人民共和国药典：2020年版．一部 P.867 entryId=1086,用于心脾两虚，气短心悸，失眠多梦，头昏头晕，肢倦乏力，食欲不振，崩漏便血。【用法与用量】开水冲服。一次1袋，一日3次。【规格】每袋装3g【贮藏】密封。,归脾汤,P.249,P.132,PDF页码+书内索引页码,全文标题定位,D1_formula_snippets\052_归脾汤.txt
53,第7章 补益剂,八珍汤,《瑞竹堂经验方》,当归去芦 川芎 熟地黄 白芍药 人参去芦 甘草炙 茯苓去皮 白术各一两 （各15g）,上为 咀。每服三钱（9g），水一盏半，加生姜五片，枣一枚，煎至七分，去滓，不拘时候，通口服（现代用法：加生姜5片，大枣1枚，水煎服）。,益气补血。,气血两虚证。面色萎白或无华，头晕目眩，四肢倦怠，气短懒言，心悸怔忡，饮食减少，舌淡苔薄白，脉细弱或虚大无力。,本方为四君子汤与四物汤合方而成。方中人参与熟地黄为君药，人参甘温，大补五脏元气，补气生血，熟地黄补血滋阴。臣以白术补气健脾，当归补血和血。佐用茯苓健脾养心，芍药养血敛阴；川芎活血行气，以使补而不滞。炙甘草益气和中，煎加姜枣，调和脾胃，以助气血生化，共为佐使。诸药相合，共成益气补血之效。,甘温质润相伍，四君四物相合，气血双补。,,P.133,《方剂学》第十版（邓中甲主编，人民卫生出版社，2016，ISBN 9787117218900）；PDF页码 P.252；书内索引页码 P.133,注意/禁忌待补核,教材正文未抽到明确注意/禁忌句，需人工补核。,官方药典有候选命中,本版药典（一部）新增品种名单,中华人民共和国药典：2020年版．一部 P.18 entryId=2275,本版药典（一部）新增品种名单药材和饮片裸花紫珠成方制剂和单味制剂八珍丸（浓缩丸）大黄利胆胶囊万灵五香膏小儿扶脾颗粒小儿咳喘灵口服液无比山药丸五加生化胶囊五灵胶囊五福化毒片止痢宁片风湿骨痛片丹灯通脑软胶囊丹灯通脑胶囊丹鹿通督片正气片四方胃胶囊生白合剂,八珍汤（原名八珍散）,P.252,P.133,PDF页码+书内索引页码,全文标题定位,D1_formula_snippets\053_八珍汤.txt
54,第7章 补益剂,十全大补汤,《太平惠民和剂局方》,人参 肉桂去粗皮，不见火 川芎（6g） 地黄洗，酒蒸，焙 茯苓焙 白术焙 甘草炙 黄芪去芦 川当归洗，去芦 白芍药各等分（各9g）,上一十味，锉为粗末，每服二大钱（9g），水一盏，生姜三片，枣子二个，同煎至七分，不拘时候温服。,温补气血。,气血不足。症见饮食减少，久病体虚，脚膝无力，面色萎黄，精神倦怠，以及疮疡不敛，妇女崩漏。,,,,P.134,《方剂学》第十版（邓中甲主编，人民卫生出版社，2016，ISBN 9787117218900）；PDF页码 P.251；书内索引页码 P.134,注意/禁忌待补核,教材正文未抽到明确注意/禁忌句，需人工补核。,官方药典有候选命中,四逆汤,中华人民共和国药典：2020年版．一部 P.878 entryId=1099,【处方】淡附片300g干姜200g炙甘草300g【制法】以上三味，淡附片、炙甘草加水煎煮二次，第一次2小时，第二次1.5小时，合并煎液，滤过；干姜用水蒸气蒸馏提取挥发油，挥发油和蒸馏后的水溶液备用；姜渣再加水煎煮1小时，煎液与上述水溶液合并，滤过，再与淡附片、炙甘草的煎液合并，浓缩至约400ml，放冷，加乙醇1200ml，搅匀，静置24小时，滤过，减压浓缩至适量，用适量水稀释，冷藏24小时，滤过，加单糖浆300ml、苯甲酸钠3g与上述挥发油，加水至1000ml，搅匀，灌封，灭菌，即得。【性状】本品为棕黄色的液体；气,十全大补汤,P.251,P.134,PDF页码+书内索引页码,附方段落定位,D1_formula_snippets\054_十全大补汤.txt
55,第7章 补益剂,人参养荣汤,,,,,,,,,,《方剂学》第十版（邓中甲主编，人民卫生出版社，2016，ISBN 9787117218900）,未定位,未在教材PDF正文中定位到“方名→出处→【组成】”结构；需人工核对是否为本版附方/异名/未收方。,官方药典有候选命中,人参养荣丸,中华人民共和国药典：2020年版．一部 P.538 entryId=719,另取人参二醇对照品、人参三醇对照品，分别加无水乙醇制成每1ml含1mg的溶液，作为对照品溶液。,,,,未定位,,
56,第7章 补益剂,六味地黄丸,《小儿药证直诀》,熟地黄炒，八钱（24g） 山萸肉 干山药各四钱（各12g） 泽泻 牡丹皮 茯苓去皮， 各三钱（各9g）,上为末，炼蜜为丸，如梧子大，空心温水化下三丸（现代用法：蜜丸，每服9g，日2～3次；亦可作汤剂，水煎服）。,填精滋阴补肾。,肾阴精不足证。腰膝酸软，头晕目眩，视物昏花，耳鸣耳聋，盗汗，遗精，消渴，骨蒸潮热，手足心热，舌燥咽痛，牙齿动摇，足跟作痛，以及小儿囟门不合，舌红少苔，脉沉细数。,方中重用熟地黄为君药，填精益髓，滋补阴精。臣以山萸肉补养肝肾，并能涩精；山药双补脾肾，既补肾固精，又补脾以助后天生化之源。君臣相伍，补肝脾肾，即所谓“三阴并补”。然熟地黄用量独重，而以滋补肾之阴精为主。凡补肾精之法，必当泻其“浊”，方可存其“清”，而使阴精得补。且肾为水火之宅，肾虚则水泛，阴虚而火动。故佐以泽泻利湿泄浊，并防熟地黄之滋腻；牡丹皮清泄相火，并制山萸肉之温涩；茯苓健脾渗湿，配山药补脾而助健运。此三药合用，即所谓“三泻”，泻湿……,“三补”与“三泻”相伍，以补为主；肾肝脾三脏兼顾，以滋肾精为主。,,P.137,《方剂学》第十版（邓中甲主编，人民卫生出版社，2016，ISBN 9787117218900）；PDF页码 P.258；书内索引页码 P.137,注意/禁忌待补核,教材正文未抽到明确注意/禁忌句，需人工补核。,官方药典精确命中,六味地黄丸,中华人民共和国药典：2020年版．一部 P.791 entryId=1004,【处方】熟地黄160g酒萸肉80g牡丹皮60g山药80g茯苓60g泽泻60g【制法】以上六味，粉碎成细粉，过筛，混匀。用乙醇泛丸，干燥，制成水丸，或每100g粉末加炼蜜35～50g与适量的水，制丸，干燥，制成水蜜丸；或加炼蜜80～110g制成小蜜丸或大蜜丸，即得。【性状】本品为棕黑色的水丸、水蜜丸、棕褐色至黑褐色的小蜜丸或大蜜丸；味甜而酸。【鉴别】（1）取本品，置显微镜下观察：淀粉粒三角状卵形或矩圆形，直径24～40μm，脐点短缝状或人字状（山药）。不规则分枝状团块无色，遇水合氯醛试液溶化；菌丝无色，直径4～6μm,六味地黄丸（原名地黄丸）,P.258,P.137,PDF页码+书内索引页码,全文标题定位,D1_formula_snippets\056_六味地黄丸.txt
57,第7章 补益剂,左归丸,《景岳全书》,大怀熟地八两（24g） 山药炒，四两（12g） 枸杞四两（12g） 山茱萸肉四两（12g） 川牛膝酒洗，蒸熟，三两（9g），滑精者不用 菟丝子制，四两（12g） 鹿胶敲碎，炒珠，四两（12g） 龟胶切碎，炒珠，四两（12g），无火者不必用,上先将熟地蒸烂，杵膏，加炼蜜丸桐子大。每食前用滚汤或淡盐汤送下百余丸（现代用法：蜜丸，每服9g，日2～3次；亦可作汤剂，水煎服）。,滋阴补肾，填精益髓。,真阴不足证。头晕目眩，腰酸腿软，遗精滑泄，自汗盗汗，口燥舌干，舌红少苔，脉细。,方中重用大熟地滋肾阴，益精髓，以补真阴之不足，为君药。用山茱萸补养肝肾，固秘精气；山药补脾益阴，滋肾固精；龟板胶滋阴补髓；鹿角胶补益精血，温壮肾阳，配入补阴方中，而有“阳中求阴”之义，皆为臣药。枸杞子补肝肾，益精血；菟丝子补肝肾，助精髓；川牛膝益肝肾，强筋骨，俱为佐药。左归丸是张介宾由六味地黄丸化裁而成。他认为：“补阴不利水，利水不补阴，而补阴之法不宜渗。”遂去泽泻、茯苓、丹皮，加入枸杞子、龟板胶、牛膝以增滋补肝肾之力。更加入鹿角胶、菟……,纯甘补阴，纯补无泻，阳中求阴。,,P.138,《方剂学》第十版（邓中甲主编，人民卫生出版社，2016，ISBN 9787117218900）；PDF页码 P.260；书内索引页码 P.138,注意/禁忌待补核,教材正文未抽到明确注意/禁忌句，需人工补核。,官方药典有候选命中,复方左炔诺孕酮滴丸,中华人民共和国药典：2020年版．二部 P.1009 entryId=3598,本品含左炔诺孕酮（C21H28O2）与炔雌醇（C20H24O2）均应为标示量的90.0%～115.0%。【处方】【性状】本品为糖衣丸。,左归丸,P.260,P.138,PDF页码+书内索引页码,全文标题定位,D1_formula_snippets\057_左归丸.txt
58,第7章 补益剂,肾气丸,《金匮要略》,干地黄八两（24g） 薯蓣 山茱萸各四两（各12g） 泽泻 茯苓 牡丹皮各三两（各9g） 桂枝 附子炮，各一两（各3g）,上八味，末之，炼蜜和丸梧子大，酒下十五丸，加至二十五丸，日再服（现代用法：蜜丸，每服6g，日2次，白酒或淡盐汤送下；亦可作汤剂，水煎服）。,补肾助阳，化生肾气。,肾阳气不足证。腰痛脚软，身半以下常有冷感，少腹拘急，小便不利，或小便反多，入夜尤甚，阳痿早泄，舌淡而胖，脉虚弱，尺部沉细；以及痰饮，水肿，消渴，脚气，转胞等。,方用干地黄（今多用熟地黄）为君，滋补肾阴，益精填髓。《本草经疏》谓：“干地黄乃补肾家之要药，益阴血之上品。”臣以山茱萸，补肝肾，涩精气；薯蓣（山药）健脾气，固肾精。二药与地黄相配，补肾填精，谓之“三补”。臣以附子、桂枝，温肾助阳，生发少火，鼓舞肾气。佐以茯苓健脾益肾，泽泻、丹皮降相火而制虚阳浮动，且茯苓、泽泻均有渗湿泄浊、通调水道之功。三者配伍，与“三补”相对而言，谓之“三泻”，即补中有泻，泻清中之浊以纯清中之清，而益肾精，且补而不滞……,重用“三补三泻”，以益精泻浊；少佐温热助阳，以“少火生气”。,,P.142,《方剂学》第十版（邓中甲主编，人民卫生出版社，2016，ISBN 9787117218900）；PDF页码 P.266；书内索引页码 P.142,注意/禁忌待补核,教材正文未抽到明确注意/禁忌句，需人工补核。,官方药典有候选命中,济生肾气丸,中华人民共和国药典：2020年版．一部 P.1448 entryId=1724,本品含牡丹皮以丹皮酚（C9H10O3）计，水蜜丸每1g不得少于0.58mg；小蜜丸每1g不得少于0.42mg；大蜜丸每丸不得少于3.8mg。【功能与主治】温肾化气，利水消肿。,肾气丸（又名《金匮》肾气丸、崔氏八味丸）,P.266,P.142,PDF页码+书内索引页码,全文标题定位,D1_formula_snippets\058_肾气丸.txt
59,第7章 补益剂,右归丸,《景岳全书》,熟地黄八两（24g） 山药炒，四两（12g） 山茱萸微炒，三两（9g） 枸杞子微炒，四两 （12g） 菟丝子制，四两（12g） 鹿角胶炒珠，四两（12g） 杜仲姜汁炒，四两（12g） 肉桂二两，渐可加至四两（6g） 当归三两（9g） 制附子自二两，渐可加至五六两（6g）,将熟地蒸烂杵膏，余为细末，加炼蜜为丸，如弹子大。每嚼服二三丸，以滚白汤送下（现代用法：蜜丸，每服9g；亦可作汤剂，水煎服）。,温补肾阳，填精益髓。,肾阳不足，命门火衰证。年老或久病气衰神疲，畏寒肢冷，腰膝软弱，阳痿遗精，或阳衰无子，或饮食减少，大便不实，或小便自遗，舌淡苔白，脉沉而迟。,方中附子、肉桂温壮元阳，鹿角胶温肾阳、益精血，共为君药。熟地黄、山茱萸、枸杞子、山药滋阴益肾，填精补髓，并养肝补脾，即所谓“善补阳者，必于阴中求阳，则阳得阴助，而生化无穷”（《类经》），共为臣药。佐以菟丝子、杜仲，补肝肾，强腰膝；当归养血补肝，与补肾之品相合，共补精血。诸药合用，温壮肾阳，滋补精血。,补阳补阴相配，阴中求阳，纯补无泻。,年老或久病气衰神疲，畏寒肢冷，腰膝软弱，阳痿遗精，或阳衰无子，或饮食减少，大便不实，或小便自遗，舌淡苔白，脉沉而迟。,P.143,《方剂学》第十版（邓中甲主编，人民卫生出版社，2016，ISBN 9787117218900）；PDF页码 P.268；书内索引页码 P.143,已从教材PDF抽取待人工复核,字段来自教材PDF文本抽取，训练前仍需人工核对剂量与页码。,官方药典精确命中,右归丸,中华人民共和国药典：2020年版．一部 P.855 entryId=1070,小蜜丸一次9g，大蜜丸一次1丸，一日3次。【规格】（1）小蜜丸每10丸重1.8g　（2）大蜜丸每丸重9g【贮藏】密封。,右归丸,P.268,P.143,PDF页码+书内索引页码,全文标题定位,D1_formula_snippets\059_右归丸.txt
60,第8章 固涩剂,牡蛎散,《太平惠民和剂局方》,黄芪去苗、土 麻黄根洗 牡蛎米泔浸，刷去土，火烧通赤，各一两（各15g）,上三味为粗散，每服三钱（9g），水一盏半，小麦百余粒，同煎至八分，去渣热服，日二服，不拘时候（现代用法：加小麦或浮小麦15g，水煎服）。,敛阴止汗，益气固表。,自汗、盗汗证。自汗，盗汗，夜卧尤甚，久而不止，心悸惊惕，短气烦倦，舌淡红，脉细弱。,方中煅牡蛎咸涩微寒，敛阴潜阳，固涩止汗为君药。自汗多由气虚所致，生黄芪益气实卫，固表止汗，为臣药。君臣相配，标本兼顾，止汗之力尤著。麻黄根功专收涩止汗，为佐药；小麦甘凉，专入心经，养心阴，益心气，并能清心除烦，为佐使药。诸药合用，既能益气固表，又能敛阴止汗，使气阴得复则汗出可止。,涩补并用，以涩为主；气阴兼顾，以气为主。,,P.150,《方剂学》第十版（邓中甲主编，人民卫生出版社，2016，ISBN 9787117218900）；PDF页码 P.280；书内索引页码 P.150,注意/禁忌待补核,教材正文未抽到明确注意/禁忌句，需人工补核。,官方药典有候选命中,安中片,中华人民共和国药典：2020年版．一部 P.975 entryId=1212,【鉴别】（1）取本品，置显微镜下观察：石细胞单个散在或成群，无色至棕色，类方形或类长方形，直径30～64μm，壁一面菲薄（桂枝）。不规则块片无色或淡黄褐色，表面具细纹理（煅牡蛎）。,牡蛎散,P.280,P.150,PDF页码+书内索引页码,全文标题定位,D1_formula_snippets\060_牡蛎散.txt
61,第8章 固涩剂,九仙散,王子昭方，录自《卫生宝鉴》,人参 款冬花 桑白皮 桔梗 五味子 阿胶 乌梅各一两（各12g） 贝母半两（6g） 罂粟壳去顶，蜜炒黄，八两（9g）,上为末，每服三钱，白汤点服，嗽住止后服（现代用法：共为粗末，每日三次，每次6g，温开水送服。亦可作汤剂，水煎服）。,敛肺止咳，益气养阴。,久咳伤肺，气阴两伤证。咳嗽日久不已，咳甚则气喘自汗，痰少而黏，脉虚数。,方中罂粟壳味酸涩，善于敛肺止咳，故重用为君药。五味子、乌梅酸涩，敛肺气，协助君药敛肺止咳；人参补益肺气；阿胶滋养肺阴，气阴双补，共为臣药。君臣相配，增强敛肺止咳、益气养阴之力。款冬花化痰止咳，降气平喘；桑白皮清肺泄热，止咳平喘；贝母清热化痰止咳，共为佐药。桔梗宣肺祛痰，载药上行，为佐使药，与以上诸药配伍，则敛中有散，降中寓升，但全方以降、收为主。诸药合用，共奏敛肺止咳、补益气阴之功。,酸涩之中纳甘润以顾气阴，敛降之中佐宣升以适肺性。,本方中罂粟壳有毒，不宜多服、久服，方后注曰：“嗽住止后服。,P.151,《方剂学》第十版（邓中甲主编，人民卫生出版社，2016，ISBN 9787117218900）；PDF页码 P.282；书内索引页码 P.151,已从教材PDF抽取待人工复核,字段来自教材PDF文本抽取，训练前仍需人工核对剂量与页码。,官方药典有候选命中,九圣散,中华人民共和国药典：2020年版．一部 P.547 entryId=730,【处方】苍术150g黄柏200g紫苏叶200g苦杏仁400g薄荷200g乳香120g没药120g轻粉50g红粉50g【制法】以上九味，除轻粉、红粉外，其余苍术等七味粉碎成细粉；将轻粉、红粉分别水飞成极细粉,九仙散,P.282,P.151,PDF页码+书内索引页码,全文标题定位,D1_formula_snippets\061_九仙散.txt
62,第8章 固涩剂,真人养脏汤,《太平惠民和剂局方》,人参 当归去芦 白术焙，各六钱（各6g） 肉豆蔻面裹，煨 ，半两（8g） 肉桂去粗皮 甘草炙，各八钱（各6g） 白芍药一两六钱（12g） 木香不见火，一两四钱（3g） 诃子去核，一两二钱（9g） 罂粟壳去蒂萼，蜜炙，三两六钱（9g）,上锉为粗末。每服二大钱（6g），水一盏半，煎至八分，去滓，食前温服。忌酒、面、生、冷、鱼腥、油腻（现代用法：水煎服）。,涩肠固脱，温补脾肾。,久泻久痢、脾肾虚寒证。大便滑脱不禁，甚则脱肛坠下，腹痛喜温喜按，或下痢赤白，或便脓血，里急后重，日夜无度，不思饮食，舌淡苔白，脉沉迟细。,方中重用罂粟壳涩肠固脱止泻，为君药。诃子苦酸温涩，功专涩肠止泻；肉豆蔻温中散寒，涩肠止泻，共为臣药，助君药以增强涩肠固脱止泻之功。君臣相配，体现“急则治标”之法。肉桂温肾暖脾，兼散阴寒；泻痢日久，气血亏虚，故用人参、白术益气健脾，当归、白芍养血和营，共治其本，其中白芍又治下痢腹痛；为防补涩太过导致气滞，配木香醒脾导滞、行气止痛，使补而不滞。以上药物共为佐药。炙甘草调和诸药，合白芍又能缓急止痛，是为佐使药。诸药合用，补涩结合，标本兼治，使……,涩温相伍，涩中寓补，以涩为主；补中有行，重在补脾。,忌酒、面、生、冷、鱼腥、油腻（现代用法：水煎服）。 以大便滑脱不禁，腹痛喜温喜按，食少神疲，舌淡苔白，脉迟细为辨证要点。 大便滑脱不禁，甚则脱肛坠下，腹痛喜温喜按，或下痢赤白，或便脓血，里急后重，日夜无度，不思饮食，舌淡苔白，脉沉迟细。,P.152,《方剂学》第十版（邓中甲主编，人民卫生出版社，2016，ISBN 9787117218900）；PDF页码 P.284；书内索引页码 P.152,已从教材PDF抽取待人工复核,字段来自教材PDF文本抽取，训练前仍需人工核对剂量与页码。,官方药典有候选命中,品名目次,中华人民共和国药典：2020年版．一部 P.30 entryId=2278,…1375养血生发胶囊…1377养血当归胶囊…1377养血饮口服液…1378养血荣筋丸…1379养血清脑丸…1380养血清脑颗粒…1381养阴生血合剂…1382养阴降糖片…1383养阴清肺丸…1384养阴清肺口服液,真人养脏汤（原名纯阳真人养脏汤）,P.284,P.152,PDF页码+书内索引页码,全文标题定位,D1_formula_snippets\062_真人养脏汤.txt
63,第8章 固涩剂,四神丸,《证治准绳》,肉豆蔻二两（6g） 补骨脂四两（12g） 五味子二两（6g） 吴茱萸浸炒，一两（3g）,上为末，生姜八两，红枣一百枚，煮熟，取枣肉和末丸，如桐子大，每服五七十丸，空心或食前白汤送下（现代用法：丸剂，每服6～9g，日2次，用淡盐汤或温开水送服；亦作汤剂，加姜6g、枣10枚，水煎服）。,温肾暖脾，固肠止泻。【主用】 脾肾阳虚之五更泻。五更泄泻，不思饮食，食不消化，或久泻不愈，腹痛喜温，腰酸肢冷，神疲乏力，舌淡，苔薄白，脉沉迟无力。【证治机理】 五更泻，又称肾泄、鸡鸣泄。多由命门火衰，火不暖土，脾失健运，肠失固涩所致。《素问·金匮真言论》云：“鸡鸣至平旦，天之阴，阴中之阳也，故人亦应之。”命门火衰应于此时，五更正是阴气极盛、阳气萌发之际，此时，阳气当至而不至，阴寒内盛，不能温暖脾土，脾阳不升而水谷下趋，故于五更之时出现泄泻。正如《医方集解》所言：“久泻皆由肾命火衰，不能专责脾胃。”肾阳虚衰，不能温暖脾阳，脾失健运，故不思饮食、疲倦乏力；脾肾虚寒，故腹痛腰酸；舌淡苔薄白，脉沉迟无力，皆属脾肾阳虚之候。治宜温肾暖脾，固肠止泻。【方解】 方中重用补骨脂温补命门之火，为君药。臣以肉豆蔻温脾暖胃，涩肠止泻。君臣相配，肾脾兼治，命门火旺则可暖脾土，脾得健运，肠得固摄，则久泻可止。佐以吴茱萸温暖脾肾以散阴寒；五味子温敛收涩，固肾益气，涩肠止泻。生姜温胃散寒，大枣补脾养胃，共为佐使药。诸药合用，温肾暖脾，涩肠止泻。《普济本事方》载二神丸（肉豆蔻、补骨脂） 主治“脾肾虚弱，全不进食”，五味子散（五味子、吴茱萸）专治肾泄。两方合之，温补固涩之功皆著，《绛雪园古方选注》谓“四种之药，治肾泄有神功也”，故冠之“四神”。【配伍特点】 温涩并用，以温为主；脾肾并补，重在治肾。【运用】 本方为治命门火衰，火不暖土所致五更泄泻或久泻之代表方。以五更泄泻，不思饮食，舌淡苔白，脉沉迟无力为辨证要点。《医方集解》强调本方服法应“临睡前时淡盐汤或白开水送下”，并释云“若平旦服之，至夜药力已尽，不能敌一夜之阴寒故也”，可资临床参考。【鉴别】 四神丸与真人养脏汤均能温肾暖脾，涩肠止泻，用于脾肾虚寒之泄泻证，伴有不思饮食、神疲乏力、腹冷痛等症。但真人养脏汤重用罂粟壳为君，以固涩为主，兼以温补脾肾，主治脾肾虚寒、以脾虚为主的泻痢日久、滑脱不禁证；四神丸以补骨脂为君，重在温补命门之火，以温肾为主，兼以暖脾涩肠，主治命门火衰、火不生土所致之五更泻。【方论选录】 此足少阴药也。破故纸辛苦大温，能补相火以通君火，火旺乃能生土，故以为君；肉蔻辛温，能行气消食、暖胃固肠；五味咸能补肾，酸能涩精；吴茱辛热，除湿燥脾，能入少阴、厥阴气分而补火；生姜暖胃，大枣补土，所以防水。盖久泻皆由肾命火衰，不能专责脾胃，故大补下焦元阳，使火旺土强，则能制水而不复妄行矣。（汪昂《医方集解·祛寒之剂》）【医案举例】 友人刘星圃患泄泻之症，被医误治，变为痢疾，小便不通，缠绵匝月，竟有一医认为水结，恣用甘遂、甘草，并杂以他药十余味，凑为一剂。病家闻甘遂与甘草相反，人虚如此，今可同服乎？医云：此名经方，非此不行。信而服之，仅服一次即直泻不止，几乎气脱，势甚危殆，始延余诊视。见其气息奄奄，六脉沉细无力，左尺浮芤，右尺沉伏。余曰：病由肾命火衰，水泛无归，今又被妄下，肾命之火愈衰，急宜温固，遂用四神丸以温之。一剂泻止溺通，次用真武汤以回阳镇水，随用健脾补火之剂大有转机，每餐能食饭一碗。（《温病浅说·温氏医案》）【方歌】 四神故纸吴茱萸，肉蔻五味四般须，大枣百枚姜八两，五更肾泄火衰扶。桃花汤《伤寒论》【组成】 赤石脂一半全用，一半筛末，一斤（20g） 干姜一两（12g） 粳米一升（15g）【用法】 上三味，以水七升，煮米令熟，去滓，温服七合，内赤石脂末方寸匕（5g），日三服。若一服愈，余勿服（现代用法，水煎服）。【功用】 涩肠止痢，温中散寒。,虚寒痢。下痢不止，或滑脱不禁，便脓血，色暗，腹痛喜温喜按，舌淡苔白，脉迟弱或微细。,方中重用补骨脂温补命门之火，为君药。臣以肉豆蔻温脾暖胃，涩肠止泻。君臣相配，肾脾兼治，命门火旺则可暖脾土，脾得健运，肠得固摄，则久泻可止。佐以吴茱萸温暖脾肾以散阴寒；五味子温敛收涩，固肾益气，涩肠止泻。生姜温胃散寒，大枣补脾养胃，共为佐使药。诸药合用，温肾暖脾，涩肠止泻。《普济本事方》载二神丸（肉豆蔻、补骨脂） 主治“脾肾虚弱，全不进食”，五味子散（五味子、吴茱萸）专治肾泄。两方合之，温补固涩之功皆著，《绛雪园古方选注》谓“四种之药，治……,温涩并用，以温为主；脾肾并补，重在治肾。,下痢不止，或滑脱不禁，便脓血，色暗，腹痛喜温喜按，舌淡苔白，脉迟弱或微细。,P.153,《方剂学》第十版（邓中甲主编，人民卫生出版社，2016，ISBN 9787117218900）；PDF页码 P.285；书内索引页码 P.153,已从教材PDF抽取待人工复核,字段来自教材PDF文本抽取，训练前仍需人工核对剂量与页码。,官方药典精确命中,四神丸,中华人民共和国药典：2020年版．一部 P.878 entryId=1100,取上述粉末用生姜汁和水泛丸，干燥，即得。【性状】本品为浅褐色至褐色的水丸；气微香，味苦、咸而带酸、辛。,四神丸,P.285,P.153,PDF页码+书内索引页码,全文标题定位,D1_formula_snippets\063_四神丸.txt
64,第8章 固涩剂,金锁固精丸,《医方集解》,沙苑蒺藜炒 芡实蒸 莲须各二两（各12g） 龙骨酥炙 牡蛎盐水煮一日一夜，煅粉，各一 两（各6g）,莲子粉糊为丸，盐汤下（现代用法：丸剂，每服9g，日2次，淡盐汤或开水送下；亦可作汤剂，加入莲子肉10g，水煎服）。,补肾涩精。,肾虚不固之遗精。遗精滑泄，腰疼耳鸣，四肢酸软，神疲乏力，舌淡苔白，脉细弱。,方中沙苑蒺藜甘温，补肾固精，《本经逢原》谓其“为泄精虚劳要药，最能固精”，故为君药。莲肉补肾涩精，芡实益肾固精，莲须固肾涩精，三药合用，以助君补肾固精之力，共为臣药。龙骨、牡蛎收敛固涩，重镇安神，共为佐药。诸药合用，既能涩精，又能补肾，标本兼顾，以涩为主。本方固精关，专为肾虚滑精者而设，故名“金锁固精”。,涩中寓补，重在固精，兼以补肾。,,P.156,《方剂学》第十版（邓中甲主编，人民卫生出版社，2016，ISBN 9787117218900）；PDF页码 P.291；书内索引页码 P.156,注意/禁忌待补核,教材正文未抽到明确注意/禁忌句，需人工补核。,官方药典有候选命中,品名目次,中华人民共和国药典：2020年版．一部 P.30 entryId=2278,…871再造生血胶囊…872西瓜霜润喉片…874西汉养生口服液（滋肾健脑液）…874西青果茶…875西青果颗粒…876西黄丸…876百令胶囊…877百合固金口服液…878百合固金丸…879百合固金丸（浓缩丸,金锁固精丸,P.291,P.156,PDF页码+书内索引页码,全文标题定位,D1_formula_snippets\064_金锁固精丸.txt
65,第8章 固涩剂,固冲汤,《医学衷中参西录》,白术炒，一两（30g） 生黄芪六钱（18g） 龙骨煅，捣细，八钱（24g） 牡蛎煅，捣细，八钱（24g） 萸肉去净核，八钱（24g） 生杭芍四钱（12g） 海螵蛸捣细，四钱（12g） 茜草三钱（9g） 棕边炭二钱（6g） 五倍子轧细，药汁送服，五分（1.5g）,水煎服。,益气健脾，固冲摄血。,脾肾虚弱，冲脉不固证。血崩或月经过多，或漏下不止，色淡质稀，心悸气短，神疲乏力，腰膝酸软，舌淡，脉细弱。,方中重用白术，与黄芪相伍，补气健脾，使气旺摄血，共为君药。肝肾足即冲任固，故配以山茱萸、白芍补益肝肾以调冲任，并能养血敛阴，共为臣药。煅龙骨、煅牡蛎、棕榈炭、五倍子功专收敛固涩，以增止血之力；海螵蛸、茜草化瘀止血，使血止而不留瘀，共为佐药。诸药合用，共奏益气健脾、固冲止血之功。冲为血海，血崩则冲脉空虚，而本方有固冲摄血之功，故以“固冲”冠之。,补涩相合，以涩为主；脾肾同调，主补脾气；寄行于收，止不留瘀。,,P.159,《方剂学》第十版（邓中甲主编，人民卫生出版社，2016，ISBN 9787117218900）；PDF页码 P.295；书内索引页码 P.159,注意/禁忌待补核,教材正文未抽到明确注意/禁忌句，需人工补核。,官方药典有候选命中,0128　冲洗剂,中华人民共和国药典：2020年版．四部 P.60 entryId=5399,冲洗剂也可以是注射用水，但在标签中应注明供冲洗用。通常冲洗剂应调节至等渗。三、冲洗剂在适宜条件下目测应澄清，可见异物应符合规定。四、冲洗剂的容器应符合注射剂容器的规定。,固冲汤,P.295,P.159,PDF页码+书内索引页码,全文标题定位,D1_formula_snippets\065_固冲汤.txt
66,第9章 安神剂,朱砂安神丸,《内外伤辨惑论》,朱砂另研，水飞为衣，五钱（1g） 甘草五钱五分（15g） 黄连去须净，酒洗，六钱（15g） 当归去芦，二钱五分（8g） 生地黄一钱五分（6g）,上药除朱砂外，四味共为细末，汤浸蒸饼为丸，如黍米大，以朱砂为衣，每服十五丸或二十丸，津唾咽下，或温水、凉水少许送下亦得（现代用法：上药研末，炼蜜为丸，每次6～9g，临睡前温开水送服；亦可作汤剂，水煎服，朱砂研细末冲服1g）。,镇心安神，清热养血。,心火亢盛，阴血不足证。心神烦乱，失眠多梦，惊悸怔忡，或胸中懊 ，舌尖红，脉细数。,方中朱砂专入心经，秉寒降之性，长于镇心安神，清心火，为君药。黄连苦寒，泻心火以除烦热，为臣药。生地黄清热滋阴，当归养血，均为佐药。甘草防朱砂质重碍胃，并调药和中，为佐使药。诸药合用，使心火降、阴血充，则心烦失眠、惊悸怔忡自除，故以“安神”名之。,质重苦寒，镇清并用，清中兼补，治标为主。,方中朱砂含硫化汞，不宜多服、久服，以防汞中毒； 素体脾胃虚弱者慎用。,P.162,《方剂学》第十版（邓中甲主编，人民卫生出版社，2016，ISBN 9787117218900）；PDF页码 P.301；书内索引页码 P.162,已从教材PDF抽取待人工复核,字段来自教材PDF文本抽取，训练前仍需人工核对剂量与页码。,官方药典有候选命中,牛黄镇惊丸,中华人民共和国药典：2020年版．一部 P.746 entryId=955,【功能与主治】镇惊安神，祛风豁痰。用于小儿惊风，高热抽搐，牙关紧闭，烦躁不安。【用法与用量】口服。水蜜丸一次1g，小蜜丸一次1.5g，大蜜丸一次1丸，一日1～3次；三岁以内小儿酌减。,朱砂安神丸,P.301,P.162,PDF页码+书内索引页码,全文标题定位,D1_formula_snippets\066_朱砂安神丸.txt
67,第9章 安神剂,天王补心丹,《校注妇人良方》,人参去芦 茯苓 玄参 丹参 桔梗 远志各五钱（各5g） 当归酒浸 五味 麦门冬去心 天门冬 柏子仁 酸枣仁炒，各一两（9g） 生地黄四两（12g）,上为末，炼蜜为丸，如梧桐子大，用朱砂为衣，每服二三十丸（6～9g），临卧，竹叶煎汤送下（现代用法：上药共为细末，炼蜜为小丸，用朱砂水飞9～15g为衣，每服6～9g，温开水送下，或竹叶煎汤送服；亦可作汤剂，水煎服）。,滋阴养血，补心安神。,阴虚血少，神志不安证。心悸怔忡，虚烦失眠，神疲健忘，或梦遗，手足心热，口舌生疮，大便干结，舌红少苔，脉细数。,方中重用甘寒之生地黄，滋阴养血，清虚热，为君药。天冬、麦冬滋阴清热，酸枣仁、柏子仁养心安神，当归补心血，共助生地滋阴补血以养心安神，俱为臣药。人参补气，使气旺而阴血自生，以宁心神；五味子酸收敛阴，以养心神；茯苓、远志养心安神，交通心肾；玄参滋阴降火，以制虚火上炎；丹参养心血而活血，可使诸药补而不滞；朱砂镇心安神，兼治其标，共为佐药。桔梗为舟楫，载药上行，以使药力上入心经，为使药。诸药相伍，共奏滋阴养血、补心安神之功。,重用甘寒，补中寓清；心肾并治，重在养心。,,P.166,《方剂学》第十版（邓中甲主编，人民卫生出版社，2016，ISBN 9787117218900）；PDF页码 P.307；书内索引页码 P.166,注意/禁忌待补核,教材正文未抽到明确注意/禁忌句，需人工补核。,官方药典有候选命中,品名目次,中华人民共和国药典：2020年版．一部 P.30 entryId=2278,…608开光复明丸…608开胃健脾丸…610开胸顺气丸…611开胸顺气胶囊…612天王补心丸…613天王补心丸（浓缩丸）…614天丹通络片…615天丹通络胶囊…616天和追风膏…618天菊脑安胶囊…619,天王补心丹,P.307,P.166,PDF页码+书内索引页码,全文标题定位,D1_formula_snippets\067_天王补心丹.txt
68,第9章 安神剂,酸枣仁汤,《金匮要略》,酸枣仁二升（15g） 甘草一两（3g） 知母二两（6g） 茯苓二两（6g） 川芎二两（6g）,上五味，以水八升，煮酸枣仁，得六升，内诸药，煮取三升，分温三服（现代用法：水煎服）。,养血安神，清热除烦。,肝血不足，虚热内扰之虚烦不眠证。虚烦失眠，心悸不安，头目眩晕，咽干口燥，舌红，脉弦细。,方中重用酸枣仁养血补肝，宁心安神，为君药。茯苓宁心安神，知母滋阴润燥、清热除烦，俱为臣药。川芎之辛散，调肝血，疏肝气，为佐药。川芎与酸枣仁相伍，寓散于收，补中有行，共奏养血调肝之功。甘草和中缓急，调和诸药，为佐使药。合而成方，共奏养血安神、清热除烦之功。,心肝同治，重在养肝；补中兼行，以适肝性。,,P.167,《方剂学》第十版（邓中甲主编，人民卫生出版社，2016，ISBN 9787117218900）；PDF页码 P.309；书内索引页码 P.167,注意/禁忌待补核,教材正文未抽到明确注意/禁忌句，需人工补核。,官方药典有候选命中,酸枣仁,中华人民共和国药典：2020年版．一部 P.431 entryId=583,另取酸枣仁皂苷A对照品、酸枣仁皂苷B对照品，加甲醇制成每1ml各含1mg的混合溶液，作为对照品溶液。,酸枣仁汤,P.309,P.167,PDF页码+书内索引页码,全文标题定位,D1_formula_snippets\068_酸枣仁汤.txt
69,第10章 开窍剂,安宫牛黄丸,《温病条辨》,牛黄一两（30g） 郁金一两（30g） 犀角（水牛角代）一两（30g） 黄连一两（30g） 朱砂一两（30g） 梅片二钱五分（7.5g） 麝香二钱五分（7.5g） 真珠五钱（15g） 山栀一两（30g） 雄黄一两（30g） 黄芩一两（30g）,上为极细末，炼老蜜为丸，每丸一钱（3g），金箔为衣，蜡护。脉虚者人参汤下，脉实者银花、薄荷汤下，每服一丸。大人病重体实者，日再服，甚至日三服；小儿服半丸，不知，再服半丸（现代用法：口服，一次1丸。小儿3岁以内，一次1/4丸；4～6岁，一次1/2丸。一日1～3次。昏迷不能口服者，可鼻饲给药）。,清热解毒，豁痰开窍。,邪热内陷心包证。高热烦躁，神昏谵语，或舌謇肢厥，舌红或绛，脉数。亦治中风昏迷，小儿惊厥，属邪热内闭者。,方中牛黄苦凉，清心解毒，豁痰开窍；犀角（水牛角）咸寒，清心凉血解毒；麝香芳香走窜，通达十二经，芳香开窍醒神。三味相配，清心开窍，凉血解毒，共为君药。黄连、黄芩、山栀苦寒清热，泻火解毒，以增牛黄、犀角清解热毒之力，共为臣药。冰片、郁金芳香辟秽，通窍开闭，以加强麝香开窍醒神之功；雄黄助牛黄以劫痰解毒；朱砂、珍珠清热镇心安神；金箔为衣，亦取其重镇安神之效，共为佐药。用炼蜜为丸，和胃调中，为使药。诸药配伍，清热解毒，芳香开窍。,苦寒清热与芳香开窍合法，主以清心泻火。,”脉虚为正不胜邪之兆，取人参补气扶正、托邪外出之功，此时应严密观察病情的变化，慎防其由闭转脱,P.173,《方剂学》第十版（邓中甲主编，人民卫生出版社，2016，ISBN 9787117218900）；PDF页码 P.318；书内索引页码 P.173,已从教材PDF抽取待人工复核,字段来自教材PDF文本抽取，训练前仍需人工核对剂量与页码。,官方药典精确命中,安宫牛黄丸,中华人民共和国药典：2020年版．一部 P.979 entryId=1217,【处方】牛黄100g水牛角浓缩粉200g麝香或人工麝香25g珍珠50g朱砂100g雄黄100g黄连100g黄芩100g栀子100g郁金100g冰片25g【制法】以上十一味，珍珠水飞或粉碎成极细粉；朱砂、雄黄分别水飞成极细粉；黄连、黄芩、栀子、郁金粉碎成细粉；将牛黄、水牛角浓缩粉、麝香或人工麝香、冰片研细，与上述粉末配研，过筛，混匀，加适量炼蜜制成大蜜丸600丸或1200丸，或包金衣，即得。【性状】本品为黄橙色至红褐色的大蜜丸，或为包金衣的大蜜丸，除去金衣后显黄橙色至红褐色；气芳香浓郁，味微苦。【鉴别】（1）取本品，,安宫牛黄丸,P.318,P.173,PDF页码+书内索引页码,全文标题定位,D1_formula_snippets\069_安宫牛黄丸.txt
70,第10章 开窍剂,紫雪,《苏恭方》，录自《外台秘要》,黄金百两（3000g） 寒水石三斤（1500g） 石膏三斤（1500g） 磁石三斤（1500g） 滑石三斤（1500g） 玄参一斤（500g） 羚羊角屑，五两（150g） 犀角屑（水牛角代），五两（150g） 升麻一升（250g） 沉香五两（150g） 丁子香一两（30g） 青木香五两（150g） 甘草炙，八两（240g）,上十三味，以水一斛，先煮五种金石药，得四斗，去滓后内八物，煮取一斗五升，去滓，取硝石四升（1000g），芒硝亦可，用朴硝精者十斤（5000g）投汁中，微炭火上煮，柳木篦搅，勿住手，有七升，投在木盆中，半日欲凝，内研朱砂三两（90g），细研当门子五分（1.5g），内中搅调，寒之二日成霜雪紫色。病人强壮者，一服二分（0.6g），当利热毒；老弱人或热毒微者，一服一分，以意节之，合得一剂（现代用法：口服，一次1.5～3g，一日2次。周岁小儿一次0.3g，每增1岁，递增0.3g，每日1次；五岁以上小儿遵医嘱，酌情服用）。,清热开窍，息风止痉。,热盛动风证。高热烦躁，神昏谵语，痉厥，口渴唇焦，尿赤便秘，舌质红绛，苔干黄，脉数有力或弦数；以及小儿热盛惊厥。,方中犀角（水牛角代）咸寒，清心凉血解毒；羚羊角咸寒，清热凉肝息风；麝香芳香走窜，开窍醒神。三药配伍，清热开窍息风，针对高热、神昏、惊厥而设，共为君药。生石膏辛甘大寒，寒水石辛咸大寒，二者清热泻火，除烦止渴；滑石甘淡而寒，清热利窍，引热下行，三石为臣，清热泻火且不伤津。佐以硝石、朴硝泻热通便，釜底抽薪；玄参滋阴清热凉血；升麻清热解毒透邪；青木香、丁香、沉香辛温芳香，行气通窍，与麝香配伍，增强开窍醒神之功；黄金、朱砂、磁石重镇安神，并能潜镇……,甘寒咸凉与芳香辛行、金石重镇相伍，开窍之中更具息风之效。,上十三味，以水一斛，先煮五种金石药，得四斗，去滓后内八物，煮取一斗五升，去滓，取硝石四升（1000g），芒硝亦可，用朴硝精者十斤（5000g）投汁中，微炭火上煮，柳木篦搅，勿住手，有七升，投在木盆中，半日欲凝，内研朱砂三两（90g），细研当门子五分（1.5g），内中搅调，寒之二日成霜雪紫色。 本方以金石重坠与辛香走窜之品为主，服用过量有损元气，故应中病即止。,P.175,《方剂学》第十版（邓中甲主编，人民卫生出版社，2016，ISBN 9787117218900）；PDF页码 P.320；书内索引页码 P.175,已从教材PDF抽取待人工复核,字段来自教材PDF文本抽取，训练前仍需人工核对剂量与页码。,官方药典精确命中,紫雪散,中华人民共和国药典：2020年版．一部 P.1768 entryId=2076,【处方】石膏144g北寒水石144g滑石144g磁石144g玄参48g木香15g沉香15g升麻48g甘草24g丁香3g芒硝（制）480g硝石（精制）96g水牛角浓缩粉9g羚羊角4.5g人工麝香3.6g朱砂9g【制法】以上十六味，石膏、北寒水石、滑石、磁石砸成小块，加水煎煮三次，玄参、木香、沉香、升麻、甘草、丁香用石膏等煎液煎煮三次，合并煎液，滤过，滤液浓缩成膏；芒硝（制）、硝石（精制）粉碎，兑入膏中，混匀，干燥，粉碎成细粉；羚羊角锉研成细粉；朱砂水飞成极细粉；将水牛角浓缩粉、人工麝香研细，与上述粉末配研，过筛，混匀,紫雪,P.320,P.175,PDF页码+书内索引页码,全文标题定位,D1_formula_snippets\070_紫雪.txt
71,第10章 开窍剂,至宝丹,《灵苑方》引郑感方，录自《苏沈良方》,生乌犀（水牛角代） 生玳瑁 琥珀 朱砂 雄黄各一两（各30g） 牛黄 龙脑 麝香各一分（各0.3g） 安息香一两半，酒浸，重阳煮令化，滤去滓，约取一两净（30g） 金银箔各五十片,上为丸，如皂角子大，每服一丸，人参汤送下，小儿量减（现代用法：研末为丸，每丸重3g，每服1丸，一日1次，小儿酌减）。,清热开窍，化浊解毒。,痰热内闭心包证。神昏谵语，身热烦躁，痰盛气粗，舌绛苔黄垢腻，脉滑数。亦治中风、中暑、小儿惊厥属于痰热内闭者。,方中麝香芳香开窍醒神；牛黄豁痰开窍清热，合犀角（水牛角代）清心凉血解毒，共为君药。臣以冰片（龙脑）、安息香辟秽化浊，芳香开窍，与麝香合用，开窍之力尤为显著；玳瑁清热解毒，镇心安神，息风定惊，可增强犀角、牛黄清热解毒之力。佐以雄黄助牛黄豁痰解毒；朱砂重镇安神，又清心火；琥珀镇惊安神；金箔、银箔镇心安神定惊，与朱砂、琥珀同用，加强重镇安神之力。全方由贵重药材组成，治病救危，疗效卓著，故称“至宝丹”。,芳香辟秽与清解镇心合法，主以化浊开窍。,,P.176,《方剂学》第十版（邓中甲主编，人民卫生出版社，2016，ISBN 9787117218900）；PDF页码 P.321；书内索引页码 P.176,注意/禁忌待补核,教材正文未抽到明确注意/禁忌句，需人工补核。,官方药典有候选命中,品名目次,中华人民共和国药典：2020年版．一部 P.30 entryId=2278,…709丹灯通脑软胶囊…710丹灯通脑胶囊…711丹红化瘀口服液…712丹参片…713丹香清脂颗粒…714丹桂香颗粒…714丹益片…716丹鹿通督片…717丹蒌片…718丹膝颗粒…719风热清口服液…721,至宝丹,P.321,P.176,PDF页码+书内索引页码,全文标题定位,D1_formula_snippets\071_至宝丹.txt
72,第10章 开窍剂,苏合香丸,《广济方》，录自《外台秘要》,吃力伽 光明砂研 麝香当门子 诃黎勒皮 香附子中白 沉香重者 青木香 丁子香 安息香 白檀香 荜茇上者 犀角（水牛角代）各一两（各30g） 熏陆香 苏合香 龙脑香各半 两（各15g）,上十五味，捣筛极细，白蜜煎，去沫，和为丸。每朝取井华水，服如梧子四丸，于净器中研破服，老小每碎一丸服之，仍取一丸如弹丸，蜡纸裹，绯袋盛，当心带之（现代用法：口服，每次1丸，小儿酌减，一日1～3次，温开水送服。昏迷不能口服者，可鼻饲给药）。,温通开窍，行气止痛。,寒闭证。突然昏倒，牙关紧闭，不省人事，苔白，脉迟。亦治心腹猝痛，甚则昏厥。中风、中气及感受时行瘴疠之气等属寒凝气滞之闭证者。,方中苏合香、麝香、龙脑香（冰片）、安息香芳香开窍，启闭醒神，辟秽化浊，共为君药。香附理气解郁；青木香行气止痛；沉香降气温中，温肾纳气；白檀香行气和胃；熏陆香（乳香）调气活血定痛；丁香温中降逆，治心腹冷痛。上述诸药，行气解郁，散寒止痛，理气活血，共为臣药。佐以辛热之荜茇，配合诸香温中散寒止痛；犀角（水牛角代）清心解毒，朱砂镇心安神，二者药性虽寒，但与大队温热之品相伍，则不悖温通开窍之旨；吃力伽（白术）补气健脾，燥湿化浊，诃子温涩敛气，二药……,芳香辛温相须，补敛寒镇相佐，温散开窍则无耗气伤正之虞。,方中药物辛香走窜，有损胎气，孕妇忌用。,P.178,《方剂学》第十版（邓中甲主编，人民卫生出版社，2016，ISBN 9787117218900）；PDF页码 P.325；书内索引页码 P.178,已从教材PDF抽取待人工复核,字段来自教材PDF文本抽取，训练前仍需人工核对剂量与页码。,官方药典精确命中,苏合香丸,中华人民共和国药典：2020年版．一部 P.1045 entryId=1286,再将苏合香炖化，加适量炼蜜与水制成水蜜丸960丸，低温干燥；或加适量炼蜜制成大蜜丸960丸，即得。【性状】本品为赭红色的水蜜丸或赭色的大蜜丸；气芳香，味微苦、辛。,苏合香丸（原名吃力伽丸）,P.325,P.178,PDF页码+书内索引页码,全文标题定位,D1_formula_snippets\072_苏合香丸.txt
73,第11章 理气剂,越鞠丸,《丹溪心法》,香附 苍术 川芎 栀子 神曲各等分（各6～10g）,上为末，水泛为丸如绿豆大（现代用法：水丸，每服6～9g，温开水送下；亦可作汤剂，水煎服）。,行气解郁。,六郁证。胸膈痞闷，脘腹胀痛，嗳腐吞酸，恶心呕吐，饮食不消。,方以香附为君，行气解郁以治气郁。川芎为血中之气药，功善行气活血，以解血郁；苍术燥湿运脾，以解湿郁；栀子清热泻火，以解火郁；神曲消食和胃，以解食郁，四药皆为臣佐之品。诸药合用，行气解郁，气行血活，湿祛热清，食化脾健，气、血、湿、火、食五郁自解。至于痰郁，或因气滞湿聚而生，或因饮食积滞而致，或因火邪炼液而成，今五郁得解，则痰郁自消。,五药治六郁，诸法并举，重在调理气机。,,P.181,《方剂学》第十版（邓中甲主编，人民卫生出版社，2016，ISBN 9787117218900）；PDF页码 P.331；书内索引页码 P.181,注意/禁忌待补核,教材正文未抽到明确注意/禁忌句，需人工补核。,官方药典精确命中,越鞠丸,中华人民共和国药典：2020年版．一部 P.1757 entryId=2062,【处方】醋香附200g川芎200g炒栀子200g苍术（炒）200g六神曲（炒）200g【制法】以上五味，粉碎成细粉，过筛，混匀，用水泛丸，干燥，即得。,越鞠丸（又名芎术丸）,P.331,P.181,PDF页码+书内索引页码,全文标题定位,D1_formula_snippets\073_越鞠丸.txt
74,第11章 理气剂,柴胡疏肝散,《证治准绳》,陈皮醋炒 柴胡各二钱（各6g） 川芎 枳壳麸炒 芍药各一钱半（各4.5g） 甘草炙，五分（1.5g） 香附一钱半（4.5g）,水一盅半，煎八分（2.5g），食前服（现代用法：水煎服）。,疏肝解郁，行气止痛。,肝气郁滞证。胁肋疼痛，胸闷喜太息，情志抑郁或易怒，或嗳气，脘腹胀满，脉弦。,方中柴胡苦辛而入肝胆，功擅条达肝气而疏郁结，为君药。香附味辛入肝，长于疏肝行气止痛；川芎味辛气温，入肝胆经，能行气活血、开郁止痛。二药共助柴胡疏肝解郁，且有行气止痛之效，同为臣药。陈皮理气行滞而和胃，醋炒以入肝行气；枳壳行气止痛以疏理肝脾；芍药养血柔肝，缓急止痛，与柴胡相伍，养肝之体，利肝之用，且防诸辛香之品耗伤气血，俱为佐药。甘草调和药性，与白芍相合，则增缓急止痛之功，为佐使药。诸药共奏疏肝解郁，行气止痛之功。本方以四逆散易枳实为枳壳……,辛疏酸敛合法，肝脾气血兼顾，主以辛散疏肝，辅以敛阴柔肝。,但本方药性芳香辛燥，不宜久煎； 易耗气伤阴，不宜久服，且孕妇慎用。,P.182,《方剂学》第十版（邓中甲主编，人民卫生出版社，2016，ISBN 9787117218900）；PDF页码 P.332；书内索引页码 P.182,已从教材PDF抽取待人工复核,字段来自教材PDF文本抽取，训练前仍需人工核对剂量与页码。,官方药典有候选命中,逍遥丸（浓缩丸）,中华人民共和国药典：2020年版．一部 P.1511 entryId=1797,另取柴胡对照药材1g，同法制成对照药材溶液。,柴胡疏肝散,P.332,P.182,PDF页码+书内索引页码,全文标题定位,D1_formula_snippets\074_柴胡疏肝散.txt
75,第11章 理气剂,半夏厚朴汤,《金匮要略》,半夏一升（12g） 厚朴三两（9g） 茯苓四两（12g） 生姜五两（15g） 苏叶二两（6g）,上五味，以水七升，煮取四升，分温四服，日三夜一服（现代用法：水煎服）。,行气散结，降逆化痰。,梅核气。咽中如有物阻，咯吐不出，吞咽不下，或咳或呕，舌苔白润或白滑，脉弦缓或弦滑。,方中半夏辛温入肺胃，化痰散结，降逆和胃，为君药。厚朴苦辛性温，下气除满，为臣药。二药相合，化痰结，降逆气，痰气并治。茯苓健脾渗湿，湿去则痰无由生；生姜辛温散结，和胃止呕，且制半夏之毒；苏叶芳香行气，理肺疏肝，助厚朴以行气宽胸、宣通郁结之气，共为佐药。诸药合用，共奏行气散结，降逆化痰之功。,辛苦行降，痰气并治，行中有宣，降中有散。,,P.185,《方剂学》第十版（邓中甲主编，人民卫生出版社，2016，ISBN 9787117218900）；PDF页码 P.337；书内索引页码 P.185,注意/禁忌待补核,教材正文未抽到明确注意/禁忌句，需人工补核。,官方药典有候选命中,香砂养胃丸（浓缩丸）,中华人民共和国药典：2020年版．一部 P.1347 entryId=1613,【处方】木香210g砂仁210g白术300g陈皮300g茯苓300g半夏（制）300g醋香附210g枳实（炒）210g豆蔻（去壳）210g姜厚朴210g广藿香210g甘草90g生姜90g大枣150g【制法,半夏厚朴汤,P.337,P.185,PDF页码+书内索引页码,全文标题定位,D1_formula_snippets\075_半夏厚朴汤.txt
76,第11章 理气剂,苏子降气汤,《太平惠民和剂局方》,紫苏子 半夏汤洗七次，各二两半（各9g） 川当归去芦，两半（6g） 甘草，二两（6g） 前胡去芦 厚朴去粗皮，姜汁拌炒，各一两（各6g） 肉桂去皮，一两半（3g）,上为细末，每服二大钱（6g），水一盏半，入生姜二片，枣子一个，紫苏五叶，同煎至八分，去滓热服，不拘时候（现代用法：加生姜3g，大枣1枚，苏叶2g，水煎服）。,降气平喘，祛痰止咳。,上实下虚之喘咳证。喘咳痰多，短气，胸膈满闷，呼多吸少，或腰疼脚软，或肢体浮肿，舌苔白滑或白腻，脉弦滑。,方中以紫苏子为君药，温而不燥，质润而降，善降上逆之肺气，消壅滞之痰涎，为治痰逆咳喘之要药。半夏燥湿化痰降逆，为臣药。厚朴降逆平喘，宽胸除满；前胡降气祛痰；肉桂温肾助阳纳气；当归辛甘温润，既止咳逆上气，又可养血补虚以助肉桂温补下元，共为佐药。生姜、大枣调和脾胃；苏叶宣肺散寒，与诸药相伍，降逆化痰之中兼宣肺气；甘草和中益气，调和药性，为佐使药。诸药合用，标本兼治，治上顾下，使气降痰消，则咳喘自平。本方始载于唐《备急千金要方》，原名“紫苏子汤……,降以平上实，温以助下虚，肺肾兼顾，主以治上。,,P.191,《方剂学》第十版（邓中甲主编，人民卫生出版社，2016，ISBN 9787117218900）；PDF页码 P.347；书内索引页码 P.191,注意/禁忌待补核,教材正文未抽到明确注意/禁忌句，需人工补核。,官方药典有候选命中,苏子降气丸,中华人民共和国药典：2020年版．一部 P.1045 entryId=1285,【功能与主治】降气化痰，温肾纳气。用于上盛下虚、气逆痰壅所致的咳嗽喘息、胸膈痞塞。【用法与用量】口服。一次6g，一日1～2次。【注意】阴虚，舌红无苔者忌服。【规格】每13粒重1g【贮藏】密封。,苏子降气汤,P.347,P.191,PDF页码+书内索引页码,全文标题定位,D1_formula_snippets\076_苏子降气汤.txt
77,第11章 理气剂,定喘汤,《摄生众妙方》,白果去壳，砸碎，炒黄色，二十一个（9g） 麻黄三钱（9g） 苏子二钱（6g） 甘草一钱 （3g） 款冬花三钱（9g） 杏仁去皮尖，一钱五分（4.5g） 桑皮蜜炙，三钱（9g） 黄芩微炒，一钱五分（4.5g） 法制半夏如无，用甘草汤泡七次，去脐用，三钱（9g）,上用水三盅，煎二盅，作二服。每服一盅，不用姜，不拘时候，徐徐服（现代用法：水煎服）。,宣降肺气，清热化痰。,痰热内蕴，风寒外束之哮喘。咳喘痰多气急，痰稠色黄，或微恶风寒，舌苔黄腻，脉滑数。,方中麻黄疏散风寒，宣肺平喘；白果敛肺定喘。二药配伍，散收结合，既能增强平喘之功，又可使宣肺而不耗气，敛肺而不留邪，共为君药。桑白皮泻肺平喘，黄芩清热化痰，二者合用以消内蕴之痰热，为臣药。杏仁、苏子、半夏、款冬花降气平喘，化痰止咳，俱为佐药。甘草调药和中，且能止咳，用为佐使。诸药配伍，内清痰热，外散风寒，宣降肺气而平哮喘。,宣降清敛相伍，以适肺性，主以肃降肺气。,,P.192,《方剂学》第十版（邓中甲主编，人民卫生出版社，2016，ISBN 9787117218900）；PDF页码 P.349；书内索引页码 P.192,注意/禁忌待补核,教材正文未抽到明确注意/禁忌句，需人工补核。,官方药典有候选命中,金礞石,中华人民共和国药典：2020年版．一部 P.281 entryId=344,用于顽痰胶结，咳逆喘急，癫痫发狂，烦躁胸闷，惊风抽搐。【用法与用量】多入丸散服，3～6g；煎汤10～15g，布包先煎。【贮藏】置干燥处。,定喘汤,P.349,P.192,PDF页码+书内索引页码,全文标题定位,D1_formula_snippets\077_定喘汤.txt
78,第11章 理气剂,旋覆代赭汤,《伤寒论》,旋覆花三两（9g） 人参二两（6g） 生姜五两（15g） 代赭石一两（3g） 甘草炙，三两（9g） 半夏洗，半升（9g） 大枣擘，十二枚（4枚）,以水一斗，煮取六升，去滓再煎，取三升，温服一升，日三服（现代用法：水煎服）。,降逆化痰，益气和胃。,胃虚气逆痰阻证。心下痞硬，噫气不除，或见纳差、呃逆、恶心，甚或呕吐，舌苔白腻，脉缓或滑。,方中旋覆花苦辛咸温，性主降，善于下气消痰，降逆止噫，重用为君。代赭石重坠降逆以止呃，下气消痰，为臣药。半夏祛痰散结，降逆和胃；生姜用量独重，和胃降逆增其止呕之力，并可宣散水气以助祛痰之功；人参、大枣、炙甘草甘温益气，健脾养胃，以治中虚气弱之本，俱为佐药。炙甘草调和药性，兼作使药。诸药相合，标本兼治，共奏降逆化痰、益气和胃之功，使逆气得降，痰浊得消，中虚得复。,沉降相须，消补相伍，下气而无伤正之虞。,方中代赭石性寒沉降，有碍胃气，若胃虚较著者，其用量不可过重。,P.194,《方剂学》第十版（邓中甲主编，人民卫生出版社，2016，ISBN 9787117218900）；PDF页码 P.351；书内索引页码 P.194,已从教材PDF抽取待人工复核,字段来自教材PDF文本抽取，训练前仍需人工核对剂量与页码。,官方药典有候选命中,品名目次,中华人民共和国药典：2020年版．一部 P.30 entryId=2278,银杏叶…329银柴胡…330甜瓜子…331猪牙皂…331猪苓…331猪胆粉…332猫爪草…333麻黄…333麻黄根…334鹿角…335鹿角胶…335鹿角霜…336鹿茸…336鹿衔草…337商陆…338旋覆花,旋覆代赭汤,P.351,P.194,PDF页码+书内索引页码,全文标题定位,D1_formula_snippets\078_旋覆代赭汤.txt
79,第11章 理气剂,橘皮竹茹汤,《金匮要略》,橘皮二升（12g） 竹茹二升（12g） 大枣三十枚（5枚） 生姜半斤（9g） 甘草五两（6g） 人参一两（3g）,上六味，以水一斗，煮取三升，温服一升，日三服（现代用法：水煎服）。,降逆止呃，益气清热。,胃虚有热之呃逆。呃逆或干呕，虚烦少气，口干，舌红嫰，脉虚数。,方中橘皮辛苦而温，行气和胃；竹茹甘寒，清热和胃，降逆止呕。二药相伍，降逆止呃，清热除烦，行气和胃，共为君药。生姜和胃止呕，助君药以降逆止呃；人参益气补中，与橘皮相合，则行中有补，同为臣药。大枣、甘草益气补脾和胃，合人参补中以治胃气之虚；大枣与生姜为伍，调和脾胃，俱为佐药。甘草调和药性，兼作使药。诸药合用，共奏降逆止呃、益气清热之功。,降清补相伍，主以清降，清而不寒，补而不滞。,,P.195；P.196,《方剂学》第十版（邓中甲主编，人民卫生出版社，2016，ISBN 9787117218900）；PDF页码 P.353；书内索引页码 P.195；P.196,同名/多出处需复核,方名索引存在多个页码/同名方，已抽取首个正文定位，需人工确认版本。；教材正文未抽到明确注意/禁忌句，需人工补核。,官方药典有候选命中,竹茹,中华人民共和国药典：2020年版．一部 P.194 entryId=213,饮片【炮制】竹茹　除去杂质，切段或揉成小团。【性状】【检查】【浸出物】同药材。姜竹茹　取净竹茹，照姜汁炙法（通则0213）炒至黄色。【性状】本品形如竹茹，表面黄色。微有姜香气。,橘皮竹茹汤,P.353,P.195；P.196,PDF页码+书内索引页码,全文标题定位,D1_formula_snippets\079_橘皮竹茹汤.txt
80,第12章 理血剂,桃核承气汤,《伤寒论》,桃仁去皮尖，五十个（12g） 大黄四两（12g） 桂枝去皮，二两（6g） 甘草炙，二两（6g） 芒硝二两（6g）,上四味，以水七升，煮取二升半，去滓，内芒硝，更上火，微沸，下火，先食，温服五合，日三服，当微利（现代用法：水煎服，芒硝冲服）。,逐瘀泻热。,下焦蓄血证。少腹急结，小便自利，至夜发热，其人如狂，甚则谵语烦躁；以及血瘀经闭，痛经，脉沉实而涩者。,本方由调胃承气汤减芒硝之量，加桃仁、桂枝而成。方中桃仁苦甘平，活血破瘀；大黄苦寒，下瘀泻热。二者合用，瘀热并治，共为君药。芒硝咸苦寒，泻热软坚，助大黄下瘀泻热；桂枝辛甘温，通行血脉，既助桃仁活血祛瘀，又防硝黄寒凉凝血之弊，共为臣药。桂枝与硝、黄同用，相反相成，桂枝得硝、黄则温通而不助热；硝、黄得桂枝则寒下而不凉遏。炙甘草护胃安中，并缓诸药之峻烈，为佐使药。诸药合用，共奏破血下瘀之功。,活血攻下，相辅相成；寒中寓温，以防凉遏。,服后“当微利”，使蓄血除，瘀热清，邪有出路。 因本方为破血下瘀之剂，故孕妇禁用。,P.198,《方剂学》第十版（邓中甲主编，人民卫生出版社，2016，ISBN 9787117218900）；PDF页码 P.358；书内索引页码 P.198,已从教材PDF抽取待人工复核,字段来自教材PDF文本抽取，训练前仍需人工核对剂量与页码。,官方药典有候选命中,品名目次,中华人民共和国药典：2020年版．一部 P.30 entryId=2278,273胆南星…273胖大海…273独一味…274独活…274急性子…275姜黄…276前胡…277首乌藤…277洪连…278洋金花…279穿山龙…279穿心莲…280络石藤…281十画　秦珠莱莲莪荷桂桔桃核夏柴党鸭铁积臭射徐狼凌高拳粉益浙娑海浮通预桑秦艽,桃核承气汤,P.358,P.198,PDF页码+书内索引页码,全文标题定位,D1_formula_snippets\080_桃核承气汤.txt
81,第12章 理血剂,血府逐瘀汤,《医林改错》,桃仁四钱（12g） 红花三钱（9g） 当归三钱（9g） 生地三钱（9g） 川芎一钱半（4.5g） 赤芍二钱（6g） 牛膝三钱（9g） 桔梗一钱半（4.5g） 柴胡一钱（3g） 枳壳二钱（6g） 甘草二 钱（6g）,水煎服。,活血化瘀，行气止痛。,胸中血瘀证。胸痛，头痛，日久不愈，痛如针刺而有定处，或呃逆日久不止，或饮水即呛，干呕，或内热瞀闷，或心悸怔忡，失眠多梦，急躁易怒，入暮潮热，唇暗或两目暗黑，舌质暗红或有瘀斑、瘀点，脉涩或弦紧。,本方取桃红四物汤与四逆散之主要配伍，加下行之牛膝和上行之桔梗而成。方中桃仁破血行滞而润燥，红花活血祛瘀以止痛，共为君药。赤芍、川芎助君药活血祛瘀；牛膝入血分，性善下行，能祛瘀血，通血脉，并引瘀血下行，使血不郁于胸中，瘀热不上扰，共为臣药。生地黄甘寒，清热凉血，滋阴养血；合当归养血，使祛瘀不伤正；合赤芍清热凉血，以清瘀热。三者养血益阴，清热活血，共为佐药。桔梗、枳壳，一升一降，宽胸行气，桔梗并能载药上行；柴胡疏肝解郁，升达清阳，与桔梗、枳……,活血与行气相伍，祛瘀与养血同施，升降兼顾，气血并调。,,P.200,《方剂学》第十版（邓中甲主编，人民卫生出版社，2016，ISBN 9787117218900）；PDF页码 P.360；书内索引页码 P.200,注意/禁忌待补核,教材正文未抽到明确注意/禁忌句，需人工补核。,官方药典有候选命中,血府逐瘀丸,中华人民共和国药典：2020年版．一部 P.944 entryId=1178,用于气滞血瘀所致的胸痛、头痛日久、痛如针刺而有定处、内热烦闷、心悸失眠、急躁易怒。【用法与用量】空腹时用红糖水送服。一次1～2丸，一日2次。【注意】忌食辛冷食物；孕妇禁用。,血府逐瘀汤,P.360,P.200,PDF页码+书内索引页码,全文标题定位,D1_formula_snippets\081_血府逐瘀汤.txt
82,第12章 理血剂,补阳还五汤,《医林改错》,黄芪生，四两（120g） 归尾二钱（6g） 赤芍钱半（4.5g） 地龙去土，一钱（3g） 川芎一钱（3g） 红花一钱（3g） 桃仁一钱（3g）,水煎服。,补气活血通络。,气虚血瘀之中风。半身不遂，口眼斜，语言謇涩，口角流涎，小便频数或遗尿不禁，舌暗淡，苔白，脉缓无力。,方中重用生黄芪，甘温大补元气，使气旺以促血行，瘀去络通，为君药。当归尾活血通络而不伤血，为臣药。赤芍、川芎、桃仁、红花助当归尾活血祛瘀，为佐药；地龙通经活络，力专善走，并引诸药之力直达络中，为佐使药。合而用之，则气旺、瘀消、络通，诸症可愈。,重用补气，佐以活血，气旺血行，补而不滞。,半身不遂，口眼斜，语言謇涩，口角流涎，小便频数或遗尿不禁，舌暗淡，苔白，脉缓无力。,P.202,《方剂学》第十版（邓中甲主编，人民卫生出版社，2016，ISBN 9787117218900）；PDF页码 P.364；书内索引页码 P.202,已从教材PDF抽取待人工复核,字段来自教材PDF文本抽取，训练前仍需人工核对剂量与页码。,官方药典有候选命中,吴茱萸,中华人民共和国药典：2020年版．一部 P.227 entryId=266,【性状】本品呈球形或略呈五角状扁球形，直径2～5mm。表面暗黄绿色至褐色，粗糙，有多数点状突起或凹下的油点。顶端有五角星状的裂隙，基部残留被有黄色茸毛的果梗。,补阳还五汤,P.364,P.202,PDF页码+书内索引页码,全文标题定位,D1_formula_snippets\082_补阳还五汤.txt
83,第12章 理血剂,复元活血汤,《医学发明》,柴胡半两（15g） 栝楼根 当归各三钱（各9g） 红花 甘草 穿山甲炮，各二钱（各 6g） 大黄酒浸，一两（18g） 桃仁酒浸，去皮尖，研如泥，五十个（15g）,除桃仁外，锉如麻豆大，每服一两，水一盏半，酒半盏，同煎至七分，去滓，大温服之，食前，以利为度，得利痛减，不尽服（现代用法：共为粗末，每服30g，加黄酒30mL，水煎服）。,活血祛瘀，疏肝通络。,跌打损伤，瘀血阻滞证。胁肋瘀肿，痛不可忍。,方中重用酒制大黄，荡涤凝瘀败血，导瘀下行，推陈致新；柴胡疏肝行气，并可引诸药入肝经。两药合用，一升一降，攻散胁下之瘀滞，共为君药。桃仁、红花活血祛瘀，消肿止痛；穿山甲破瘀通络，消肿散结，为臣药。当归补血活血；栝楼根（天花粉）“续绝伤”（《神农本草经》），“消仆损瘀血”（《日华子本草》），既能入血分助诸药而消瘀散结，又可清热消肿，共为佐药。甘草缓急止痛，调和诸药，是为使药。大黄、桃仁酒制及原方加酒煎服，乃增强活血通络之意。诸药配伍，使瘀祛……,破瘀疏肝通络合法，升降相合，气血并调。,以胁肋瘀肿疼痛，痛不可忍为辨证要点。 孕妇忌服。 胁肋瘀肿，痛不可忍。,P.203,《方剂学》第十版（邓中甲主编，人民卫生出版社，2016，ISBN 9787117218900）；PDF页码 P.365；书内索引页码 P.203,已从教材PDF抽取待人工复核,字段来自教材PDF文本抽取，训练前仍需人工核对剂量与页码。,官方药典有候选命中,桃枝,中华人民共和国药典：2020年版．一部 P.340 entryId=438,【功能与主治】活血通络，解毒杀虫。用于心腹刺痛，风湿痹痛，跌打损伤，疮癣。【用法与用量】9～15g。外用适量，煎汤洗浴。【贮藏】置干燥处。,复元活血汤,P.365,P.203,PDF页码+书内索引页码,全文标题定位,D1_formula_snippets\083_复元活血汤.txt
84,第12章 理血剂,温经汤,《金匮要略》,吴茱萸三两（9g） 当归二两（6g） 芍药二两（6g） 芎䓖二两（6g） 人参二两（6g） 桂枝二两（6g） 阿胶二两（6g） 牡丹皮去心，二两（6g） 生姜二两（6g） 甘草二两（6g） 半夏半升（6g） 麦冬去心，一升（9g）,上十二味，以水一斗，煮取三升，分温三服（现代用法：水煎服，阿胶烊冲）。,温经散寒，养血祛瘀。,冲任虚寒，瘀血阻滞证。漏下不止，经血淋漓不畅，血色暗而有块，月经超前或延后，或逾期不止，或一月再行，或经停不至，而见少腹里急，腹满，傍晚发热，手心烦热，唇口干燥，舌质暗红，脉细而涩。亦治妇人宫冷，久不受孕。,方中吴茱萸辛热，入肝肾而走冲任，散寒行气止痛；桂枝辛甘温入血分，温通血脉。二者温经散寒，行血通脉，共为君药。当归、川芎、芍药活血祛瘀，养血调经，补血之虚，祛血之瘀，共为臣药。丹皮之辛苦微寒，活血祛瘀，并能清退虚热；阿胶甘平，养血止血，滋阴润燥；麦冬甘寒清润，滋阴润燥，合阿胶以滋阴养血，配丹皮以清虚热，并制桂、萸之温燥；阳明气血充足，则冲任得以盈满，配伍人参、甘草，益气健脾，以资生化之源，阳生阴长，气旺血充；半夏辛温行散，入胃经通降胃气……,温清补消并用，以温经化瘀为主，温而不燥。,,P.205,《方剂学》第十版（邓中甲主编，人民卫生出版社，2016，ISBN 9787117218900）；PDF页码 P.368；书内索引页码 P.205,注意/禁忌待补核,教材正文未抽到明确注意/禁忌句，需人工补核。,官方药典有候选命中,姜半夏,中华人民共和国药典：2020年版．一部 P.173 entryId=181,【性味与归经】辛，温。归脾、胃、肺经。【功能与主治】温中化痰，降逆止呕。用于痰饮呕吐，胃脘痞满。【用法与用量】3～9g。【注意】不宜与川乌、制川乌、草乌、制草乌、附子同用。【贮藏】置通风干燥处，防蛀。,温经汤,P.368,P.205,PDF页码+书内索引页码,全文标题定位,D1_formula_snippets\084_温经汤.txt
85,第12章 理血剂,生化汤,《傅青主女科》,全当归八钱（24g ） 川芎三钱（9g） 桃仁去皮尖，研，十四枚（6g） 干姜炮黑，五分（2g） 甘草炙，五分（2g）,黄酒、童便各半煎服（现代用法：水煎服，或酌加黄酒同煎）。,养血活血，温经止痛。,血虚寒凝，瘀血阻滞证。产后恶露不行，小腹冷痛。,方中重用全当归补血活血，化瘀生新，为君药。川芎辛散温通，活血行气；桃仁活血祛瘀，均为臣药。炮姜入血散寒，温经止血；黄酒温通血脉以助药力，共为佐药。炙甘草和中缓急，调和诸药，用以为使。原方另用童便（现多不用）同煎者，乃取其益阴化瘀，引败血下行之意。诸药合用，具有活血养血、化瘀生新、温经止痛之功，使瘀血得去，新血得生，则腹痛自止。方名生化，乃生新血、化瘀血之意，即唐容川所谓“血瘀能化之，即所以生之”（《血证论》）。,补消温相伍，养血活血之中寓祛瘀生新之法。,,P.206,《方剂学》第十版（邓中甲主编，人民卫生出版社，2016，ISBN 9787117218900）；PDF页码 P.370；书内索引页码 P.206,注意/禁忌待补核,教材正文未抽到明确注意/禁忌句，需人工补核。,官方药典有候选命中,四逆汤,中华人民共和国药典：2020年版．一部 P.878 entryId=1099,【处方】淡附片300g干姜200g炙甘草300g【制法】以上三味，淡附片、炙甘草加水煎煮二次，第一次2小时，第二次1.5小时，合并煎液，滤过；干姜用水蒸气蒸馏提取挥发油，挥发油和蒸馏后的水溶液备用；姜渣再加水煎煮1小时，煎液与上述水溶液合并，滤过，再与淡附片、炙甘草的煎液合并，浓缩至约400ml，放冷，加乙醇1200ml，搅匀，静置24小时，滤过，减压浓缩至适量，用适量水稀释，冷藏24小时，滤过，加单糖浆300ml、苯甲酸钠3g与上述挥发油，加水至1000ml，搅匀，灌封，灭菌，即得。【性状】本品为棕黄色的液体；气,生化汤,P.370,P.206,PDF页码+书内索引页码,全文标题定位,D1_formula_snippets\085_生化汤.txt
86,第12章 理血剂,咳血方,《丹溪心法》,青黛（6g） 瓜蒌仁（9g） 诃子（6g） 海粉（9g） 山栀（9g）（原著本方无用量）,上为末，以蜜同姜汁丸，噙化（现代用法：共研末为丸，每服9g；亦可作汤剂，水煎服）。,清肝宁肺，凉血止血。,肝火犯肺之咳血证。咳嗽痰稠带血，咯吐不爽，心烦易怒，胸胁作痛，咽干口苦，颊赤便秘，舌红苔黄，脉弦数。,方中青黛咸寒，入肝肺二经，能清肝泻火而凉血止血；山栀子苦寒，入心肝肺经，清热凉血，泻火除烦，炒黑可入血分而止血。两药合用，澄本清源，共为君药。火热灼津成痰，痰不除则咳不止，咳不止则血不宁，故用瓜蒌仁清热化痰、润肺止咳；海粉（现多用海浮石）清肺降火，软坚化痰，为臣药。诃子苦涩平，入肺和大肠经，生用清降敛肺，化痰止咳，用以为佐。诸药合用，共奏清肝宁肺之功，使木不刑金，肺复宣降，痰化咳平，其血自止。,肝肺同治，主以清肝，于清泻之中求止血之功。,,P.211,《方剂学》第十版（邓中甲主编，人民卫生出版社，2016，ISBN 9787117218900）；PDF页码 P.378；书内索引页码 P.211,注意/禁忌待补核,教材正文未抽到明确注意/禁忌句，需人工补核。,官方药典有候选命中,云南白药,中华人民共和国药典：2020年版．一部 P.685 entryId=886,用于跌打损伤，瘀血肿痛，吐血、咳血、便血、痔血、崩漏下血，手术出血，疮疡肿毒及软组织挫伤，闭合性骨折，支气管扩张及肺结核咳血，溃疡病出血，以及皮肤感染性疾病。,咳血方,P.378,P.211,PDF页码+书内索引页码,全文标题定位,D1_formula_snippets\086_咳血方.txt
87,第12章 理血剂,十灰散,《十药神书》,大蓟 小蓟 荷叶 侧柏叶 茅根 茜根 山栀 大黄 牡丹皮 棕榈皮各等分 （各9g）,上药各烧灰存性，研极细末，用纸包，碗盖于地上一宿，出火毒。用时先将白藕捣汁，或萝卜汁磨京墨半碗，调服五钱，食后服下（现代用法：各药烧炭存性，为末，藕汁或萝卜汁磨京墨适量，调服9～15g；亦可作汤剂，水煎服）。,凉血止血。,血热妄行之上部出血证。呕血、吐血、咯血、嗽血、衄血等，血色鲜红，来势急暴，舌红，脉数。,方中大蓟、小蓟性味甘凉，长于凉血止血，且能祛瘀，是为君药。荷叶、侧柏叶、白茅根、茜根皆能凉血止血；棕榈皮收涩止血，与君药相配，既能增强澄本清源之力，又有塞流止血之功，皆为臣药。血之所以上溢，是由于气盛火旺，故用栀子、大黄清热泻火，使邪热从大小便而去，则气火得降而血止，是为佐药；重用凉降涩止之品，恐致留瘀，故以丹皮配大黄凉血祛瘀，使止血而不留瘀，亦为佐药。用法中用藕汁或萝卜汁磨京墨调服，藕汁能清热凉血散瘀，萝卜汁降气清热以助止血，京墨有收……,炒炭存性，纳清降以助凉血，佐祛瘀以防留瘀。,对虚寒性出血不宜使用。,P.210,《方剂学》第十版（邓中甲主编，人民卫生出版社，2016，ISBN 9787117218900）；PDF页码 P.377；书内索引页码 P.210,已从教材PDF抽取待人工复核,字段来自教材PDF文本抽取，训练前仍需人工核对剂量与页码。,官方药典有候选命中,疏风定痛丸,中华人民共和国药典：2020年版．一部 P.1831 entryId=2144,【性状】本品为棕黑色或灰黑色的水蜜丸，或为灰黑色的小蜜丸或大蜜丸；气辛香，味苦、酸。【鉴别】（1）取本品，置显微镜下观察：气孔特异，保卫细胞侧面观呈哑铃状（麻黄）。,十灰散,P.377,P.210,PDF页码+书内索引页码,全文标题定位,D1_formula_snippets\087_十灰散.txt
88,第13章 治风剂,川芎茶调散,《太平惠民和剂局方》,薄荷叶不见火，八两（12g） 川芎 荆芥去梗，各四两（各12g） 细辛去芦，一两（3g） 防风去芦，一两半（4.5g） 白芷 羌活 甘草 ，各二两（各6g）,上为细末，毎服二钱（6g），食后，茶清调下（现代用法：共为细末，每服6g，每日2次，饭后清茶调服；亦可作汤剂，水煎服）。,疏风止痛。,外感风邪头痛。偏正头痛或巅顶头痛，恶寒发热，目眩鼻塞，舌苔薄白，脉浮。,方中川芎性味辛温，为“诸经头痛之要药”，善于祛风活血而止头痛，长于治少阳、厥阴经头痛（头顶或两侧痛），为君药。薄荷、荆芥轻而上行，善能疏风止痛，并能清利头目，为臣药。羌活、白芷均能疏风止痛，其中羌活长于治太阳经头痛（后脑牵连项痛）；白芷长于治阳明经头痛（前额及眉心痛），李杲谓“头痛须用川芎，如不愈加各引经药，太阳羌活，阳明白芷”。细辛散寒止痛，并长于治少阴经头痛；防风辛散上部风邪。以上各药协助君、臣以增强疏风止痛之效，均为佐药。炙甘草益……,辛散疏风于上，诸经兼顾；佐入苦凉之品，寓降于升。,本方用药以辛温之品为多，使用时用量宜轻，不宜久煎。,P.216,《方剂学》第十版（邓中甲主编，人民卫生出版社，2016，ISBN 9787117218900）；PDF页码 P.386；书内索引页码 P.216,已从教材PDF抽取待人工复核,字段来自教材PDF文本抽取，训练前仍需人工核对剂量与页码。,官方药典精确命中,川芎茶调散,中华人民共和国药典：2020年版．一部 P.594 entryId=788,另取川芎对照药材0.3g，同法制成对照药材溶液。,川芎茶调散,P.386,P.216,PDF页码+书内索引页码,全文标题定位,D1_formula_snippets\088_川芎茶调散.txt
89,第13章 治风剂,消风散,《外科正宗》,当归 生地 防风 蝉蜕 知母 苦参 胡麻 荆芥 苍术 牛蒡子 石膏各一钱 （各6g） 甘草 木通各五分（各3g）,水二盅，煎至八分，食远服（现代用法：水煎服）。,疏风养血，清热除湿。,风疹、湿疹。皮肤疹出色红，或遍身云片斑点，瘙痒，抓破后渗出津水，苔白或黄，脉浮数。,方中荆芥、防风、蝉蜕、牛蒡子辛散以达邪，疏风以止痒，为君药。风湿相搏而致水液流溢，苍术祛风除湿，苦参清热燥湿，木通渗利湿热，俱为臣药。风邪易于化热，故用石膏、知母清热泻火；风热或风湿浸淫血脉则伤阴血，苦寒渗利之品亦可伤及阴血，故用当归、生地、胡麻仁以养血活血，滋阴润燥，既补已伤之阴血，且达“治风先治血，血行风自灭”之意，又制约诸药之温燥，皆为佐药。生甘草清热解毒，调和诸药，为使药。合而用之，共奏疏风养血、清热除湿之功。,辛散苦燥甘润相伍，外疏清利之中寓润养之法。,,P.219,《方剂学》第十版（邓中甲主编，人民卫生出版社，2016，ISBN 9787117218900）；PDF页码 P.390；书内索引页码 P.219,注意/禁忌待补核,教材正文未抽到明确注意/禁忌句，需人工补核。,官方药典有候选命中,品名目次,中华人民共和国药典：2020年版．一部 P.30 entryId=2278,…721风痛安胶囊…721风湿马钱片…722风湿定片…723风湿骨痛片…724风湿骨痛胶囊…725风寒双离拐片…726风寒咳嗽丸…727风寒咳嗽颗粒…728乌贝散…729乌贝颗粒…729乌军治胆片…730,消风散,P.390,P.219,PDF页码+书内索引页码,全文标题定位,D1_formula_snippets\089_消风散.txt
90,第13章 治风剂,大秦艽汤,《素问病机气宜保命集》,秦艽三两（9g） 甘草 川芎 川独活 当归 白芍药 石膏各二两（各6g） 川羌活 防风 吴白芷 黄芩 白术 白茯苓 生地黄 熟地黄各一两（各3g） 细辛半两（1.5g）,上十六味锉，每服一两（30g），水煎，去滓，温服，无时（现代用法：水煎服）。,祛风清热，养血活血。,风邪初中经络证。口眼斜，舌强不能言语，手足不能运动，风邪散见，不拘一经者。,方中重用秦艽为君，“祛一身之风”（《医方集解·祛风之剂》）。辅以羌活、独活、防风、白芷、细辛等辛温之品，祛风散邪，俱为臣药。因风药多燥，易伤阴血，且口舌强者，多为血虚不能养筋，故配伍熟地、当归、白芍、川芎以养血活血，补血养筋，络通则风易散，寓有“治风先治血，血行风自灭”之意，并制诸风药之温燥；脾为气血生化之源，故用白术、茯苓、甘草益气健脾，以化生气血；生地、石膏、黄芩清热，是为风邪郁而化热者设，均为佐药。甘草调和诸药，亦兼使药。诸药相……,辛温甘寒，外散内补，气血兼顾，清养并行。,,P.217,《方剂学》第十版（邓中甲主编，人民卫生出版社，2016，ISBN 9787117218900）；PDF页码 P.388；书内索引页码 P.217,注意/禁忌待补核,教材正文未抽到明确注意/禁忌句，需人工补核。,官方药典有候选命中,独活寄生丸,中华人民共和国药典：2020年版．一部 P.1419 entryId=1692,本品含独活以蛇床子素（C15H16O3）计，水蜜丸每1g不得少于0.20mg；大蜜丸每丸不得少于1.2mg。秦艽　照高效液相色谱法（通则0512）测定。,大秦艽汤,P.388,P.217,PDF页码+书内索引页码,全文标题定位,D1_formula_snippets\090_大秦艽汤.txt
91,第13章 治风剂,镇肝熄风汤,《医学衷中参西录》,怀牛膝一两（30g） 生赭石轧细，一两（30g） 生龙骨捣碎，五钱（15g） 生牡蛎捣碎，五钱（15g） 生龟板捣碎，五钱（15g） 生杭芍五钱（15g） 玄参五钱（15g） 天冬五钱（15g） 川楝子捣碎，二钱（6g） 生麦芽二钱（6g） 茵陈二钱（6g） 甘草钱半（4.5g）,水煎服。,镇肝息风，滋阴潜阳。,类中风。头晕目眩，目胀耳鸣，脑部热痛，面色如醉，心中烦热，或时常噫气，或肢体渐觉不利，口眼渐形斜；甚或眩晕颠仆，昏不知人，移时始醒；或醒后不能复原，脉弦长有力。,方中怀牛膝苦酸性平，归肝肾经，重用以引血下行，折其阳亢，并有补益肝肾之效，为君药。代赭石质重沉降，镇肝降逆，合牛膝引气血下行以治其标；龙骨、牡蛎、龟板、白芍益阴潜阳，镇肝息风，共为臣药。玄参、天冬滋阴清热，壮水涵木；肝为刚脏，喜条达而恶抑郁，过用重镇之品以强制，势必影响其疏泄条达之性，故又以茵陈、川楝子、生麦芽清泄肝热，疏理肝气，以顺肝性，利于肝阳的平降镇潜，均为佐药。甘草调和诸药为使，合生麦芽又能和胃安中，以防金石、介壳类药物质重碍胃……,镇降下行，重在治标，滋潜清疏，以适肝性。,,P.224,《方剂学》第十版（邓中甲主编，人民卫生出版社，2016，ISBN 9787117218900）；PDF页码 P.398；书内索引页码 P.224,注意/禁忌待补核,教材正文未抽到明确注意/禁忌句，需人工补核。,官方药典有候选命中,本版药典（一部）新增品种名单,中华人民共和国药典：2020年版．一部 P.18 entryId=2275,（浓缩丸）舒肝解郁胶囊舒泌通胶囊痛风定片湿毒清片滋肾健脑颗粒强力天麻杜仲丸强力枇杷胶囊强力枇杷露强力定眩胶囊疏风解毒胶囊蒲元和胃胶囊蒲地蓝消炎胶囊增液颗粒镇咳宁口服液镇咳宁颗粒癃清胶囊藤丹胶囊,镇肝熄风汤,P.398,P.224,PDF页码+书内索引页码,全文标题定位,D1_formula_snippets\091_镇肝熄风汤.txt
92,第13章 治风剂,天麻钩藤饮,《中医内科杂病证治新义》,天麻（9g） 钩藤后下（12g） 生决明先煎（18g） 山栀 黄芩（各9g） 川牛膝（12g） 杜仲 益母草 桑寄生 夜交藤 朱茯神（各9g）（原著本方无用量）,水煎服。,平肝息风，清热活血，补益肝肾。,肝阳偏亢，肝风上扰证。头痛，眩晕，失眠，舌红苔黄，脉弦数。,方中天麻、钩藤平肝息风，为君药。石决明咸寒质重，平肝潜阳，除热明目，助君平肝息风之力；川牛膝引血下行，兼益肝肾，并能活血利水，共为臣药。杜仲、寄生补益肝肾以治本；栀子、黄芩清肝降火，以折其亢阳；益母草合川牛膝活血利水，以利平降肝阳；夜交藤、朱茯神宁心安神，均为佐药。诸药合用，共奏平肝息风，清热活血，补益肝肾之功。,清平养并用，主以平肝；心肝肾同治，重在治肝。,,P.225,《方剂学》第十版（邓中甲主编，人民卫生出版社，2016，ISBN 9787117218900）；PDF页码 P.401；书内索引页码 P.225,注意/禁忌待补核,教材正文未抽到明确注意/禁忌句，需人工补核。,官方药典有候选命中,天智颗粒,中华人民共和国药典：2020年版．一部 P.676 entryId=875,【处方】天麻533g钩藤533g石决明533g杜仲533g桑寄生533g茯神267g首乌藤533g槐花267g栀子267g黄芩267g川牛膝400g益母草533g【制法】以上十二味，钩藤、桑寄生、益母草,天麻钩藤饮,P.401,P.225,PDF页码+书内索引页码,全文标题定位,D1_formula_snippets\092_天麻钩藤饮.txt
93,第13章 治风剂,牵正散,《杨氏家藏方》,白附子 白僵蚕 全蝎去毒，并生用，各等分（各5g）,上细为末，每服一钱（3g），热酒调下，不拘时候（现代用法：共为细末，每次3g，温酒送服，日服2～3次；亦可作汤剂，水煎服）。,祛风化痰，通络止痉。,风痰阻于头面经络所致口眼斜。,方中白附子辛温燥烈，入阳明走头面，祛风化痰，尤善治头面之风，为君药。僵蚕、全蝎均能祛风止痉，其中全蝎长于通络，僵蚕并能化痰，共为臣药。热酒调服，可宣通血脉，并能引药入络，直达病所，以为佐使。诸药合用，使风散痰消，经络通畅，口眼斜得以复正，是名“牵正”。,辛温上行以祛风痰，药简力宏。,方中白附子、全蝎为有毒之品，临证慎酌用量，不宜久服。,P.220,《方剂学》第十版（邓中甲主编，人民卫生出版社，2016，ISBN 9787117218900）；PDF页码 P.391；书内索引页码 P.220,已从教材PDF抽取待人工复核,字段来自教材PDF文本抽取，训练前仍需人工核对剂量与页码。,官方药典有候选命中,复方牵正膏,中华人民共和国药典：2020年版．一部 P.1381 entryId=1650,【处方】白附子50g地龙50g全蝎50g僵蚕50g川芎40g白芷40g当归40g赤芍40g防风40g生姜40g樟脑10g冰片10g薄荷脑5g麝香草酚5g【制法】以上十四味，除樟脑、冰片、薄荷脑和麝香草酚外，其余白附子等十味粉碎成粗粉，用85%乙醇作溶剂，浸渍，渗漉，收集漉液2200ml，漉液回收乙醇并浓缩至相对密度为1.05～1.10（55℃），与樟脑、冰片、薄荷脑和麝香草酚混匀，加入约4倍量重的由橡胶、松香、氧化锌、凡士林和羊毛脂制成的基质，制成涂料，进行涂膏，切段，盖衬，切成小块，即得。【性状】本品为浅棕色的片,牵正散,P.391,P.220,PDF页码+书内索引页码,全文标题定位,D1_formula_snippets\093_牵正散.txt
94,第14章 治燥剂,杏苏散,《温病条辨》,苏叶（9g） 半夏（9g） 茯苓（9g） 甘草（3g） 前胡（9g） 苦桔梗（6g） 枳壳（6g） 生姜（3片） 橘皮（6g） 大枣去核（3枚） 杏仁（9g）（原著本方无用量）,水煎温服。,轻宣凉燥，理肺化痰。,外感凉燥证。恶寒无汗，头微痛，咳嗽痰稀，鼻塞咽干，苔白，脉弦。,方中苏叶辛温不燥，发汗解表，宣畅肺气，使凉燥之邪从表而解；杏仁苦温而润，肃降肺气，润燥止咳。二药配伍，苦辛温润，共为君药。前胡既助苏叶疏风解表，又助杏仁降气化痰；桔梗、枳壳宣降肺气，既疏理胸膈气机，又化痰止咳祛邪。三药合用，有宣有降，使气顺津布，痰消咳止，共用为臣。橘皮、半夏行气燥湿化痰；茯苓渗湿健脾以杜生痰之源；生姜、大枣调和营卫，滋脾行津以助润燥，共为佐药。甘草调和药性，且合桔梗宣肺利咽，为佐使之用。诸药配伍，外可轻宣凉燥，内可理肺……,苦辛微温，肺脾同治，重在治肺轻宣。,,P.230,《方剂学》第十版（邓中甲主编，人民卫生出版社，2016，ISBN 9787117218900）；PDF页码 P.408；书内索引页码 P.230,注意/禁忌待补核,教材正文未抽到明确注意/禁忌句，需人工补核。,官方药典有候选命中,本版药典（一部）新增品种名单,中华人民共和国药典：2020年版．一部 P.18 entryId=2275,血栓通胶囊血滞通胶囊血塞通片血塞通胶囊血塞通颗粒壮腰健身丸安胎丸安脑片妇宁栓妇科止带胶囊妇科养荣丸妇康宝口服液（妇康宝合剂）芩暴红止咳分散片芪风固表颗粒芪明颗粒芪参益气滴丸芪珍胶囊芪黄通秘软胶囊芪蛭降糖片苏黄止咳胶囊杏苏止咳口服液杞菊地黄口服液连参通淋片补肾益精丸补虚通瘀颗粒坤宁口服液坤泰胶囊苦甘颗粒苦参软膏固肠止泻胶囊和血明目片和胃止泻胶囊金嗓开音颗粒金嗓清音胶囊金蝉止痒胶囊乳块消颗粒乳康颗粒参芪五味子颗粒参芪降糖片参芪降糖胶囊厚朴排气合剂胃疡宁丸复方双花口服液复方鱼腥草合剂复方益母草胶囊脉络舒通丸脉络舒通颗粒养,杏苏散,P.408,P.230,PDF页码+书内索引页码,全文标题定位,D1_formula_snippets\094_杏苏散.txt
95,第14章 治燥剂,清燥救肺汤,《医门法律》,桑叶经霜者，去枝、梗，净叶，三钱（9g） 石膏煅，二钱五分（7.5g） 甘草一钱（3g） 人参七分（2g） 胡麻仁炒，研，一钱（3g） 真阿胶八分（2.5g） 麦门冬去心，一钱二分（3.5g） 杏仁泡，去皮尖，炒黄，七分（2g） 枇杷叶刷去毛，蜜涂，炙黄，一片（3g）,水一碗，煎六分，频频二三次，滚热服（现代用法：水煎服）。,清燥润肺，益气养阴。,温燥伤肺证。身热头痛，干咳无痰，气逆而喘，咽喉干燥，鼻燥，胸满胁痛，心烦口渴，舌干少苔，脉虚大而数。,方中重用霜桑叶为君，取其质轻寒润入肺，清透宣泄燥热，清肺止咳。石膏辛甘大寒，善清肺热而兼能生津止渴；与甘寒养阴生津之麦门冬相伍，可助桑叶清除温燥，并兼顾损伤之津液，共为臣药。肺为娇脏，清肺不可过于寒凉，故石膏煅用。《素问·脏气法时论》曰：“肺苦气上逆，急食苦以泄之。”用少量杏仁、枇杷叶苦降肺气，止咳平喘；阿胶、胡麻仁以助麦门冬养阴润燥。《难经·十四难》云：“损其肺者，益其气。”而土为金之母，故用人参、甘草益气补中，培土生金，以上均为佐药……,宣清合法，宣中有降，清中有润，气阴双补，培土生金。,”本方证治虽属外燥，但温燥伤肺较重，故临证可依肺热及阴伤之程度，调整桑叶、石膏、麦冬等君臣药之用量，不可拘泥，当圆机活法。,P.232,《方剂学》第十版（邓中甲主编，人民卫生出版社，2016，ISBN 9787117218900）；PDF页码 P.411；书内索引页码 P.232,已从教材PDF抽取待人工复核,字段来自教材PDF文本抽取，训练前仍需人工核对剂量与页码。,官方药典有候选命中,玄明粉,中华人民共和国药典：2020年版．一部 P.170 entryId=175,【功能与主治】泻下通便，润燥软坚，清火消肿。用于实热积滞，大便燥结，腹满胀痛；外治咽喉肿痛，口舌生疮，牙龈肿痛，目赤，痈肿，丹毒。【用法与用量】3～9g，溶入煎好的汤液中服用。外用适量。,清燥救肺汤,P.411,P.232,PDF页码+书内索引页码,全文标题定位,D1_formula_snippets\095_清燥救肺汤.txt
96,第14章 治燥剂,桑杏汤,《温病条辨》,桑叶一钱（3g） 杏仁一钱五分（4.5g） 沙参二钱（6g） 象贝一钱（3g） 香豉一钱（3g） 栀皮一钱（3g） 梨皮一钱（3g）,水二杯，煎取一杯，顿服之，重者再作服（现代用法：水煎服）。,清宣温燥，润肺止咳。,外感温燥证。头痛，身热不甚，微恶风寒，口渴，咽干鼻燥，干咳无痰，或痰少而黏，舌红，苔薄白而干，脉浮数而右脉大。,方中桑叶轻清宣散，长于疏散风热，宣肺清热；杏仁苦温润降，功善肃降肺气而止咳，共为君药。淡豆豉辛凉透散，以助桑叶轻宣发表；象贝清化痰热，合而为臣。沙参养阴生津，润肺止咳；梨皮益阴降火，生津润肺；栀子皮质轻而寒，入上焦清泄肺热，共为佐药。诸药合用，共奏清宣温燥、润肺止咳之功。,辛凉甘润，透散温燥而不伤津，凉润肺金而不滋腻。,本方意在清宣，故药量不宜过重，煎煮时间不宜过长，以体现“治上焦如羽，非轻不举”之法。,P.231,《方剂学》第十版（邓中甲主编，人民卫生出版社，2016，ISBN 9787117218900）；PDF页码 P.409；书内索引页码 P.231,已从教材PDF抽取待人工复核,字段来自教材PDF文本抽取，训练前仍需人工核对剂量与页码。,官方药典有候选命中,品名目次,中华人民共和国药典：2020年版．一部 P.30 entryId=2278,…1583桑菊感冒丸…1584桑菊感冒片…1585桑菊感冒合剂…1585桑葛降脂丸…1586十一画　理培黄萆梅排控虚野蛇银甜得麻痔康羚断清添寄颈维理中丸…1587培元通脑胶囊…1588培坤丸…1589黄氏响声丸,桑杏汤,P.409,P.231,PDF页码+书内索引页码,全文标题定位,D1_formula_snippets\096_桑杏汤.txt
97,第14章 治燥剂,麦门冬汤,《金匮要略》,麦门冬七升（42g） 半夏一升（6g） 人参三两（9g） 甘草二两（6g） 粳米三合（6g） 大枣十二枚（4枚）,上六味，以水一斗二升，煮取六升，温服一升，日三夜一服（现代用法：水煎服）。,滋养肺胃，降逆下气。,1.虚热肺痿。咳唾涎沫，短气喘促，咽干口燥，舌红少苔，脉虚数。2.胃阴不足证。气逆呕吐，口渴咽干，舌红少苔，脉虚数。,方中麦门冬重用为君，甘寒清润，养阴生津，滋液润燥，兼清虚热，两擅其功。臣以半夏降逆下气、化痰和胃，一则降逆以止咳呕，二则开胃行津以润肺，三则防大剂量麦冬之滋腻壅滞，二药相反相成。人参健脾补气，俾脾胃气旺，自能于水谷之中生化津液，上润于肺，亦即“阳生阴长”之意。甘草、粳米、大枣甘润性平，合人参和中滋液，培土生金，以上俱为佐药。甘草调和药性，兼作使药。诸药相合，可使肺胃阴复，逆气得降，中土健运，诸症自愈。,重用甘寒清润，少佐辛温降逆，滋而不腻，温而不燥，培土生金，肺胃并治。,,P.234,《方剂学》第十版（邓中甲主编，人民卫生出版社，2016，ISBN 9787117218900）；PDF页码 P.414；书内索引页码 P.234,注意/禁忌待补核,教材正文未抽到明确注意/禁忌句，需人工补核。,官方药典有候选命中,四逆汤,中华人民共和国药典：2020年版．一部 P.878 entryId=1099,【处方】淡附片300g干姜200g炙甘草300g【制法】以上三味，淡附片、炙甘草加水煎煮二次，第一次2小时，第二次1.5小时，合并煎液，滤过；干姜用水蒸气蒸馏提取挥发油，挥发油和蒸馏后的水溶液备用；姜渣再加水煎煮1小时，煎液与上述水溶液合并，滤过，再与淡附片、炙甘草的煎液合并，浓缩至约400ml，放冷，加乙醇1200ml，搅匀，静置24小时，滤过，减压浓缩至适量，用适量水稀释，冷藏24小时，滤过，加单糖浆300ml、苯甲酸钠3g与上述挥发油，加水至1000ml，搅匀，灌封，灭菌，即得。【性状】本品为棕黄色的液体；气,麦门冬汤,P.414,P.234,PDF页码+书内索引页码,全文标题定位,D1_formula_snippets\097_麦门冬汤.txt
98,第14章 治燥剂,增液汤,《温病条辨》,玄参一两（30g） 麦冬连心，八钱（24g） 细生地八钱（24g）,原方以水八杯，煮取三杯，口干则与饮令尽。不便，再作服（现代用法：水煎服）。,增液润燥。,阳明温病，津亏肠燥便秘证。大便秘结，口渴，舌干红，脉细数或脉沉无力者。,方中重用玄参为君药，其苦咸而寒，清热养阴生津，启肾水以滋肠燥。以细生地为臣药，其甘苦而寒，清热滋阴，壮水生津，与君药玄参相须相宜。肺与大肠相表里，故用麦冬甘寒，滋肺增液，生津润肠以润燥，为佐药。三药合用，“寓泻于补，以补药之体，作泻药之用，既可攻实，又可防虚”（《温病条辨》卷二），养阴增液而清热，使肠燥得润，大便自下，故名之曰“增液汤”。,重剂咸寒甘润，增水行舟，寓泻于补。,,P.238,《方剂学》第十版（邓中甲主编，人民卫生出版社，2016，ISBN 9787117218900）；PDF页码 P.421；书内索引页码 P.238,注意/禁忌待补核,教材正文未抽到明确注意/禁忌句，需人工补核。,官方药典有候选命中,增液颗粒,中华人民共和国药典：2020年版．一部 P.1902 entryId=2220,【鉴别】（1）取本品5g，研细，加热水20ml，搅拌使溶解，加盐酸1ml，加热并保持微沸5分钟，放冷，用三氯甲烷15ml振摇提取，分取三氯甲烷液，浓缩至1ml，作为供试品溶液。,增液汤,P.421,P.238,PDF页码+书内索引页码,全文标题定位,D1_formula_snippets\098_增液汤.txt
99,第14章 治燥剂,百合固金汤,《慎斋遗书》,熟地 生地 归身各三钱（各9g） 白芍 甘草各一钱（各3g） 桔梗 玄参各八分（各3g） 贝母 麦冬 百合各一钱半（各6g）,水煎服。,滋润肺肾，止咳化痰。,肺肾阴亏，虚火上炎证。咳嗽气喘，痰中带血，咽喉燥痛，头晕目眩，午后潮热，舌红少苔，脉细数。,方中生、熟二地为君，滋补肾阴亦养肺阴，熟地兼能补血，生地兼能凉血。臣以百合、麦冬滋养肺阴并润肺止咳；玄参咸寒，协二地滋肾，且降虚火。君臣相伍，滋肾润肺，金水并补。佐以贝母，清热润肺，化痰止咳；桔梗载药上行，化痰散结，并利咽喉；当归、芍药补血敛肺止咳。佐使以甘草，调和诸药，且与桔梗为伍以利咽喉。诸药相合，滋阴凉血，降火消痰。,主以甘寒，肺肾同治，金水相生，润中寓清。,,P.236,《方剂学》第十版（邓中甲主编，人民卫生出版社，2016，ISBN 9787117218900）；PDF页码 P.417；书内索引页码 P.236,注意/禁忌待补核,教材正文未抽到明确注意/禁忌句，需人工补核。,官方药典有候选命中,百合固金颗粒,中华人民共和国药典：2020年版．一部 P.931 entryId=1160,【处方】百合25.4g地黄50.8g熟地黄76.3g麦冬38.1g玄参20.3g川贝母25.4g当归25.4g白芍25.4g桔梗20.3g甘草25.4g【制法】以上十味，当归、川贝母、桔梗及甘草12.7g,百合固金汤,P.417,P.236,PDF页码+书内索引页码,全文标题定位,D1_formula_snippets\099_百合固金汤.txt
100,第15章 祛湿剂,平胃散,《简要济众方》,苍术去黑皮，捣为粗末，炒黄色，四两（12g） 厚朴去粗皮，涂生姜汁，炙令香熟，三两（9g） 陈橘皮洗令净，焙干，二两（6g） 甘草炙黄，一两（3g）,上为散。每服二钱（6g），水一中盏，加生姜二片，大枣二枚，同煎至六分，去滓，食前温服（现代用法：共研细末，每服4～6g，姜枣煎汤送下；亦可作汤剂，加生姜2片、大枣2枚，水煎服）。,燥湿运脾，行气和胃。,湿滞脾胃证。脘腹胀满，不思饮食，口淡无味，恶心呕吐，嗳气吞酸，肢体沉重，怠惰嗜卧，常多自利，舌苔白腻而厚，脉缓。,方中苍术辛香苦温，为燥湿运脾要药，使湿去则脾运有权，脾健则湿邪得化，为君药。厚朴辛温而散，长于行气除满，俾气行则湿化，且其味苦性燥而能燥湿，与苍术有相须之妙，为臣药。陈皮辛行温通，理气和胃，燥湿醒脾，协苍术、厚朴燥湿行气之力益彰，为佐药。甘草甘平入脾，既可益气补中而实脾，令“脾强则有制湿之能”（《医方考》），合诸药泄中有补，使祛邪而不伤正，又能调和诸药，为佐使药。煎煮时少加生姜、大枣以增补脾和胃之效。俾湿去脾健，气机调畅，胃气平和，升降……,苦辛芳香温燥，主以燥化，辅以行气；主以运脾，兼以和胃。,本方中药物辛苦温燥，易耗气伤津，故阴津不足或脾胃虚弱者及孕妇不宜使用。,P.240,《方剂学》第十版（邓中甲主编，人民卫生出版社，2016，ISBN 9787117218900）；PDF页码 P.425；书内索引页码 P.240,已从教材PDF抽取待人工复核,字段来自教材PDF文本抽取，训练前仍需人工核对剂量与页码。,官方药典有候选命中,品名目次,中华人民共和国药典：2020年版．一部 P.30 entryId=2278,…1286香苏调胃片…1287香连丸…1288香连丸（浓缩丸）…1288香连片…1289香连化滞丸…1289香附丸…1291香附丸（水丸）…1291香砂六君丸…1292香砂平胃丸…1293香砂和中丸…1294,平胃散,P.425,P.240,PDF页码+书内索引页码,全文标题定位,D1_formula_snippets\100_平胃散.txt
101,第15章 祛湿剂,藿香正气散,《太平惠民和剂局方》,大腹皮 白芷 紫苏 茯苓去皮，各一两（各3g） 半夏曲 白术 陈皮去白 厚朴去粗皮，姜汁炙 苦桔梗各二两（各6g） 藿香去土，三两（9g） 甘草炙，二两半（6g）,上为细末，每服二钱（6g），水一盏，姜三片，枣一枚，同煎至七分，热服。如欲出汗，衣被盖，再煎并服（现代用法：散剂，每服6g，生姜3片、大枣1枚，煎汤送服；亦可作汤剂，加生姜3片、大枣1枚，水煎服）。,解表化湿，理气和中。,外感风寒，内伤湿滞证。霍乱吐泻，恶寒发热，头痛，胸膈满闷，脘腹疼痛，舌苔白腻，脉浮或濡缓。以及山岚瘴疟等。,方中藿香辛温芳香，外散风寒，内化湿滞，辟秽和中，为治霍乱吐泻之要药，重用为君。半夏曲、陈皮理气燥湿，和胃降逆以止呕；白术、茯苓健脾助运，除湿和中以止泻，助藿香内化湿浊以止吐泻，同为臣药。紫苏、白芷辛温发散，助藿香外散风寒，紫苏尚可醒脾宽中、行气止呕，白芷兼能燥湿化浊；大腹皮、厚朴行气化湿，畅中行滞，且寓气行则湿化之义；桔梗宣肺利膈，既益解表，又助化湿；煎加生姜、大枣，内调脾胃，外和营卫，俱为佐药。甘草调和药性，并协姜、枣以和中，用为使药……,表里同治而以除湿治里为主，脾胃同调而以升清降浊为要。,霍乱吐泻属湿热证者禁服本方。,P.242,《方剂学》第十版（邓中甲主编，人民卫生出版社，2016，ISBN 9787117218900）；PDF页码 P.427；书内索引页码 P.242,已从教材PDF抽取待人工复核,字段来自教材PDF文本抽取，训练前仍需人工核对剂量与页码。,官方药典未命中,,,,藿香正气散,P.427,P.242,PDF页码+书内索引页码,全文标题定位,D1_formula_snippets\101_藿香正气散.txt
102,第15章 祛湿剂,茵陈蒿汤,《伤寒论》,茵陈六两（18g） 栀子十四枚（12g） 大黄去皮，二两（6g）,上三味，以水一斗二升，先煮茵陈，减六升，内二味，煮取三升，去滓，分三服（现代用法：水煎服）。,清热利湿退黄。,黄疸阳黄。一身面目俱黄，黄色鲜明，发热，无汗或但头汗出，口渴欲饮，恶心呕吐，腹微满，小便短赤，大便不爽或秘结，舌红苔黄腻，脉沉数或滑数有力。,方中重用茵陈蒿为君药，以其苦寒降泄，长于清利脾胃肝胆湿热，为治黄疸要药。栀子泄热降火，清利三焦湿热，合茵陈可使湿热从小便而去，为臣药。大黄泻热逐瘀，通利大便，伍茵陈则令湿热瘀滞由大便而去，为佐药。诸药相合，使二便通利，湿热瘀滞前后分消，则腹满自减，黄疸渐消。,苦寒清利通腑，分消退黄，药简效宏。,,P.244,《方剂学》第十版（邓中甲主编，人民卫生出版社，2016，ISBN 9787117218900）；PDF页码 P.431；书内索引页码 P.244,注意/禁忌待补核,教材正文未抽到明确注意/禁忌句，需人工补核。,官方药典有候选命中,茵陈,中华人民共和国药典：2020年版．一部 P.299 entryId=373,外用适量，煎汤熏洗。【贮藏】置阴凉干燥处，防潮。,茵陈蒿汤,P.431,P.244,PDF页码+书内索引页码,全文标题定位,D1_formula_snippets\102_茵陈蒿汤.txt
103,第15章 祛湿剂,八正散,《太平惠民和剂局方》,车前子 瞿麦 萹蓄 滑石 山栀子仁 甘草炙 木通 大黄面裹煨，去面，切，焙， 各一斤（各9g）,上为散，每服二钱，水一盏，入灯心，煎至七分，去滓，温服，食后临卧。小儿量力少少与之（现代用法：散剂，每服6～10g，灯心煎汤送服；亦可作汤剂，加灯心，水煎服）。,清热泻火，利水通淋。,热淋。尿频尿急，溺时涩痛，淋沥不畅，尿色浑赤，甚则癃闭不通，小腹急满，口燥咽干，舌苔黄腻，脉滑数。,方中滑石清热利湿，利水通淋；木通上清心火，下利湿热，使湿热之邪从小便而去，共为君药。萹蓄、瞿麦、车前子均为清热利水通淋要药，合滑石、木通则利尿通淋之效尤彰，同为臣药。山栀子仁清热泻火，清利三焦湿热；大黄荡涤邪热，通利肠腑，亦治“小便淋沥”（《本草纲目》），合诸药可令湿热由二便分消，俱为佐药。甘草调和诸药，兼以清热缓急，故有佐使之功。煎加灯心则更增利水通淋之力。诸药合用，既可直入膀胱清利而除邪，又兼通利大肠导浊以分消，务使湿热之邪尽从二便……,集寒凉降泄之品，纳通腑于清利之中。,,P.245,《方剂学》第十版（邓中甲主编，人民卫生出版社，2016，ISBN 9787117218900）；PDF页码 P.433；书内索引页码 P.245,注意/禁忌待补核,教材正文未抽到明确注意/禁忌句，需人工补核。,官方药典有候选命中,八正合剂,中华人民共和国药典：2020年版．一部 P.529 entryId=708,【处方】瞿麦118g车前子（炒）118g萹蓄118g大黄118g滑石118g川木通118g栀子118g甘草118g灯心草59g【制法】以上九味，车前子用25%乙醇浸渍，收集浸渍液。大黄用50%乙醇作溶剂，浸渍24小时后进行渗漉，收集渗漉液，减压回收乙醇。其余瞿麦等七味加水煎煮三次，煎液滤过，滤液合并，滤液浓缩至约1300ml，与浸渍液、渗漉液合并，静置，滤过，滤液浓缩至近1000ml，加入苯甲酸钠3g，加水至1000ml，搅匀，分装，即得。【性状】本品为棕褐色的液体；味苦、微甜。【鉴别】（1）取本品10ml，加盐酸,八正散,P.433,P.245,PDF页码+书内索引页码,全文标题定位,D1_formula_snippets\103_八正散.txt
104,第15章 祛湿剂,三仁汤,《温病条辨》,杏仁五钱（15g） 飞滑石六钱（18g） 白通草二钱（6g） 白蔻仁二钱（6g） 竹叶二钱（6g） 厚朴二钱（6g） 生薏苡仁六钱（18g） 半夏五钱（15g）,甘澜水八碗，煮取三碗，每服一碗，日三服（现代用法：水煎服）。,宣畅气机，清利湿热。,湿温初起或暑温夹湿之湿重于热证。头痛恶寒，身重疼痛，肢体倦怠，面色淡黄，胸闷不饥，午后身热，苔白不渴，脉弦细而濡。,方中以滑石为君，清热利湿而解暑。以薏苡仁、杏仁、白蔻仁“三仁”为臣，其中薏苡仁淡渗利湿以健脾，使湿热从下焦而去；白蔻仁芳香化湿，利气宽胸，畅中焦之脾气以助祛湿；杏仁宣利上焦肺气，“盖肺主一身之气，气化则湿亦化”（《温病条辨》）。佐以通草、竹叶甘寒淡渗，助君药利湿清热之效；半夏、厚朴行气除满，化湿和胃，以助君臣理气除湿之功。原方以甘澜水（又名“劳水”）煎药，意在取其下走之性以助利湿之效。诸药相合，使三焦湿热上下分消，气行湿化，热清暑解，水……,芳化苦燥寒清同用，宣上畅中渗下并行。,湿温初起，证多疑似，每易误治，故吴鞠通于《温病条辨》中明示“三戒”：一者，不可见其头痛恶寒，身重疼痛，以为伤寒而汗之，汗伤心阳，则神昏耳聋，甚则目瞑不欲言； 二者，不可见其中满不饥，以为停滞而下之，下伤脾胃，湿邪乘势下注，则为洞泄； 三者，不可见其午后身热，以为阴虚而用柔药润之，否则易使湿热锢结而病深不解。,P.247,《方剂学》第十版（邓中甲主编，人民卫生出版社，2016，ISBN 9787117218900）；PDF页码 P.435；书内索引页码 P.247,已从教材PDF抽取待人工复核,字段来自教材PDF文本抽取，训练前仍需人工核对剂量与页码。,官方药典有候选命中,四逆汤,中华人民共和国药典：2020年版．一部 P.878 entryId=1099,【处方】淡附片300g干姜200g炙甘草300g【制法】以上三味，淡附片、炙甘草加水煎煮二次，第一次2小时，第二次1.5小时，合并煎液，滤过；干姜用水蒸气蒸馏提取挥发油，挥发油和蒸馏后的水溶液备用；姜渣再加水煎煮1小时，煎液与上述水溶液合并，滤过，再与淡附片、炙甘草的煎液合并，浓缩至约400ml，放冷，加乙醇1200ml，搅匀，静置24小时，滤过，减压浓缩至适量，用适量水稀释，冷藏24小时，滤过，加单糖浆300ml、苯甲酸钠3g与上述挥发油，加水至1000ml，搅匀，灌封，灭菌，即得。【性状】本品为棕黄色的液体；气,三仁汤,P.435,P.247,PDF页码+书内索引页码,全文标题定位,D1_formula_snippets\104_三仁汤.txt
105,第15章 祛湿剂,五苓散,《伤寒论》,猪苓去皮，十八铢（9g） 泽泻一两六铢（15g） 白术十八铢（9g） 茯苓十八铢（9g） 桂枝去皮，半两（6g）,上五味，捣为散，以白饮和，服方寸匕，日三服，多饮暖水，汗出愈，如法将息（现代用法：散剂，每服6～10g，多饮热水，取微汗；亦可作汤剂，水煎服，温服取微汗）。,利水渗湿，温阳化气。,1.蓄水证。小便不利，头痛微热，烦渴欲饮，甚则水入即吐，舌苔白，脉浮。2.痰饮。脐下动悸，吐涎沫而头眩，或短气而咳者。3.水湿内停证。水肿，泄泻，小便不利，以及霍乱吐泻等。,方中重用泽泻为君，利水渗湿。臣以茯苓、猪苓助君药利水渗湿。佐以白术补气健脾以运化水湿，合茯苓既可彰健脾制水之效，又可奏输津四布之功。《素问·灵兰秘典论》谓：“膀胱者，州都之官，津液藏焉，气化则能出矣。”膀胱之气化有赖于阳气之蒸腾，故又佐以桂枝温阳化气以助利水，且可辛温发散以祛表邪，一药而表里兼治。诸药相伍，共奏淡渗利湿，健脾助运，温阳化气，解表散邪之功。由于方中桂枝并非专为解表而设，故“蓄水证”得之，有利水而解表之功；痰饮病得之，有温阳……,主入下焦而兼运中州，渗利之中寓化气之法。,,P.253,《方剂学》第十版（邓中甲主编，人民卫生出版社，2016，ISBN 9787117218900）；PDF页码 P.446；书内索引页码 P.253,注意/禁忌待补核,教材正文未抽到明确注意/禁忌句，需人工补核。,官方药典精确命中,五苓散,中华人民共和国药典：2020年版．一部 P.694 entryId=898,纤维单个散在，长梭形，直径24～50μm，壁厚，木化；石细胞类方形或类圆形，壁一面菲薄（肉桂）。,五苓散,P.446,P.253,PDF页码+书内索引页码,全文标题定位,D1_formula_snippets\105_五苓散.txt
106,第15章 祛湿剂,苓桂术甘汤,《金匮要略》,茯苓四两（12g） 桂枝三两（9g） 白术三两（9g） 甘草炙，二两（6g）,上四味，以水六升，煮取三升，分温三服（现代用法：水煎服）。,温阳化饮，健脾利水。,中阳不足之痰饮。胸胁支满，目眩心悸，或短气而咳，舌苔白滑，脉弦滑或沉紧。,方以甘淡之茯苓为君，健脾利水渗湿，消已聚之饮，杜生痰之源。臣以桂枝温阳化气。苓、桂相伍，温阳行水之功著，为阳虚水停之常用配伍。再佐以白术健脾燥湿，苓、术相须，健脾祛湿之力强，是治病求本之意。又辅以炙甘草，补中益气，其合白术，益气健脾，崇土制水；配桂枝，辛甘化阳，温补中焦，并可调和诸药，而兼佐使之用。四药相合，中阳得建，痰饮得化，津液得布，诸症自愈。,淡渗甘温合法，温而不热，利而不峻，为治痰饮之和剂。,,P.258,《方剂学》第十版（邓中甲主编，人民卫生出版社，2016，ISBN 9787117218900）；PDF页码 P.453；书内索引页码 P.258,注意/禁忌待补核,教材正文未抽到明确注意/禁忌句，需人工补核。,官方药典有候选命中,品名目次,中华人民共和国药典：2020年版．一部 P.30 entryId=2278,…1222参苓白术散…1223参松养心胶囊…1224参茸白凤丸…1225参茸固本片…1226参茸保胎丸…1227参桂胶囊…1227参精止渴丸…1228驻车丸…1229九画　春珍草茵茴荜荡胡药枳柏栀厚按胃咳骨香复便保恒追胆脉独急姜养前首洁活济洋津宣宫穿冠祛祖神除春血安胶囊,苓桂术甘汤,P.453,P.258,PDF页码+书内索引页码,全文标题定位,D1_formula_snippets\106_苓桂术甘汤.txt
107,第15章 祛湿剂,真武汤,《伤寒论》,茯苓三两（9g） 芍药三两（9g） 白术二两（6g） 生姜切，三两（9g） 附子炮，去皮，破八 片，一枚（9g）,上五味，以水八升，煮取三升，去滓，温服七合，日三服（现代用法：水煎服）。,温阳利水。,1.阳虚水泛证。小便不利，四肢沉重疼痛，浮肿，腰以下为甚，畏寒肢冷，腹痛，下利，或咳，或呕，舌淡胖，苔白滑，脉沉细。2.太阳病发汗太过，阳虚水泛证。汗出不解，其人仍发热，心下悸，头眩，身 动，振振欲擗地。,方中君以大辛大热之附子，温肾助阳以化气行水，暖脾抑阴以温运水湿。茯苓、白术补气健脾，利水渗湿，合附子可温脾阳而助运化，同为臣药。佐以辛温之生姜，配附子温阳散寒，伍苓、术辛散水气，并可和胃而止呕。配伍酸收之白芍，其意有四：一者利小便以行水气，《本经》言其能“利小便”，《名医别录》亦谓之“去水气，利膀胱”；二者柔肝缓急以止腹痛；三者敛阴舒筋以解筋肉 动；四者防止附子燥热伤阴，亦为佐药。全方泻中有补，标本兼顾，共奏温阳利水之功。,辛热渗利合法，纳酸柔于温利之中，脾肾兼顾，重在温肾。,,P.260,《方剂学》第十版（邓中甲主编，人民卫生出版社，2016，ISBN 9787117218900）；PDF页码 P.455；书内索引页码 P.260,注意/禁忌待补核,教材正文未抽到明确注意/禁忌句，需人工补核。,官方药典有候选命中,0992　固体密度测定法,中华人民共和国药典：2020年版．四部 P.185 entryId=5496,真密度：物质的真密度是单位体积上的平均质量，不计由于分子堆积排列造成的空隙体积。这是物质的内在性质，与测定方法无关。晶体的密度可由其大小和晶胞组成测得。,真武汤,P.455,P.260,PDF页码+书内索引页码,全文标题定位,D1_formula_snippets\107_真武汤.txt
108,第15章 祛湿剂,独活寄生汤,《备急千金要方》,独活三两（9g） 桑寄生 杜仲 牛膝 细辛 秦艽 茯苓 肉桂心 防风 川芎 人参 甘草 当归 芍药 干地黄各二两（各6g）,上 咀，以水一斗，煮取三升，分三服，温身勿冷也（现代用法：水煎服）。,祛风湿，止痹痛，益肝肾，补气血。,痹证日久，肝肾两虚，气血不足证。腰膝疼痛，肢节屈伸不利，或麻木不仁，畏寒喜温，心悸气短，舌淡苔白，脉细弱。,方中重用独活为君，辛苦微温，善治伏风，长于祛下焦风寒湿邪而除痹痛。细辛发散阴经风寒，搜剔筋骨风湿；防风、秦艽祛风胜湿，活络舒筋；桂心温里祛寒，通行血脉。四药助君祛风胜湿，宣痹止痛，共为臣药。桑寄生、牛膝、杜仲补肝肾，祛风湿，壮筋骨；当归、芍药、地黄、川芎养血活血，寓“治风先治血，血行风自灭”之意；人参、茯苓、甘草补气健脾，皆为佐药。甘草调和诸药，又为使药。诸药合用，风寒湿邪俱除，肝肾强健，气血充盛，诸症自缓。,辛温行散与甘温滋柔合法，纳益肝肾、补气血于祛邪蠲痹之中，邪正兼顾。,上 咀，以水一斗，煮取三升，分三服，温身勿冷也（现代用法：水煎服）。,P.265,《方剂学》第十版（邓中甲主编，人民卫生出版社，2016，ISBN 9787117218900）；PDF页码 P.464；书内索引页码 P.265,已从教材PDF抽取待人工复核,字段来自教材PDF文本抽取，训练前仍需人工核对剂量与页码。,官方药典有候选命中,独活寄生合剂,中华人民共和国药典：2020年版．一部 P.1420 entryId=1693,【处方】独活98g桑寄生65g秦艽65g防风65g细辛65g当归65g白芍65g川芎65g熟地黄65g盐杜仲65g川牛膝65g党参65g茯苓65g甘草65g桂枝65g【制法】以上十五味，秦艽、白芍和盐杜仲,独活寄生汤,P.464,P.265,PDF页码+书内索引页码,全文标题定位,D1_formula_snippets\108_独活寄生汤.txt
109,第15章 祛湿剂,当归拈痛汤,《医学启源》,羌活半两（15g） 防风三钱（9g） 升麻一钱（3g） 葛根二钱（6g） 白术一钱（3g） 苍术三钱（9g） 当归身三钱（9g） 人参二钱（6g） 甘草五钱（15g） 苦参酒浸，二钱（6g） 黄芩炒，一钱（3g） 知母酒洗，三钱（9g） 茵陈酒炒，五钱（15g） 猪苓三钱（9g） 泽泻三钱（9g）,上锉，如麻豆大。每服一两（30g），水二盏半，先以水拌湿，候少时，煎至一盏，去滓温服。待少时，美膳压之（现代用法：水煎服）。,利湿清热，疏风止痛。,湿热相搏，外受风邪证。遍身肢节烦痛，或肩背沉重，或脚气肿痛，脚膝生疮，舌苔白腻或微黄，脉濡数。,方中羌活辛散祛风，苦燥胜湿，通痹止痛，尤擅治上肢肩背之痛；茵陈苦泄下降，清热利湿，《本草拾遗》言其能“通关节，去滞热”，两药相合，共成祛风散邪，除湿清热，通痹止痛之功，使风湿热邪由内外分消，故重用以为君药。臣以猪苓、泽泻甘淡以助茵陈渗湿热于下；黄芩、苦参寒凉以助茵陈清热毒于内。佐入防风、升麻、葛根辛散以助羌活祛风湿于外；苍术辛温，擅除内外之湿；白术甘温，专以健脾燥湿；知母苦寒质润，既可助诸药清热之力，又可防苦燥渗利伤阴之偏；当归养血活血……,辛散清利之中寓补气养血之法，表里同治，上下分消。,,P.250,《方剂学》第十版（邓中甲主编，人民卫生出版社，2016，ISBN 9787117218900）；PDF页码 P.441；书内索引页码 P.250,注意/禁忌待补核,教材正文未抽到明确注意/禁忌句，需人工补核。,官方药典有候选命中,当归拈痛丸,中华人民共和国药典：2020年版．一部 P.935 entryId=1166,用于湿热闭阻所致的痹病，症见关节红肿热痛或足胫红肿热痛；亦可用于疮疡。【用法与用量】口服。一次9g，一日2次。【注意】孕妇及风寒湿闭阻痹病者慎用；忌食辛辣油腻食物。【规格】每18丸重1g【贮藏】密封。,当归拈痛汤（又名拈痛汤）,P.441,P.250,PDF页码+书内索引页码,全文标题定位,D1_formula_snippets\109_当归拈痛汤.txt
110,第16章 祛痰剂,二陈汤,《太平惠民和剂局方》,半夏汤洗七次 橘红各五两（各15g） 白茯苓三两（9g） 甘草炙，一两半（4.5g）,上药 咀，每服四钱（12g），用水一盏，生姜七片，乌梅一个，同煎六分，去滓，热服，不拘时候（现代用法：加生姜7片，乌梅1枚，水煎服）。,燥湿化痰，理气和中。,湿痰证。咳嗽痰多，色白易咯，恶心呕吐，胸膈痞闷，肢体困重，或头眩心悸，舌苔白滑或腻，脉滑。,方中半夏辛温而燥，燥湿化痰，降逆和胃，散结消痞，《本草从新》言其为“治湿痰之主药”，故为君药。湿痰既成，阻滞气机，橘红辛苦温燥，理气行滞，燥湿化痰，乃“治痰先治气，气顺则痰消”之意，为臣药。茯苓甘淡，渗湿健脾以杜生痰之源，与半夏配伍，体现了朱丹溪“燥湿渗湿则不生痰”之理；生姜既助半夏降逆，又制半夏之毒；少许乌梅收敛肺气，与半夏相伍，散中有收，使祛痰而不伤正，且有“欲劫之而先聚之”之意，均为佐药。炙甘草调和诸药，为使药。方中“陈皮、半夏贵……,燥化之中寓行运之法，重在治脾以消痰。,若阴虚燥咳，痰中带血者，不宜应用本方。,P.267,《方剂学》第十版（邓中甲主编，人民卫生出版社，2016，ISBN 9787117218900）；PDF页码 P.469；书内索引页码 P.267,已从教材PDF抽取待人工复核,字段来自教材PDF文本抽取，训练前仍需人工核对剂量与页码。,官方药典未命中,,,,二陈汤,P.469,P.267,PDF页码+书内索引页码,全文标题定位,D1_formula_snippets\110_二陈汤.txt
111,第16章 祛痰剂,温胆汤,《三因极一病证方论》,半夏汤洗七次 竹茹 枳实麸炒，去瓤，各二两（各6g） 陈皮三两（9g） 甘草炙，一两（3g） 茯苓一两半（4.5g）,上为锉散，每服四大钱，水一盏半，姜五片，枣一枚，煎七分，去滓，食前服（现代用法：加生姜5片，大枣1枚，水煎服）。,理气化痰，清胆和胃。,胆胃不和，痰热内扰证。胆怯易惊，虚烦不宁，失眠多梦，或呕恶呃逆，或眩晕，或癫痫等，苔腻微黄，脉弦滑。,方中半夏燥湿化痰，和胃止呕，为君药。竹茹清胆和胃，清热化痰，除烦止呕，为臣药。君臣相配，既化痰和胃，又清胆热，令胆气清肃，胃气顺降，则胆胃得和，烦呕自止。陈皮理气和中，燥湿化痰；枳实破气化痰；茯苓渗湿健脾以消痰；生姜、大枣和中培土，使水湿无以留聚，共为佐药。炙甘草益气和中，调和诸药，为佐使药。综合全方，半夏、陈皮、生姜偏温，竹茹、枳实偏凉，温凉兼进，令全方不寒不燥，理气化痰以和胃，胃气和降则胆郁得舒，痰浊得去则胆无邪扰，如是则复其宁谧……,化痰与理气共施，温而不燥；清胆与和胃并行，凉而不寒。,,P.270,《方剂学》第十版（邓中甲主编，人民卫生出版社，2016，ISBN 9787117218900）；PDF页码 P.472；书内索引页码 P.270,注意/禁忌待补核,教材正文未抽到明确注意/禁忌句，需人工补核。,官方药典有候选命中,茵陈,中华人民共和国药典：2020年版．一部 P.299 entryId=373,归脾、胃、肝、胆经。【功能与主治】清利湿热，利胆退黄。用于黄疸尿少，湿温暑湿，湿疮瘙痒。【用法与用量】6～15g。外用适量，煎汤熏洗。【贮藏】置阴凉干燥处，防潮。,温胆汤,P.472,P.270,PDF页码+书内索引页码,全文标题定位,D1_formula_snippets\111_温胆汤.txt
112,第16章 祛痰剂,清气化痰丸,《医方考》,陈皮去白 杏仁去皮尖 枳实麸炒 黄芩酒炒 瓜蒌仁去油 茯苓各一两（各6g） 胆南星 制半夏各一两半（各9g）,姜汁为丸。每服二至三钱，温开水送下（现代用法：生姜汁为丸，每服6～9g，日2次，温开水送下；亦可作汤剂，加生姜3片，水煎服）。,清热化痰，理气止咳。,热痰咳嗽。咳嗽，痰黄稠，胸膈痞闷，甚则气急呕恶，舌质红，苔黄腻，脉滑数。,本方系二陈汤去甘草、乌梅，加胆南星、瓜蒌仁、黄芩、杏仁、枳实而成。方中胆南星味苦性凉，功善清热豁痰，为君药。瓜蒌仁甘寒质润而性滑，长于清热化痰，黄芩苦寒，功善清泻肺火，二者合用，助君药以增强清肺热、化痰结之力；制半夏虽属辛温之品，但与苦寒之黄芩相配，则避其性温助热之弊，而独取化痰散结、降逆止呕之功，共为臣药。治痰者当须降其火，治火者必须顺其气，故佐以杏仁降利肺气，陈皮理气化痰，枳实破气化痰，并佐茯苓健脾渗湿。使以姜汁为丸，既可制半夏之毒……,苦寒与辛燥合法，清化佐以行降，气顺火清痰消。,,P.271,《方剂学》第十版（邓中甲主编，人民卫生出版社，2016，ISBN 9787117218900）；PDF页码 P.475；书内索引页码 P.271,注意/禁忌待补核,教材正文未抽到明确注意/禁忌句，需人工补核。,官方药典精确命中,清气化痰丸,中华人民共和国药典：2020年版．一部 P.1711 entryId=2011,另取生姜100g，捣碎，加水适量，压榨取汁，与上述粉末泛丸，干燥，即得。【性状】本品为灰黄色的水丸；气微，味苦。【鉴别】（1）取本品，置显微镜下观察：糊化淀粉团块无色（胆南星）。,清气化痰丸,P.475,P.271,PDF页码+书内索引页码,全文标题定位,D1_formula_snippets\112_清气化痰丸.txt
113,第16章 祛痰剂,贝母瓜蒌散,《医学心悟》,贝母一钱五分（9g） 瓜蒌一钱（6g） 花粉 茯苓 橘红 桔梗各八分（各5g）,水煎服。,润肺清热，理气化痰。,燥痰咳嗽。咳嗽痰少，咯痰不爽，涩而难出，咽喉干燥，苔白而干。,方中贝母甘而性微寒，主入肺经，清热化痰，润肺止咳，为君药。瓜蒌功善清热涤痰，利气润燥，与贝母相须为用，增强清润化痰止咳之力，为臣药。佐以天花粉清肺生津，润燥化痰。张锡纯谓：“天花粉为其能生津止渴，故能润肺，化肺中燥痰，宁肺止嗽。”（《医学衷中参西录》） 茯苓健脾渗湿以祛痰，橘红理气化痰，使气顺痰消；桔梗宣利肺气，化痰止咳，使肺宣降有权，亦为佐药。诸药相伍，使肺得清润而燥痰自化，宣降有权而咳逆自平。《医学心悟》另有一贝母瓜蒌散，较本方少天……,重用甘寒，清润化痰而不伤津。,,P.274,《方剂学》第十版（邓中甲主编，人民卫生出版社，2016，ISBN 9787117218900）；PDF页码 P.480；书内索引页码 P.274,注意/禁忌待补核,教材正文未抽到明确注意/禁忌句，需人工补核。,官方药典有候选命中,川乌,中华人民共和国药典：2020年版．一部 P.89 entryId=54,【注意】生品内服宜慎；孕妇禁用；不宜与半夏、瓜蒌、瓜蒌子、瓜蒌皮、天花粉、川贝母、浙贝母、平贝母、伊贝母、湖北贝母、白蔹、白及同用。【贮藏】置通风干燥处，防蛀。,贝母瓜蒌散,P.480,P.274,PDF页码+书内索引页码,全文标题定位,D1_formula_snippets\113_贝母瓜蒌散.txt
114,第16章 祛痰剂,苓甘五味姜辛汤,《金匮要略》,茯苓四两（12g） 甘草三两（9g） 干姜三两（9g） 细辛三两（3g） 五味子半升（5g）,上五味，以水八升，煮取三升，去滓，温服半升，日三服（现代用法：水煎服）。,温肺化饮。,寒饮咳嗽。咳嗽痰多，清稀色白，胸膈痞满，舌苔白滑，脉弦滑。,方中用干姜为君，入肺、脾经，既温肺化饮，又温脾化湿。细辛为方中臣药，温肺散寒化饮，助干姜温散凝聚之寒饮。仲景每以两味配伍以温阳化饮，其中干姜温热为主，温阳化饮之力强，细辛以辛散为主，开郁散饮之力优，两者相伍，温肺化饮之力倍增。茯苓健脾渗湿，既可化已聚之痰，又能杜生痰之源，亦为臣药。喘咳日久，必耗散肺气，方中诸药又是以辛散温燥之药为主，恐更伤肺气，故佐以五味子敛肺止咳，与干姜、细辛为伍，一散一收，开阖相济，散不伤正，收不留邪，既防辛散耗伤……,温散之中佐以酸收，开阖相济，温肺散饮。,,P.275,《方剂学》第十版（邓中甲主编，人民卫生出版社，2016，ISBN 9787117218900）；PDF页码 P.482；书内索引页码 P.275,注意/禁忌待补核,教材正文未抽到明确注意/禁忌句，需人工补核。,官方药典有候选命中,品名目次,中华人民共和国药典：2020年版．一部 P.30 entryId=2278,…645五苓散…645五虎散…646五味子颗粒…647五味子糖浆…647五味沙棘散…648五味清浊散…648五味麝香丸…649五黄养阴颗粒…649五福化毒丸…650五福化毒片…651比拜克胶囊…652牙痛一粒丸,苓甘五味姜辛汤,P.482,P.275,PDF页码+书内索引页码,全文标题定位,D1_formula_snippets\114_苓甘五味姜辛汤.txt
115,第16章 祛痰剂,半夏白术天麻汤,《医学心悟》,半夏一钱五分（9g） 天麻 茯苓 橘红各一钱（各6g） 白术三钱（18g） 甘草五分（3g）,生姜一片，大枣二枚，水煎服（现代用法：加生姜1片，大枣2枚，水煎服）。,化痰息风，健脾祛湿。,风痰上扰证。眩晕，头痛，胸膈痞闷，恶心呕吐，舌苔白腻，脉弦滑。,本方乃二陈汤去乌梅，加天麻、白术、大枣而成。方中半夏辛温而燥，燥湿化痰，降逆止呕；天麻甘平而润，入肝经，善于平肝息风而止眩晕。二者配伍，长于化痰息风，“头旋眼花，非天麻、半夏不除”，共为君药。白术健脾燥湿； 茯苓健脾渗湿，以治生痰之本，与半夏、天麻配伍，加强化痰息风之效，共为臣药。橘红理气化痰，使气顺痰消，为佐药。使以甘草调药和中，煎加姜、枣以调和脾胃。诸药合用，共奏化痰息风、健脾祛湿之效。《医学心悟》另有一半夏白术天麻汤，较本方白术减……,“二陈”治痰之法伍息风之品，肝脾同调而成治风痰之剂。,,P.277；P.278,《方剂学》第十版（邓中甲主编，人民卫生出版社，2016，ISBN 9787117218900）；PDF页码 P.486；书内索引页码 P.277；P.278,同名/多出处需复核,方名索引存在多个页码/同名方，已抽取首个正文定位，需人工确认版本。；教材正文未抽到明确注意/禁忌句，需人工补核。,官方药典有候选命中,消眩止晕片,中华人民共和国药典：2020年版．一部 P.1590 entryId=1885,【处方】火炭母400g鸡矢藤100g姜半夏50g白术50g天麻50g丹参100g当归25g白芍40g茯苓50g木瓜40g枳实25g砂仁5g石菖蒲50g白芷15g【制法】以上十四味，天麻、茯苓、砂仁、白芷粉碎成细粉,半夏白术天麻汤,P.486,P.277；P.278,PDF页码+书内索引页码,全文标题定位,D1_formula_snippets\115_半夏白术天麻汤.txt
116,第17章 消食剂+驱虫剂,保和丸,《丹溪心法》,山楂六两（18g） 神曲二两（6g） 半夏 茯苓各三两（各9g） 陈皮 连翘 莱菔子各 一两（各3g）,上为末，炊饼为丸，如梧桐子大，每服七八十丸，食远白汤下（现代用法：共为末，水泛为丸，每服6～9g，温开水送下；亦可作汤剂，水煎服）。,消食化滞，理气和胃。,食积证。脘腹痞满胀痛，嗳腐吞酸，恶食呕逆，或大便泄泻，舌苔厚腻，脉滑。,方中以山楂为君药，可消一切饮食积滞，尤善消肉食油腻之积。臣以神曲消食健脾，更长于化酒食陈腐之积；莱菔子消食下气，长于消麦面痰气之积。三药同用，可消各种饮食积滞。佐以半夏、陈皮行气化滞，和胃止呕；茯苓健脾利湿，和中止泻。食积易于化热，故又佐以苦而微寒之连翘，既可散结以助消积，又可清解食积所生之热。全方合用，共奏消食和胃之功，使食积得化，脾胃调和，热清湿去，则诸症可愈。本方以消导为主，但作用平和。诚如《成方便读》所云：“此方虽纯用消导，毕竟……,消食之中兼以行气理脾，以消为主。,,P.281,《方剂学》第十版（邓中甲主编，人民卫生出版社，2016，ISBN 9787117218900）；PDF页码 P.492；书内索引页码 P.281,注意/禁忌待补核,教材正文未抽到明确注意/禁忌句，需人工补核。,官方药典精确命中,保和丸,中华人民共和国药典：2020年版．一部 P.1399 entryId=1672,本品含陈皮以橙皮苷（C28H34O15）计，小蜜丸每1g不得少于0.78mg，大蜜丸每丸不得少于7.0mg。【功能与主治】消食，导滞，和胃。用于食积停滞，脘腹胀满，嗳腐吞酸，不欲饮食。,保和丸,P.492,P.281,PDF页码+书内索引页码,全文标题定位,D1_formula_snippets\116_保和丸.txt
117,第17章 消食剂+驱虫剂,枳实导滞丸,《内外伤辨惑论》,大黄一两（30g） 枳实麸炒，去瓤 神曲炒，各五钱（各15g） 茯苓去皮 黄芩去腐 黄连拣净 白术各三钱（各9g） 泽泻二钱（6g）,上为细末，汤浸蒸饼为丸，如梧桐子大，每服五十丸至七十丸，温水送下，食远，量虚实加减服之（现代用法：共为细末，水泛小丸，每服6～9g，食后温开水送下，每日2次；亦可作汤剂，水煎服）。,消食导滞，清热祛湿。,湿热食积证。脘腹胀痛，大便秘结，或下痢泄泻，小便短赤，舌苔黄腻，脉沉有力。,方中以苦寒之大黄为君药，攻积泻热，使积滞湿热从大便而下。以苦辛微寒之枳实为臣，行气化滞，既助大黄攻积之力，又解气滞之腹满痞痛；神曲甘辛性温，消食健脾，使食消而脾胃得和。病属湿热，故佐苦寒之黄连、黄芩清热燥湿，且可厚肠止痢；茯苓、泽泻甘淡渗湿，使湿热从小便分消；白术甘苦性温，健脾燥湿，协苓、泽以祛湿，且可防大黄、枳实攻积伤正，以及芩、连苦寒败胃。诸药合用，使积去食消，湿化热清，对于湿热食积证较重者尤为适宜。此方用于湿热食滞之泄泻、下痢，亦……,下消清利合法，以下助消，消中寓补。,,P.282,《方剂学》第十版（邓中甲主编，人民卫生出版社，2016，ISBN 9787117218900）；PDF页码 P.493；书内索引页码 P.282,注意/禁忌待补核,教材正文未抽到明确注意/禁忌句，需人工补核。,官方药典精确命中,枳实导滞丸,中华人民共和国药典：2020年版．一部 P.1301 entryId=1561,本品每1g含枳实以橙皮苷（C28H34O15）计，不得少于20.0mg。【功能与主治】消积导滞，清利湿热。用于饮食积滞、湿热内阻所致的脘腹胀痛、不思饮食、大便秘结、痢疾里急后重。【用法与用量】口服。,枳实导滞丸,P.493,P.282,PDF页码+书内索引页码,全文标题定位,D1_formula_snippets\117_枳实导滞丸.txt
118,第17章 消食剂+驱虫剂,健脾丸,《证治准绳》,白术炒，二两半（15g） 木香另研 黄连酒炒 甘草各七钱半（各6g） 白茯苓去皮，二两（10g） 人参一两五钱（9g） 神曲炒 陈皮 砂仁 麦芽炒 山楂取肉 山药 肉豆蔻面裹，纸包槌去 油，各一两（各6g）,上共为细末，蒸饼为丸，如绿豆大，每服五十丸，空心服，一日二次，陈米汤下（现代用法：共为细末，糊丸或水泛小丸，每服6～9g，温开水送下，日2次；亦可作汤剂，水煎服）。,健脾和胃，消食止泻。,脾虚食积证。食少难消，脘腹痞闷，大便溏薄，倦怠乏力，苔腻微黄，脉虚弱。,本方人参、白术、茯苓用量居多，重在补气健脾运湿以止泻，共用为君。臣以山楂、神曲、麦芽消食和胃，除已停之积。再佐肉蔻、山药健脾止泻；木香、砂仁、陈皮理气开胃，醒脾化湿，且使全方补而不滞；黄连清热燥湿，以除食积所生之热。甘草补中和药，是为佐使之用。诸药共用，使脾健、食消、气畅、热清、湿化。因方中四君子汤及山药等补气健脾之品居多，使脾健运而食积消，食积消则脾自健，故取名“健脾丸”。,消补兼施，补重于消，补而不滞，消中寓清。,,P.284,《方剂学》第十版（邓中甲主编，人民卫生出版社，2016，ISBN 9787117218900）；PDF页码 P.497；书内索引页码 P.284,注意/禁忌待补核,教材正文未抽到明确注意/禁忌句，需人工补核。,官方药典精确命中,健脾丸,中华人民共和国药典：2020年版．一部 P.1530 entryId=1819,小蜜丸一次9g，大蜜丸一次1丸，一日2次；小儿酌减。【规格】大蜜丸每丸重9g【贮藏】密封。,健脾丸,P.497,P.284,PDF页码+书内索引页码,全文标题定位,D1_formula_snippets\118_健脾丸.txt
119,第17章 消食剂+驱虫剂,乌梅丸,《伤寒论》,乌梅三百枚（30g） 细辛六两（3g） 干姜十两（9g） 黄连十六两（9g） 当归四两（6g） 附子炮，去皮，六两（6g） 蜀椒炒香，四两（5g） 桂枝六两（6g） 人参六两（6g） 黄柏六两（6g）,上十味，异捣筛，合治之。以苦酒渍乌梅一宿，去核，蒸之五斗米下，饭熟，捣成泥，和药令相得，内臼中，与蜜杵两千下，丸如梧桐子大，每服十丸，食前以饮送下，日三服，稍加至二十丸。禁生冷、滑物、臭食等（现代用法：乌梅用醋浸一宿，去核打烂，和余药打匀，烘干或晒干，研成细末，加蜜制丸，每服9g，日2～3次，空腹温开水送下；亦可作汤剂，水煎服）。,温脏安蛔。,蛔厥证。腹痛时作，手足厥冷，烦闷呕吐，时发时止，得食即呕，常自吐蛔。亦治久泻、久痢。,柯琴言：“蛔得酸则静，得辛则伏，得苦则下。”故重用味酸之乌梅以安蛔，使蛔静痛止，为君药。蛔动因于肠寒胃热，故以味辛性温之蜀椒、细辛，温脏而驱蛔；味苦性寒之黄连、黄柏，清热而下蛔，共为臣药。附子、干姜、桂枝助其温脏祛寒、伏蛔之力；蛔虫久积脏腑，必耗伤气血，故以人参、当归益气补血，扶助正气，与桂、附、姜相配，既可养血通脉，以除四肢厥冷，亦有利于温脏安蛔，合为佐药。炼蜜为丸，甘缓和中，为使药。诸药合用，共奏温脏安蛔、扶正祛邪之功。对于胃热肠寒……,酸苦辛并进，则蛔静伏而下；寒热佐甘温，则和肠胃扶正。,禁生冷、滑物、臭食等（现代用法：乌梅用醋浸一宿，去核打烂，和余药打匀，烘干或晒干，研成细末，加蜜制丸，每服9g，日2～3次，空腹温开水送下,P.287,《方剂学》第十版（邓中甲主编，人民卫生出版社，2016，ISBN 9787117218900）；PDF页码 P.501；书内索引页码 P.287,已从教材PDF抽取待人工复核,字段来自教材PDF文本抽取，训练前仍需人工核对剂量与页码。,官方药典精确命中,乌梅丸,中华人民共和国药典：2020年版．一部 P.785 entryId=997,另取乌梅对照药材2g，同法制成对照药材溶液。再取熊果酸对照品，加无水乙醇制成每1ml含0.2mg的溶液，作为对照品溶液。,乌梅丸,P.501,P.287,PDF页码+书内索引页码,全文标题定位,D1_formula_snippets\119_乌梅丸.txt
