序号,章节,方剂名,出处,组成,用法,功用,主治,方义,配伍特点,注意/禁忌,《方剂学》页码,来源,QA状态,QA问题,药典候选状态,药典候选标题,药典候选来源,药典候选原文预览
1,第1章 解表剂,桂枝汤,,,,,,,,,,《方剂学》第十版（邓中甲主编，人民卫生出版社，2016，ISBN 9787117218900）,待教材PDF/原书核验,本机未找到授权教材PDF；不能伪造页码和原文剂量,官方药典未命中,,,
2,第1章 解表剂,麻黄汤,,,,,,,,,,《方剂学》第十版（邓中甲主编，人民卫生出版社，2016，ISBN 9787117218900）,待教材PDF/原书核验,本机未找到授权教材PDF；不能伪造页码和原文剂量,官方药典未命中,,,
3,第1章 解表剂,九味羌活汤,,,,,,,,,,《方剂学》第十版（邓中甲主编，人民卫生出版社，2016，ISBN 9787117218900）,待教材PDF/原书核验,本机未找到授权教材PDF；不能伪造页码和原文剂量,官方药典有候选命中,九味羌活丸,中华人民共和国药典：2020年版．一部 P.550 entryId=734,【处方】羌活150g防风150g苍术150g细辛50g川芎100g白芷100g黄芩100g甘草100g地黄100g【制法】以上九味，粉碎成细粉，过筛，混匀，用水泛丸，干燥，即得。
4,第1章 解表剂,香苏散,,,,,,,,,,《方剂学》第十版（邓中甲主编，人民卫生出版社，2016，ISBN 9787117218900）,待教材PDF/原书核验,本机未找到授权教材PDF；不能伪造页码和原文剂量,官方药典有候选命中,品名目次,中华人民共和国药典：2020年版．一部 P.30 entryId=2278,…1424神香苏合丸…1424除湿白带丸…1425十画　珠蚕都荷桂桔根速唇夏热柴致逍蚝钻铁积射健脂脏脑狼疳益烧宽凉消润烫诺调通桑珠黄吹喉散…1426珠黄散…1426蚕蛾公补片…1427都梁丸…1428都梁软胶囊
5,第1章 解表剂,小青龙汤,,,,,,,,,,《方剂学》第十版（邓中甲主编，人民卫生出版社，2016，ISBN 9787117218900）,待教材PDF/原书核验,本机未找到授权教材PDF；不能伪造页码和原文剂量,官方药典未命中,,,
6,第1章 解表剂,止嗽散,,,,,,,,,,《方剂学》第十版（邓中甲主编，人民卫生出版社，2016，ISBN 9787117218900）,待教材PDF/原书核验,本机未找到授权教材PDF；不能伪造页码和原文剂量,未在前次药典P0覆盖表中,,,
7,第1章 解表剂,银翘散,,,,,,,,,,《方剂学》第十版（邓中甲主编，人民卫生出版社，2016，ISBN 9787117218900）,待教材PDF/原书核验,本机未找到授权教材PDF；不能伪造页码和原文剂量,官方药典精确命中,银翘散,中华人民共和国药典：2020年版．一部 P.1676 entryId=1975,【处方】金银花100g连翘100g桔梗60g薄荷60g淡豆豉50g淡竹叶40g牛蒡子60g荆芥40g芦根100g甘草40g【制法】以上十味，粉碎成细粉，过筛，混匀，即得。【性状】本品为棕黄色的粉末；气特异，味微甘而凉。【鉴别】（1）取本品，置显微镜下观察：花粉粒类球形，直径约至76μm，外壁有刺状雕纹，具三个萌发孔（金银花）。内果皮纤维上下层纵横交错，纤维短梭形（连翘）。联结乳管直径14～25μm，含淡黄色细颗粒状物（桔梗）。非腺毛，多碎断，完整者1～8细胞，常弯曲，直径10～43μm，壁厚，微具疣状突起（薄荷）。
8,第1章 解表剂,桑菊饮,,,,,,,,,,《方剂学》第十版（邓中甲主编，人民卫生出版社，2016，ISBN 9787117218900）,待教材PDF/原书核验,本机未找到授权教材PDF；不能伪造页码和原文剂量,官方药典有候选命中,桑菊感冒片,中华人民共和国药典：2020年版．一部 P.1634 entryId=1931,【处方】桑叶465g菊花185g连翘280g薄荷素油1ml苦杏仁370g桔梗370g甘草150g芦根370g【制法】以上八味，除薄荷素油外，桔梗粉碎成细粉；连翘提取挥发油；药渣与其余桑叶等五味加水煎煮二次（苦杏仁压榨去油后，在水沸时加入），每次2小时，合并煎液，滤过，滤液浓缩成稠膏，加入桔梗细粉及适量辅料，混匀，制成颗粒，干燥，放冷，喷加薄荷素油和连翘挥发油，混匀，压制成1000片，或包糖衣或薄膜衣，即得。【性状】本品为浅棕色至棕褐色的片；或为糖衣片或薄膜衣片，除去包衣后显浅棕色至棕褐色；气微香，味微苦。【鉴别】（
9,第1章 解表剂,败毒散,,,,,,,,,,《方剂学》第十版（邓中甲主编，人民卫生出版社，2016，ISBN 9787117218900）,待教材PDF/原书核验,本机未找到授权教材PDF；不能伪造页码和原文剂量,官方药典精确命中,败毒散,中华人民共和国药典：2020年版．一部 P.1193 entryId=1447,【功能与主治】发汗解表，散风祛湿。用于外感热病，憎寒壮热，项强头痛，四肢酸痛，噤口痢疾，无汗鼻塞，咳嗽有痰。【用法与用量】另加生姜、薄荷少许炖，取汤服。一次6～9g，一日1～2次。
10,第1章 解表剂,参苏饮,,,,,,,,,,《方剂学》第十版（邓中甲主编，人民卫生出版社，2016，ISBN 9787117218900）,待教材PDF/原书核验,本机未找到授权教材PDF；不能伪造页码和原文剂量,官方药典有候选命中,本版药典（一部）新增品种名单,中华人民共和国药典：2020年版．一部 P.18 entryId=2275,老年咳喘片再造生血胶囊西汉养生口服液（滋肾健脑液）血栓通胶囊血滞通胶囊血塞通片血塞通胶囊血塞通颗粒壮腰健身丸安胎丸安脑片妇宁栓妇科止带胶囊妇科养荣丸妇康宝口服液（妇康宝合剂）芩暴红止咳分散片芪风固表颗粒芪明颗粒芪参益气滴丸芪珍胶囊芪黄通秘软胶囊芪蛭降糖片苏黄止咳胶囊杏苏止咳口服液杞菊地黄口服液连参通淋片补肾益精丸补虚通瘀颗粒坤宁口服液坤泰胶囊苦甘颗粒苦参软膏固肠止泻胶囊和血明目片和胃止泻胶囊金嗓开音颗粒金嗓清音胶囊金蝉止痒胶囊乳块消颗粒乳康颗粒参芪五味子颗粒参芪降糖片参芪降糖胶囊厚朴排气合剂胃疡宁丸复方双花口服液复
11,第1章 解表剂,葛根汤,,,,,,,,,,《方剂学》第十版（邓中甲主编，人民卫生出版社，2016，ISBN 9787117218900）,待教材PDF/原书核验,本机未找到授权教材PDF；不能伪造页码和原文剂量,官方药典精确命中,葛根汤颗粒,中华人民共和国药典：2020年版．一部 P.1760 entryId=2066,【处方】葛根667g麻黄500g白芍334g桂枝334g甘草334g大枣1222g生姜500g【制法】以上七味，取葛根、麻黄加水温浸30分钟，与其余白芍等五味，加水煎煮二次，每次30分钟，合并煎液，滤过
12,第1章 解表剂,大青龙汤,,,,,,,,,,《方剂学》第十版（邓中甲主编，人民卫生出版社，2016，ISBN 9787117218900）,待教材PDF/原书核验,本机未找到授权教材PDF；不能伪造页码和原文剂量,未在前次药典P0覆盖表中,,,
13,第2章 泻下剂,大承气汤,,,,,,,,,,《方剂学》第十版（邓中甲主编，人民卫生出版社，2016，ISBN 9787117218900）,待教材PDF/原书核验,本机未找到授权教材PDF；不能伪造页码和原文剂量,官方药典有候选命中,大青盐,中华人民共和国药典：2020年版．一部 P.72 entryId=29,本品为卤化物类石盐族湖盐结晶体，主含氯化钠（NaCl）。自盐湖中采挖后，除去杂质，干燥。【性状】本品为立方体、八面体或菱形的结晶，有的为歪晶，直径0.5～1.5cm。白色或灰白色，半透明，具玻璃样光泽。质硬，易砸碎，断面光亮。气微，味咸、微涩苦。【鉴别】（1）取本品粉末0.1g，加水5ml使溶解，加硝酸银试液1滴，即生成白色沉淀。（2）取铂丝，用盐酸湿润后，蘸取少许供试品粉末，在无色火焰中燃烧，火焰即显鲜黄色。【含量测定】取本品细粉约0.15g，精密称定，置锥形瓶中，加水50ml溶解，加2%糊精溶液10ml、碳酸钙
14,第2章 泻下剂,小承气汤,,,,,,,,,,《方剂学》第十版（邓中甲主编，人民卫生出版社，2016，ISBN 9787117218900）,待教材PDF/原书核验,本机未找到授权教材PDF；不能伪造页码和原文剂量,官方药典有候选命中,小青龙颗粒,中华人民共和国药典：2020年版．一部 P.644 entryId=842,【处方】麻黄154g桂枝154g白芍154g干姜154g细辛77g炙甘草154g法半夏231g五味子154g【制法】以上八味，细辛、桂枝提取挥发油，蒸馏后的水溶液另器收集；药渣与白芍、麻黄、五味子、炙甘草加水煎煮二次，第一次2小时，第二次1.5小时，合并煎液，滤过，滤液与蒸馏后的水溶液合并，浓缩至约1000ml；法半夏、干姜粉碎成粗粉，用70%乙醇作溶剂，浸渍24小时后进行渗漉，收集渗漉液，回收乙醇，与上述药液合并，静置，滤过，滤液浓缩至适量，喷雾干燥，加乳糖适量，混匀，喷加细辛和桂枝的挥发油，混匀，制成颗粒461
15,第2章 泻下剂,调胃承气汤,,,,,,,,,,《方剂学》第十版（邓中甲主编，人民卫生出版社，2016，ISBN 9787117218900）,待教材PDF/原书核验,本机未找到授权教材PDF；不能伪造页码和原文剂量,官方药典有候选命中,香苏调胃片,中华人民共和国药典：2020年版．一部 P.1336 entryId=1600,【处方】广藿香60g香薷96g木香15g紫苏叶120g姜厚朴60g砂仁15g麸炒枳壳15g陈皮30g茯苓15g炒山楂15g炒麦芽15g白扁豆（去皮）48g葛根15g甘草8g六神曲（麸炒）15g生姜30g【制法】以上十六味，六神曲（麸炒）、炒麦芽、麸炒枳壳、姜厚朴、砂仁、白扁豆（去皮）粉碎成细粉；广藿香、陈皮分别蒸馏提取挥发油，蒸馏后的水溶液合并，备用；炒山楂、葛根、甘草加水煎煮三次，第一次3小时，第二次1小时，第三次0.5小时，滤过，滤液合并，备用；紫苏叶、香薷加水热浸三次，第一次2小时、第二次1小时，第三次0.5
16,第2章 泻下剂,温脾汤,,,,,,,,,,《方剂学》第十版（邓中甲主编，人民卫生出版社，2016，ISBN 9787117218900）,待教材PDF/原书核验,本机未找到授权教材PDF；不能伪造页码和原文剂量,官方药典有候选命中,姜半夏,中华人民共和国药典：2020年版．一部 P.173 entryId=181,【性味与归经】辛，温。归脾、胃、肺经。【功能与主治】温中化痰，降逆止呕。用于痰饮呕吐，胃脘痞满。【用法与用量】3～9g。【注意】不宜与川乌、制川乌、草乌、制草乌、附子同用。【贮藏】置通风干燥处，防蛀。
17,第2章 泻下剂,十枣汤,,,,,,,,,,《方剂学》第十版（邓中甲主编，人民卫生出版社，2016，ISBN 9787117218900）,待教材PDF/原书核验,本机未找到授权教材PDF；不能伪造页码和原文剂量,官方药典有候选命中,控涎丸,中华人民共和国药典：2020年版．一部 P.1654 entryId=1952,【用法与用量】用温开水或枣汤、米汤送服。一次1～3g，一日1～2次。【注意】孕妇忌服；体虚者慎用。【贮藏】密封。
18,第3章 和解剂,小柴胡汤,,,,,,,,,,《方剂学》第十版（邓中甲主编，人民卫生出版社，2016，ISBN 9787117218900）,待教材PDF/原书核验,本机未找到授权教材PDF；不能伪造页码和原文剂量,官方药典有候选命中,小柴胡胶囊,中华人民共和国药典：2020年版．一部 P.653 entryId=852,【处方】柴胡445g姜半夏222g黄芩167g党参167g甘草167g生姜167g大枣167g【制法】以上七味，党参45g、甘草45g粉碎成细粉；剩余的党参与甘草、柴胡、黄芩、大枣加水煎煮二次，每次1.5小时，合并煎液，滤过，滤液浓缩至相对密度为1.05～1.10（80℃）的清膏；姜半夏、生姜用70%乙醇作溶剂，浸渍24小时后，缓缓渗漉，收集渗漉液1670ml，回收乙醇，与上述清膏合并，浓缩至相对密度为1.10～1.20（80℃）的稠膏，加入上述细粉及适量淀粉，混匀，干燥，粉碎成细粉，85%乙醇溶液制成颗粒，干燥，
19,第3章 和解剂,大柴胡汤,,,,,,,,,,《方剂学》第十版（邓中甲主编，人民卫生出版社，2016，ISBN 9787117218900）,待教材PDF/原书核验,本机未找到授权教材PDF；不能伪造页码和原文剂量,官方药典有候选命中,柴胡,中华人民共和国药典：2020年版．一部 P.342 entryId=442,【注意】大叶柴胡Bupleurum longiradiatum Turcz.的干燥根茎，表面密生环节，有毒，不可当柴胡用。【贮藏】置通风干燥处，防蛀。
20,第3章 和解剂,蒿芩清胆汤,,,,,,,,,,《方剂学》第十版（邓中甲主编，人民卫生出版社，2016，ISBN 9787117218900）,待教材PDF/原书核验,本机未找到授权教材PDF；不能伪造页码和原文剂量,官方药典有候选命中,茵陈,中华人民共和国药典：2020年版．一部 P.299 entryId=373,【功能与主治】清利湿热，利胆退黄。用于黄疸尿少，湿温暑湿，湿疮瘙痒。【用法与用量】6～15g。外用适量，煎汤熏洗。【贮藏】置阴凉干燥处，防潮。
21,第3章 和解剂,四逆散,,,,,,,,,,《方剂学》第十版（邓中甲主编，人民卫生出版社，2016，ISBN 9787117218900）,待教材PDF/原书核验,本机未找到授权教材PDF；不能伪造页码和原文剂量,官方药典有候选命中,四逆汤,中华人民共和国药典：2020年版．一部 P.878 entryId=1099,【功能与主治】温中祛寒，回阳救逆。用于阳虚欲脱，冷汗自出，四肢厥逆，下利清谷，脉微欲绝。【用法与用量】口服。一次10～20ml，一日3次；或遵医嘱。【规格】每支装10ml【贮藏】密封，置阴凉处。
22,第3章 和解剂,逍遥散,,,,,,,,,,《方剂学》第十版（邓中甲主编，人民卫生出版社，2016，ISBN 9787117218900）,待教材PDF/原书核验,本机未找到授权教材PDF；不能伪造页码和原文剂量,官方药典有候选命中,逍遥胶囊,中华人民共和国药典：2020年版．一部 P.1513 entryId=1799,【处方】柴胡286g当归286g白芍286g炒白术286g茯苓286g炙甘草228.8g薄荷57.2g生姜286g【制法】以上八味，薄荷提取挥发油备用或用倍他环糊精包合，备用；蒸馏后的水溶液备用；药渣与其余柴胡等七味加水煎煮二次，第一次2小时，第二次1小时，煎液滤过，滤液与上述蒸馏后的水溶液合并，减压浓缩至相对密度为1.26～1.30（90℃）的稠膏，减压干燥，粉碎，薄荷挥发油用适量的微晶纤维素吸收后与干浸膏混匀，装入胶囊，制成1000粒〔规格（1）〕；或减压浓缩至相对密度为1.10～1.15（60℃）的清膏，喷雾
23,第3章 和解剂,半夏泻心汤,,,,,,,,,,《方剂学》第十版（邓中甲主编，人民卫生出版社，2016，ISBN 9787117218900）,待教材PDF/原书核验,本机未找到授权教材PDF；不能伪造页码和原文剂量,官方药典有候选命中,半夏,中华人民共和国药典：2020年版．一部 P.172 entryId=179,另取半夏对照药材1g，同法制成对照药材溶液。
24,第4章 清热剂,白虎汤,,,,,,,,,,《方剂学》第十版（邓中甲主编，人民卫生出版社，2016，ISBN 9787117218900）,待教材PDF/原书核验,本机未找到授权教材PDF；不能伪造页码和原文剂量,官方药典有候选命中,四逆汤,中华人民共和国药典：2020年版．一部 P.878 entryId=1099,【处方】淡附片300g干姜200g炙甘草300g【制法】以上三味，淡附片、炙甘草加水煎煮二次，第一次2小时，第二次1.5小时，合并煎液，滤过；干姜用水蒸气蒸馏提取挥发油，挥发油和蒸馏后的水溶液备用；姜渣再加水煎煮1小时，煎液与上述水溶液合并，滤过，再与淡附片、炙甘草的煎液合并，浓缩至约400ml，放冷，加乙醇1200ml，搅匀，静置24小时，滤过，减压浓缩至适量，用适量水稀释，冷藏24小时，滤过，加单糖浆300ml、苯甲酸钠3g与上述挥发油，加水至1000ml，搅匀，灌封，灭菌，即得。【性状】本品为棕黄色的液体；气
25,第4章 清热剂,竹叶石膏汤,,,,,,,,,,《方剂学》第十版（邓中甲主编，人民卫生出版社，2016，ISBN 9787117218900）,待教材PDF/原书核验,本机未找到授权教材PDF；不能伪造页码和原文剂量,官方药典有候选命中,鼻窦炎口服液,中华人民共和国药典：2020年版．一部 P.1892 entryId=2208,注：竹叶柴胡　为伞形科植物竹叶柴胡Bupleurum marginatum Wall.ex DC.的干燥全草。
26,第4章 清热剂,清营汤,,,,,,,,,,《方剂学》第十版（邓中甲主编，人民卫生出版社，2016，ISBN 9787117218900）,待教材PDF/原书核验,本机未找到授权教材PDF；不能伪造页码和原文剂量,官方药典有候选命中,玄明粉,中华人民共和国药典：2020年版．一部 P.170 entryId=175,【功能与主治】泻下通便，润燥软坚，清火消肿。用于实热积滞，大便燥结，腹满胀痛；外治咽喉肿痛，口舌生疮，牙龈肿痛，目赤，痈肿，丹毒。【用法与用量】3～9g，溶入煎好的汤液中服用。外用适量。
27,第4章 清热剂,犀角地黄汤,,,,,,,,,,《方剂学》第十版（邓中甲主编，人民卫生出版社，2016，ISBN 9787117218900）,待教材PDF/原书核验,本机未找到授权教材PDF；不能伪造页码和原文剂量,官方药典有候选命中,盐酸地尔硫片,中华人民共和国药典：2020年版．二部 P.1163 entryId=3806,【鉴别】（1）取本品的细粉适量（约相当于盐酸地尔硫60mg），加盐酸溶液（9→100）10ml，振摇使盐酸地尔硫溶解，滤过，滤液照盐酸地尔硫项下的鉴别（1）项试验，显相同的反应。
28,第4章 清热剂,黄连解毒汤,,,,,,,,,,《方剂学》第十版（邓中甲主编，人民卫生出版社，2016，ISBN 9787117218900）,待教材PDF/原书核验,本机未找到授权教材PDF；不能伪造页码和原文剂量,官方药典有候选命中,黄连胶囊,中华人民共和国药典：2020年版．一部 P.1648 entryId=1946,本品每粒含黄连以盐酸小檗碱（C20H17NO4·HCl）计，不得少于9.0mg。【功能与主治】清热燥湿，泻火解毒。
29,第4章 清热剂,龙胆泻肝汤,,,,,,,,,,《方剂学》第十版（邓中甲主编，人民卫生出版社，2016，ISBN 9787117218900）,待教材PDF/原书核验,本机未找到授权教材PDF；不能伪造页码和原文剂量,官方药典有候选命中,龙胆,中华人民共和国药典：2020年版．一部 P.148 entryId=140,归肝、胆经。【功能与主治】清热燥湿，泻肝胆火。用于湿热黄疸，阴肿阴痒，带下，湿疹瘙痒，肝火目赤，耳鸣耳聋，胁痛口苦，强中，惊风抽搐。【用法与用量】3～6g。【贮藏】置干燥处。
30,第4章 清热剂,清胃散,,,,,,,,,,《方剂学》第十版（邓中甲主编，人民卫生出版社，2016，ISBN 9787117218900）,待教材PDF/原书核验,本机未找到授权教材PDF；不能伪造页码和原文剂量,官方药典有候选命中,品名目次,中华人民共和国药典：2020年版．一部 P.30 entryId=2278,…1668清肺抑火丸…1669清肺消炎丸…1670清泻丸…1671清降片…1672清胃保安丸…1673清胃黄连丸（大蜜丸）…1674清胃黄连丸（水丸）…1675清胃黄连片…1676清咽丸…1677清咽利膈丸
31,第4章 清热剂,玉女煎,,,,,,,,,,《方剂学》第十版（邓中甲主编，人民卫生出版社，2016，ISBN 9787117218900）,待教材PDF/原书核验,本机未找到授权教材PDF；不能伪造页码和原文剂量,官方药典有候选命中,0183　煎膏剂（膏滋）,中华人民共和国药典：2020年版．四部 P.61 entryId=5403,四、煎膏剂应无焦臭、异味，无糖的结晶析出。五、除另有规定外，煎膏剂应密封，置阴凉处贮存。除另有规定外，煎膏剂应进行以下相应检查。
32,第4章 清热剂,芍药汤,,,,,,,,,,《方剂学》第十版（邓中甲主编，人民卫生出版社，2016，ISBN 9787117218900）,待教材PDF/原书核验,本机未找到授权教材PDF；不能伪造页码和原文剂量,官方药典有候选命中,归芍地黄丸,中华人民共和国药典：2020年版．一部 P.863 entryId=1082,【处方】当归40g酒白芍40g熟地黄160g酒萸肉80g牡丹皮60g山药80g茯苓60g泽泻60g【制法】以上八味，粉碎成细粉，过筛，混匀。每100g粉末用炼蜜35～50g加适量的水制丸，干燥，制成水蜜丸；或加炼蜜80～110g制成小蜜丸或大蜜丸，即得。【性状】本品为棕黑色的水蜜丸、黑褐色的小蜜丸或大蜜丸；味甜、微酸。【鉴别】（1）取本品，置显微镜下观察：糊化淀粉粒团块类白色（酒白芍）。不规则分枝状团块无色，遇水合氯醛试液溶化；菌丝无色或淡棕色，直径4～6μm（茯苓）。薄壁细胞纺锤形，壁略厚，有极微细的斜向交错纹理
33,第4章 清热剂,白头翁汤,,,,,,,,,,《方剂学》第十版（邓中甲主编，人民卫生出版社，2016，ISBN 9787117218900）,待教材PDF/原书核验,本机未找到授权教材PDF；不能伪造页码和原文剂量,官方药典有候选命中,白头翁,中华人民共和国药典：2020年版．一部 P.157 entryId=153,另取白头翁对照药材1g，同法制成对照药材溶液。
34,第4章 清热剂,青蒿鳖甲汤,,,,,,,,,,《方剂学》第十版（邓中甲主编，人民卫生出版社，2016，ISBN 9787117218900）,待教材PDF/原书核验,本机未找到授权教材PDF；不能伪造页码和原文剂量,官方药典有候选命中,鳖甲,中华人民共和国药典：2020年版．一部 P.451 entryId=615,饮片【炮制】鳖甲　置蒸锅内，沸水蒸45分钟，取出，放入热水中，立即用硬刷除去皮肉，洗净，干燥。醋鳖甲　取净鳖甲，照烫法（通则0213）用砂烫至表面淡黄色，取出，醋淬，干燥。用时捣碎。
35,第4章 清热剂,清骨散,,,,,,,,,,《方剂学》第十版（邓中甲主编，人民卫生出版社，2016，ISBN 9787117218900）,待教材PDF/原书核验,本机未找到授权教材PDF；不能伪造页码和原文剂量,官方药典有候选命中,品名目次,中华人民共和国药典：2020年版．一部 P.30 entryId=2278,…1013连花清瘟胶囊…1014连花清瘟颗粒…1015连参通淋片…1016连蒲双清片…1018抗炎退热片…1019抗骨增生丸…1019抗骨增生胶囊…1020抗骨髓炎片…1021抗宫炎片…1022抗宫炎胶囊
36,第5章 祛暑剂,香薷散,,,,,,,,,,《方剂学》第十版（邓中甲主编，人民卫生出版社，2016，ISBN 9787117218900）,待教材PDF/原书核验,本机未找到授权教材PDF；不能伪造页码和原文剂量,未在前次药典P0覆盖表中,,,
37,第5章 祛暑剂,新加香薷饮,,,,,,,,,,《方剂学》第十版（邓中甲主编，人民卫生出版社，2016，ISBN 9787117218900）,待教材PDF/原书核验,本机未找到授权教材PDF；不能伪造页码和原文剂量,未在前次药典P0覆盖表中,,,
38,第5章 祛暑剂,清暑益气汤,,,,,,,,,,《方剂学》第十版（邓中甲主编，人民卫生出版社，2016，ISBN 9787117218900）,待教材PDF/原书核验,本机未找到授权教材PDF；不能伪造页码和原文剂量,未在前次药典P0覆盖表中,,,
39,第6章 温里剂,理中丸,,,,,,,,,,《方剂学》第十版（邓中甲主编，人民卫生出版社，2016，ISBN 9787117218900）,待教材PDF/原书核验,本机未找到授权教材PDF；不能伪造页码和原文剂量,官方药典精确命中,理中丸,中华人民共和国药典：2020年版．一部 P.1636 entryId=1934,供试品溶液的制备　取本品重量差异项下的大蜜丸，切碎，取约1g，精密称定，置具塞锥形瓶中，精密加入甲醇-0.017mol/L磷酸溶液（13:7）50ml，密塞，称定重量，放置过夜，超声处理（功率250W，
40,第6章 温里剂,小建中汤,,,,,,,,,,《方剂学》第十版（邓中甲主编，人民卫生出版社，2016，ISBN 9787117218900）,待教材PDF/原书核验,本机未找到授权教材PDF；不能伪造页码和原文剂量,官方药典有候选命中,小建中颗粒,中华人民共和国药典：2020年版．一部 P.650 entryId=848,【处方】白芍400g大枣200g桂枝200g炙甘草133g生姜200g【制法】以上五味，桂枝、生姜蒸馏提取挥发油，蒸馏后的水溶液另器收集；药渣与其余白芍等三味加水煎煮三次，每次1小时，合并煎液，滤过，滤液与蒸馏后的水溶液合并，浓缩至相对密度为1.10～1.12（65℃），加乙醇使含醇量达50%，充分搅拌，静置6～8小时，滤过，滤液回收乙醇，浓缩成稠膏，加入适量蔗糖及糊精，制成颗粒，干燥，过筛，喷加上述挥发油，混匀，制成1000g，即得。【性状】本品为浅棕色至棕黄色的颗粒；气香，味甜。【鉴别】（1）取本品1.5g，加
41,第6章 温里剂,大建中汤,,,,,,,,,,《方剂学》第十版（邓中甲主编，人民卫生出版社，2016，ISBN 9787117218900）,待教材PDF/原书核验,本机未找到授权教材PDF；不能伪造页码和原文剂量,官方药典有候选命中,乳香,中华人民共和国药典：2020年版．一部 P.282 entryId=345,【用法与用量】煎汤或入丸、散，3～5g；外用适量，研末调敷。【注意】孕妇及胃弱者慎用。【贮藏】置阴凉干燥处。
42,第6章 温里剂,四逆汤,,,,,,,,,,《方剂学》第十版（邓中甲主编，人民卫生出版社，2016，ISBN 9787117218900）,待教材PDF/原书核验,本机未找到授权教材PDF；不能伪造页码和原文剂量,官方药典精确命中,四逆汤,中华人民共和国药典：2020年版．一部 P.878 entryId=1099,【功能与主治】温中祛寒，回阳救逆。用于阳虚欲脱，冷汗自出，四肢厥逆，下利清谷，脉微欲绝。【用法与用量】口服。一次10～20ml，一日3次；或遵医嘱。【规格】每支装10ml【贮藏】密封，置阴凉处。
43,第6章 温里剂,当归四逆汤,,,,,,,,,,《方剂学》第十版（邓中甲主编，人民卫生出版社，2016，ISBN 9787117218900）,待教材PDF/原书核验,本机未找到授权教材PDF；不能伪造页码和原文剂量,官方药典有候选命中,四逆汤,中华人民共和国药典：2020年版．一部 P.878 entryId=1099,【功能与主治】温中祛寒，回阳救逆。用于阳虚欲脱，冷汗自出，四肢厥逆，下利清谷，脉微欲绝。【用法与用量】口服。一次10～20ml，一日3次；或遵医嘱。【规格】每支装10ml【贮藏】密封，置阴凉处。
44,第6章 温里剂,阳和汤,,,,,,,,,,《方剂学》第十版（邓中甲主编，人民卫生出版社，2016，ISBN 9787117218900）,待教材PDF/原书核验,本机未找到授权教材PDF；不能伪造页码和原文剂量,官方药典有候选命中,阳和解凝膏,中华人民共和国药典：2020年版．一部 P.989 entryId=1228,【处方】鲜牛蒡草480g（或干品120g）鲜凤仙透骨草40g（或干品10g）生川乌20g桂枝20g大黄20g当归20g生草乌20g生附子20g地龙20g僵蚕20g赤芍20g白芷20g白蔹20g白及20g川芎10g续断10g防风10g荆芥10g五灵脂10g木香10g香橼10g陈皮10g肉桂20g乳香20g没药20g苏合香40g人工麝香10g【制法】以上二十七味，除苏合香外，人工麝香研细，肉桂、乳香、没药粉碎成细粉，与人工麝香配研，过筛，混匀。其余牛蒡草等二十二味，酌予碎断，与食用植物油2400g同置锅内炸枯，去渣，滤
45,第7章 补益剂,四君子汤,,,,,,,,,,《方剂学》第十版（邓中甲主编，人民卫生出版社，2016，ISBN 9787117218900）,待教材PDF/原书核验,本机未找到授权教材PDF；不能伪造页码和原文剂量,官方药典未命中,,,
46,第7章 补益剂,参苓白术散,,,,,,,,,,《方剂学》第十版（邓中甲主编，人民卫生出版社，2016，ISBN 9787117218900）,待教材PDF/原书核验,本机未找到授权教材PDF；不能伪造页码和原文剂量,官方药典精确命中,参苓白术散,中华人民共和国药典：2020年版．一部 P.1272 entryId=1534,【处方】人参100g茯苓100g白术（炒）100g山药100g白扁豆（炒）75g莲子50g薏苡仁（炒）50g砂仁50g桔梗50g甘草100g【制法】以上十味，粉碎成细粉，过筛，混匀，即得。
47,第7章 补益剂,补中益气汤,,,,,,,,,,《方剂学》第十版（邓中甲主编，人民卫生出版社，2016，ISBN 9787117218900）,待教材PDF/原书核验,本机未找到授权教材PDF；不能伪造页码和原文剂量,官方药典未命中,,,
48,第7章 补益剂,生脉散,,,,,,,,,,《方剂学》第十版（邓中甲主编，人民卫生出版社，2016，ISBN 9787117218900）,待教材PDF/原书核验,本机未找到授权教材PDF；不能伪造页码和原文剂量,官方药典有候选命中,品名目次,中华人民共和国药典：2020年版．一部 P.30 entryId=2278,…1494脑栓通胶囊…1495脑得生丸…1496脑得生片…1497脑得生胶囊…1497脑得生颗粒…1499狼疮丸…1499疳积散…1500益元散…1500益气养血口服液…1501益气通络颗粒…1502益气维血颗粒
49,第7章 补益剂,玉屏风散,,,,,,,,,,《方剂学》第十版（邓中甲主编，人民卫生出版社，2016，ISBN 9787117218900）,待教材PDF/原书核验,本机未找到授权教材PDF；不能伪造页码和原文剂量,官方药典未命中,,,
50,第7章 补益剂,四物汤,,,,,,,,,,《方剂学》第十版（邓中甲主编，人民卫生出版社，2016，ISBN 9787117218900）,待教材PDF/原书核验,本机未找到授权教材PDF；不能伪造页码和原文剂量,官方药典未命中,,,
51,第7章 补益剂,当归补血汤,,,,,,,,,,《方剂学》第十版（邓中甲主编，人民卫生出版社，2016，ISBN 9787117218900）,待教材PDF/原书核验,本机未找到授权教材PDF；不能伪造页码和原文剂量,官方药典有候选命中,当归补血口服液,中华人民共和国药典：2020年版．一部 P.935 entryId=1165,【处方】当归132g黄芪330g【制法】以上二味，当归加水蒸馏，分别收集蒸馏液和蒸馏后的水溶液（另器贮存）；药渣与黄芪加水煎煮三次，第一次2小时，第二次1.5小时，第三次1小时，煎液滤过，滤液与当归蒸馏后的水溶液合并
52,第7章 补益剂,归脾汤,,,,,,,,,,《方剂学》第十版（邓中甲主编，人民卫生出版社，2016，ISBN 9787117218900）,待教材PDF/原书核验,本机未找到授权教材PDF；不能伪造页码和原文剂量,官方药典有候选命中,归脾颗粒,中华人民共和国药典：2020年版．一部 P.867 entryId=1086,用于心脾两虚，气短心悸，失眠多梦，头昏头晕，肢倦乏力，食欲不振，崩漏便血。【用法与用量】开水冲服。一次1袋，一日3次。【规格】每袋装3g【贮藏】密封。
53,第7章 补益剂,八珍汤,,,,,,,,,,《方剂学》第十版（邓中甲主编，人民卫生出版社，2016，ISBN 9787117218900）,待教材PDF/原书核验,本机未找到授权教材PDF；不能伪造页码和原文剂量,官方药典有候选命中,本版药典（一部）新增品种名单,中华人民共和国药典：2020年版．一部 P.18 entryId=2275,本版药典（一部）新增品种名单药材和饮片裸花紫珠成方制剂和单味制剂八珍丸（浓缩丸）大黄利胆胶囊万灵五香膏小儿扶脾颗粒小儿咳喘灵口服液无比山药丸五加生化胶囊五灵胶囊五福化毒片止痢宁片风湿骨痛片丹灯通脑软胶囊丹灯通脑胶囊丹鹿通督片正气片四方胃胶囊生白合剂
54,第7章 补益剂,十全大补汤,,,,,,,,,,《方剂学》第十版（邓中甲主编，人民卫生出版社，2016，ISBN 9787117218900）,待教材PDF/原书核验,本机未找到授权教材PDF；不能伪造页码和原文剂量,官方药典有候选命中,四逆汤,中华人民共和国药典：2020年版．一部 P.878 entryId=1099,【处方】淡附片300g干姜200g炙甘草300g【制法】以上三味，淡附片、炙甘草加水煎煮二次，第一次2小时，第二次1.5小时，合并煎液，滤过；干姜用水蒸气蒸馏提取挥发油，挥发油和蒸馏后的水溶液备用；姜渣再加水煎煮1小时，煎液与上述水溶液合并，滤过，再与淡附片、炙甘草的煎液合并，浓缩至约400ml，放冷，加乙醇1200ml，搅匀，静置24小时，滤过，减压浓缩至适量，用适量水稀释，冷藏24小时，滤过，加单糖浆300ml、苯甲酸钠3g与上述挥发油，加水至1000ml，搅匀，灌封，灭菌，即得。【性状】本品为棕黄色的液体；气
55,第7章 补益剂,人参养荣汤,,,,,,,,,,《方剂学》第十版（邓中甲主编，人民卫生出版社，2016，ISBN 9787117218900）,待教材PDF/原书核验,本机未找到授权教材PDF；不能伪造页码和原文剂量,官方药典有候选命中,人参养荣丸,中华人民共和国药典：2020年版．一部 P.538 entryId=719,另取人参二醇对照品、人参三醇对照品，分别加无水乙醇制成每1ml含1mg的溶液，作为对照品溶液。
56,第7章 补益剂,六味地黄丸,,,,,,,,,,《方剂学》第十版（邓中甲主编，人民卫生出版社，2016，ISBN 9787117218900）,待教材PDF/原书核验,本机未找到授权教材PDF；不能伪造页码和原文剂量,官方药典精确命中,六味地黄丸,中华人民共和国药典：2020年版．一部 P.791 entryId=1004,【处方】熟地黄160g酒萸肉80g牡丹皮60g山药80g茯苓60g泽泻60g【制法】以上六味，粉碎成细粉，过筛，混匀。用乙醇泛丸，干燥，制成水丸，或每100g粉末加炼蜜35～50g与适量的水，制丸，干燥，制成水蜜丸；或加炼蜜80～110g制成小蜜丸或大蜜丸，即得。【性状】本品为棕黑色的水丸、水蜜丸、棕褐色至黑褐色的小蜜丸或大蜜丸；味甜而酸。【鉴别】（1）取本品，置显微镜下观察：淀粉粒三角状卵形或矩圆形，直径24～40μm，脐点短缝状或人字状（山药）。不规则分枝状团块无色，遇水合氯醛试液溶化；菌丝无色，直径4～6μm
57,第7章 补益剂,左归丸,,,,,,,,,,《方剂学》第十版（邓中甲主编，人民卫生出版社，2016，ISBN 9787117218900）,待教材PDF/原书核验,本机未找到授权教材PDF；不能伪造页码和原文剂量,官方药典有候选命中,复方左炔诺孕酮滴丸,中华人民共和国药典：2020年版．二部 P.1009 entryId=3598,本品含左炔诺孕酮（C21H28O2）与炔雌醇（C20H24O2）均应为标示量的90.0%～115.0%。【处方】【性状】本品为糖衣丸。
58,第7章 补益剂,肾气丸,,,,,,,,,,《方剂学》第十版（邓中甲主编，人民卫生出版社，2016，ISBN 9787117218900）,待教材PDF/原书核验,本机未找到授权教材PDF；不能伪造页码和原文剂量,官方药典有候选命中,济生肾气丸,中华人民共和国药典：2020年版．一部 P.1448 entryId=1724,本品含牡丹皮以丹皮酚（C9H10O3）计，水蜜丸每1g不得少于0.58mg；小蜜丸每1g不得少于0.42mg；大蜜丸每丸不得少于3.8mg。【功能与主治】温肾化气，利水消肿。
59,第7章 补益剂,右归丸,,,,,,,,,,《方剂学》第十版（邓中甲主编，人民卫生出版社，2016，ISBN 9787117218900）,待教材PDF/原书核验,本机未找到授权教材PDF；不能伪造页码和原文剂量,官方药典精确命中,右归丸,中华人民共和国药典：2020年版．一部 P.855 entryId=1070,小蜜丸一次9g，大蜜丸一次1丸，一日3次。【规格】（1）小蜜丸每10丸重1.8g　（2）大蜜丸每丸重9g【贮藏】密封。
60,第8章 固涩剂,牡蛎散,,,,,,,,,,《方剂学》第十版（邓中甲主编，人民卫生出版社，2016，ISBN 9787117218900）,待教材PDF/原书核验,本机未找到授权教材PDF；不能伪造页码和原文剂量,官方药典有候选命中,安中片,中华人民共和国药典：2020年版．一部 P.975 entryId=1212,【鉴别】（1）取本品，置显微镜下观察：石细胞单个散在或成群，无色至棕色，类方形或类长方形，直径30～64μm，壁一面菲薄（桂枝）。不规则块片无色或淡黄褐色，表面具细纹理（煅牡蛎）。
61,第8章 固涩剂,九仙散,,,,,,,,,,《方剂学》第十版（邓中甲主编，人民卫生出版社，2016，ISBN 9787117218900）,待教材PDF/原书核验,本机未找到授权教材PDF；不能伪造页码和原文剂量,官方药典有候选命中,九圣散,中华人民共和国药典：2020年版．一部 P.547 entryId=730,【处方】苍术150g黄柏200g紫苏叶200g苦杏仁400g薄荷200g乳香120g没药120g轻粉50g红粉50g【制法】以上九味，除轻粉、红粉外，其余苍术等七味粉碎成细粉；将轻粉、红粉分别水飞成极细粉
62,第8章 固涩剂,真人养脏汤,,,,,,,,,,《方剂学》第十版（邓中甲主编，人民卫生出版社，2016，ISBN 9787117218900）,待教材PDF/原书核验,本机未找到授权教材PDF；不能伪造页码和原文剂量,官方药典有候选命中,品名目次,中华人民共和国药典：2020年版．一部 P.30 entryId=2278,…1375养血生发胶囊…1377养血当归胶囊…1377养血饮口服液…1378养血荣筋丸…1379养血清脑丸…1380养血清脑颗粒…1381养阴生血合剂…1382养阴降糖片…1383养阴清肺丸…1384养阴清肺口服液
63,第8章 固涩剂,四神丸,,,,,,,,,,《方剂学》第十版（邓中甲主编，人民卫生出版社，2016，ISBN 9787117218900）,待教材PDF/原书核验,本机未找到授权教材PDF；不能伪造页码和原文剂量,官方药典精确命中,四神丸,中华人民共和国药典：2020年版．一部 P.878 entryId=1100,取上述粉末用生姜汁和水泛丸，干燥，即得。【性状】本品为浅褐色至褐色的水丸；气微香，味苦、咸而带酸、辛。
64,第8章 固涩剂,金锁固精丸,,,,,,,,,,《方剂学》第十版（邓中甲主编，人民卫生出版社，2016，ISBN 9787117218900）,待教材PDF/原书核验,本机未找到授权教材PDF；不能伪造页码和原文剂量,官方药典有候选命中,品名目次,中华人民共和国药典：2020年版．一部 P.30 entryId=2278,…871再造生血胶囊…872西瓜霜润喉片…874西汉养生口服液（滋肾健脑液）…874西青果茶…875西青果颗粒…876西黄丸…876百令胶囊…877百合固金口服液…878百合固金丸…879百合固金丸（浓缩丸
65,第8章 固涩剂,固冲汤,,,,,,,,,,《方剂学》第十版（邓中甲主编，人民卫生出版社，2016，ISBN 9787117218900）,待教材PDF/原书核验,本机未找到授权教材PDF；不能伪造页码和原文剂量,官方药典有候选命中,0128　冲洗剂,中华人民共和国药典：2020年版．四部 P.60 entryId=5399,冲洗剂也可以是注射用水，但在标签中应注明供冲洗用。通常冲洗剂应调节至等渗。三、冲洗剂在适宜条件下目测应澄清，可见异物应符合规定。四、冲洗剂的容器应符合注射剂容器的规定。
66,第9章 安神剂,朱砂安神丸,,,,,,,,,,《方剂学》第十版（邓中甲主编，人民卫生出版社，2016，ISBN 9787117218900）,待教材PDF/原书核验,本机未找到授权教材PDF；不能伪造页码和原文剂量,官方药典有候选命中,牛黄镇惊丸,中华人民共和国药典：2020年版．一部 P.746 entryId=955,【功能与主治】镇惊安神，祛风豁痰。用于小儿惊风，高热抽搐，牙关紧闭，烦躁不安。【用法与用量】口服。水蜜丸一次1g，小蜜丸一次1.5g，大蜜丸一次1丸，一日1～3次；三岁以内小儿酌减。
67,第9章 安神剂,天王补心丹,,,,,,,,,,《方剂学》第十版（邓中甲主编，人民卫生出版社，2016，ISBN 9787117218900）,待教材PDF/原书核验,本机未找到授权教材PDF；不能伪造页码和原文剂量,官方药典有候选命中,品名目次,中华人民共和国药典：2020年版．一部 P.30 entryId=2278,…608开光复明丸…608开胃健脾丸…610开胸顺气丸…611开胸顺气胶囊…612天王补心丸…613天王补心丸（浓缩丸）…614天丹通络片…615天丹通络胶囊…616天和追风膏…618天菊脑安胶囊…619
68,第9章 安神剂,酸枣仁汤,,,,,,,,,,《方剂学》第十版（邓中甲主编，人民卫生出版社，2016，ISBN 9787117218900）,待教材PDF/原书核验,本机未找到授权教材PDF；不能伪造页码和原文剂量,官方药典有候选命中,酸枣仁,中华人民共和国药典：2020年版．一部 P.431 entryId=583,另取酸枣仁皂苷A对照品、酸枣仁皂苷B对照品，加甲醇制成每1ml各含1mg的混合溶液，作为对照品溶液。
69,第10章 开窍剂,安宫牛黄丸,,,,,,,,,,《方剂学》第十版（邓中甲主编，人民卫生出版社，2016，ISBN 9787117218900）,待教材PDF/原书核验,本机未找到授权教材PDF；不能伪造页码和原文剂量,官方药典精确命中,安宫牛黄丸,中华人民共和国药典：2020年版．一部 P.979 entryId=1217,【处方】牛黄100g水牛角浓缩粉200g麝香或人工麝香25g珍珠50g朱砂100g雄黄100g黄连100g黄芩100g栀子100g郁金100g冰片25g【制法】以上十一味，珍珠水飞或粉碎成极细粉；朱砂、雄黄分别水飞成极细粉；黄连、黄芩、栀子、郁金粉碎成细粉；将牛黄、水牛角浓缩粉、麝香或人工麝香、冰片研细，与上述粉末配研，过筛，混匀，加适量炼蜜制成大蜜丸600丸或1200丸，或包金衣，即得。【性状】本品为黄橙色至红褐色的大蜜丸，或为包金衣的大蜜丸，除去金衣后显黄橙色至红褐色；气芳香浓郁，味微苦。【鉴别】（1）取本品，
70,第10章 开窍剂,紫雪,,,,,,,,,,《方剂学》第十版（邓中甲主编，人民卫生出版社，2016，ISBN 9787117218900）,待教材PDF/原书核验,本机未找到授权教材PDF；不能伪造页码和原文剂量,官方药典精确命中,紫雪散,中华人民共和国药典：2020年版．一部 P.1768 entryId=2076,【处方】石膏144g北寒水石144g滑石144g磁石144g玄参48g木香15g沉香15g升麻48g甘草24g丁香3g芒硝（制）480g硝石（精制）96g水牛角浓缩粉9g羚羊角4.5g人工麝香3.6g朱砂9g【制法】以上十六味，石膏、北寒水石、滑石、磁石砸成小块，加水煎煮三次，玄参、木香、沉香、升麻、甘草、丁香用石膏等煎液煎煮三次，合并煎液，滤过，滤液浓缩成膏；芒硝（制）、硝石（精制）粉碎，兑入膏中，混匀，干燥，粉碎成细粉；羚羊角锉研成细粉；朱砂水飞成极细粉；将水牛角浓缩粉、人工麝香研细，与上述粉末配研，过筛，混匀
71,第10章 开窍剂,至宝丹,,,,,,,,,,《方剂学》第十版（邓中甲主编，人民卫生出版社，2016，ISBN 9787117218900）,待教材PDF/原书核验,本机未找到授权教材PDF；不能伪造页码和原文剂量,官方药典有候选命中,品名目次,中华人民共和国药典：2020年版．一部 P.30 entryId=2278,…709丹灯通脑软胶囊…710丹灯通脑胶囊…711丹红化瘀口服液…712丹参片…713丹香清脂颗粒…714丹桂香颗粒…714丹益片…716丹鹿通督片…717丹蒌片…718丹膝颗粒…719风热清口服液…721
72,第10章 开窍剂,苏合香丸,,,,,,,,,,《方剂学》第十版（邓中甲主编，人民卫生出版社，2016，ISBN 9787117218900）,待教材PDF/原书核验,本机未找到授权教材PDF；不能伪造页码和原文剂量,官方药典精确命中,苏合香丸,中华人民共和国药典：2020年版．一部 P.1045 entryId=1286,再将苏合香炖化，加适量炼蜜与水制成水蜜丸960丸，低温干燥；或加适量炼蜜制成大蜜丸960丸，即得。【性状】本品为赭红色的水蜜丸或赭色的大蜜丸；气芳香，味微苦、辛。
73,第11章 理气剂,越鞠丸,,,,,,,,,,《方剂学》第十版（邓中甲主编，人民卫生出版社，2016，ISBN 9787117218900）,待教材PDF/原书核验,本机未找到授权教材PDF；不能伪造页码和原文剂量,官方药典精确命中,越鞠丸,中华人民共和国药典：2020年版．一部 P.1757 entryId=2062,【处方】醋香附200g川芎200g炒栀子200g苍术（炒）200g六神曲（炒）200g【制法】以上五味，粉碎成细粉，过筛，混匀，用水泛丸，干燥，即得。
74,第11章 理气剂,柴胡疏肝散,,,,,,,,,,《方剂学》第十版（邓中甲主编，人民卫生出版社，2016，ISBN 9787117218900）,待教材PDF/原书核验,本机未找到授权教材PDF；不能伪造页码和原文剂量,官方药典有候选命中,逍遥丸（浓缩丸）,中华人民共和国药典：2020年版．一部 P.1511 entryId=1797,另取柴胡对照药材1g，同法制成对照药材溶液。
75,第11章 理气剂,半夏厚朴汤,,,,,,,,,,《方剂学》第十版（邓中甲主编，人民卫生出版社，2016，ISBN 9787117218900）,待教材PDF/原书核验,本机未找到授权教材PDF；不能伪造页码和原文剂量,官方药典有候选命中,香砂养胃丸（浓缩丸）,中华人民共和国药典：2020年版．一部 P.1347 entryId=1613,【处方】木香210g砂仁210g白术300g陈皮300g茯苓300g半夏（制）300g醋香附210g枳实（炒）210g豆蔻（去壳）210g姜厚朴210g广藿香210g甘草90g生姜90g大枣150g【制法
76,第11章 理气剂,苏子降气汤,,,,,,,,,,《方剂学》第十版（邓中甲主编，人民卫生出版社，2016，ISBN 9787117218900）,待教材PDF/原书核验,本机未找到授权教材PDF；不能伪造页码和原文剂量,官方药典有候选命中,苏子降气丸,中华人民共和国药典：2020年版．一部 P.1045 entryId=1285,【功能与主治】降气化痰，温肾纳气。用于上盛下虚、气逆痰壅所致的咳嗽喘息、胸膈痞塞。【用法与用量】口服。一次6g，一日1～2次。【注意】阴虚，舌红无苔者忌服。【规格】每13粒重1g【贮藏】密封。
77,第11章 理气剂,定喘汤,,,,,,,,,,《方剂学》第十版（邓中甲主编，人民卫生出版社，2016，ISBN 9787117218900）,待教材PDF/原书核验,本机未找到授权教材PDF；不能伪造页码和原文剂量,官方药典有候选命中,金礞石,中华人民共和国药典：2020年版．一部 P.281 entryId=344,用于顽痰胶结，咳逆喘急，癫痫发狂，烦躁胸闷，惊风抽搐。【用法与用量】多入丸散服，3～6g；煎汤10～15g，布包先煎。【贮藏】置干燥处。
78,第11章 理气剂,旋覆代赭汤,,,,,,,,,,《方剂学》第十版（邓中甲主编，人民卫生出版社，2016，ISBN 9787117218900）,待教材PDF/原书核验,本机未找到授权教材PDF；不能伪造页码和原文剂量,官方药典有候选命中,品名目次,中华人民共和国药典：2020年版．一部 P.30 entryId=2278,银杏叶…329银柴胡…330甜瓜子…331猪牙皂…331猪苓…331猪胆粉…332猫爪草…333麻黄…333麻黄根…334鹿角…335鹿角胶…335鹿角霜…336鹿茸…336鹿衔草…337商陆…338旋覆花
79,第11章 理气剂,橘皮竹茹汤,,,,,,,,,,《方剂学》第十版（邓中甲主编，人民卫生出版社，2016，ISBN 9787117218900）,待教材PDF/原书核验,本机未找到授权教材PDF；不能伪造页码和原文剂量,官方药典有候选命中,竹茹,中华人民共和国药典：2020年版．一部 P.194 entryId=213,饮片【炮制】竹茹　除去杂质，切段或揉成小团。【性状】【检查】【浸出物】同药材。姜竹茹　取净竹茹，照姜汁炙法（通则0213）炒至黄色。【性状】本品形如竹茹，表面黄色。微有姜香气。
80,第12章 理血剂,桃核承气汤,,,,,,,,,,《方剂学》第十版（邓中甲主编，人民卫生出版社，2016，ISBN 9787117218900）,待教材PDF/原书核验,本机未找到授权教材PDF；不能伪造页码和原文剂量,官方药典有候选命中,品名目次,中华人民共和国药典：2020年版．一部 P.30 entryId=2278,273胆南星…273胖大海…273独一味…274独活…274急性子…275姜黄…276前胡…277首乌藤…277洪连…278洋金花…279穿山龙…279穿心莲…280络石藤…281十画　秦珠莱莲莪荷桂桔桃核夏柴党鸭铁积臭射徐狼凌高拳粉益浙娑海浮通预桑秦艽
81,第12章 理血剂,血府逐瘀汤,,,,,,,,,,《方剂学》第十版（邓中甲主编，人民卫生出版社，2016，ISBN 9787117218900）,待教材PDF/原书核验,本机未找到授权教材PDF；不能伪造页码和原文剂量,官方药典有候选命中,血府逐瘀丸,中华人民共和国药典：2020年版．一部 P.944 entryId=1178,用于气滞血瘀所致的胸痛、头痛日久、痛如针刺而有定处、内热烦闷、心悸失眠、急躁易怒。【用法与用量】空腹时用红糖水送服。一次1～2丸，一日2次。【注意】忌食辛冷食物；孕妇禁用。
82,第12章 理血剂,补阳还五汤,,,,,,,,,,《方剂学》第十版（邓中甲主编，人民卫生出版社，2016，ISBN 9787117218900）,待教材PDF/原书核验,本机未找到授权教材PDF；不能伪造页码和原文剂量,官方药典有候选命中,吴茱萸,中华人民共和国药典：2020年版．一部 P.227 entryId=266,【性状】本品呈球形或略呈五角状扁球形，直径2～5mm。表面暗黄绿色至褐色，粗糙，有多数点状突起或凹下的油点。顶端有五角星状的裂隙，基部残留被有黄色茸毛的果梗。
83,第12章 理血剂,复元活血汤,,,,,,,,,,《方剂学》第十版（邓中甲主编，人民卫生出版社，2016，ISBN 9787117218900）,待教材PDF/原书核验,本机未找到授权教材PDF；不能伪造页码和原文剂量,官方药典有候选命中,桃枝,中华人民共和国药典：2020年版．一部 P.340 entryId=438,【功能与主治】活血通络，解毒杀虫。用于心腹刺痛，风湿痹痛，跌打损伤，疮癣。【用法与用量】9～15g。外用适量，煎汤洗浴。【贮藏】置干燥处。
84,第12章 理血剂,温经汤,,,,,,,,,,《方剂学》第十版（邓中甲主编，人民卫生出版社，2016，ISBN 9787117218900）,待教材PDF/原书核验,本机未找到授权教材PDF；不能伪造页码和原文剂量,官方药典有候选命中,姜半夏,中华人民共和国药典：2020年版．一部 P.173 entryId=181,【性味与归经】辛，温。归脾、胃、肺经。【功能与主治】温中化痰，降逆止呕。用于痰饮呕吐，胃脘痞满。【用法与用量】3～9g。【注意】不宜与川乌、制川乌、草乌、制草乌、附子同用。【贮藏】置通风干燥处，防蛀。
85,第12章 理血剂,生化汤,,,,,,,,,,《方剂学》第十版（邓中甲主编，人民卫生出版社，2016，ISBN 9787117218900）,待教材PDF/原书核验,本机未找到授权教材PDF；不能伪造页码和原文剂量,官方药典有候选命中,四逆汤,中华人民共和国药典：2020年版．一部 P.878 entryId=1099,【处方】淡附片300g干姜200g炙甘草300g【制法】以上三味，淡附片、炙甘草加水煎煮二次，第一次2小时，第二次1.5小时，合并煎液，滤过；干姜用水蒸气蒸馏提取挥发油，挥发油和蒸馏后的水溶液备用；姜渣再加水煎煮1小时，煎液与上述水溶液合并，滤过，再与淡附片、炙甘草的煎液合并，浓缩至约400ml，放冷，加乙醇1200ml，搅匀，静置24小时，滤过，减压浓缩至适量，用适量水稀释，冷藏24小时，滤过，加单糖浆300ml、苯甲酸钠3g与上述挥发油，加水至1000ml，搅匀，灌封，灭菌，即得。【性状】本品为棕黄色的液体；气
86,第12章 理血剂,咳血方,,,,,,,,,,《方剂学》第十版（邓中甲主编，人民卫生出版社，2016，ISBN 9787117218900）,待教材PDF/原书核验,本机未找到授权教材PDF；不能伪造页码和原文剂量,官方药典有候选命中,云南白药,中华人民共和国药典：2020年版．一部 P.685 entryId=886,用于跌打损伤，瘀血肿痛，吐血、咳血、便血、痔血、崩漏下血，手术出血，疮疡肿毒及软组织挫伤，闭合性骨折，支气管扩张及肺结核咳血，溃疡病出血，以及皮肤感染性疾病。
87,第12章 理血剂,十灰散,,,,,,,,,,《方剂学》第十版（邓中甲主编，人民卫生出版社，2016，ISBN 9787117218900）,待教材PDF/原书核验,本机未找到授权教材PDF；不能伪造页码和原文剂量,官方药典有候选命中,疏风定痛丸,中华人民共和国药典：2020年版．一部 P.1831 entryId=2144,【性状】本品为棕黑色或灰黑色的水蜜丸，或为灰黑色的小蜜丸或大蜜丸；气辛香，味苦、酸。【鉴别】（1）取本品，置显微镜下观察：气孔特异，保卫细胞侧面观呈哑铃状（麻黄）。
88,第13章 治风剂,川芎茶调散,,,,,,,,,,《方剂学》第十版（邓中甲主编，人民卫生出版社，2016，ISBN 9787117218900）,待教材PDF/原书核验,本机未找到授权教材PDF；不能伪造页码和原文剂量,官方药典精确命中,川芎茶调散,中华人民共和国药典：2020年版．一部 P.594 entryId=788,另取川芎对照药材0.3g，同法制成对照药材溶液。
89,第13章 治风剂,消风散,,,,,,,,,,《方剂学》第十版（邓中甲主编，人民卫生出版社，2016，ISBN 9787117218900）,待教材PDF/原书核验,本机未找到授权教材PDF；不能伪造页码和原文剂量,官方药典有候选命中,品名目次,中华人民共和国药典：2020年版．一部 P.30 entryId=2278,…721风痛安胶囊…721风湿马钱片…722风湿定片…723风湿骨痛片…724风湿骨痛胶囊…725风寒双离拐片…726风寒咳嗽丸…727风寒咳嗽颗粒…728乌贝散…729乌贝颗粒…729乌军治胆片…730
90,第13章 治风剂,大秦艽汤,,,,,,,,,,《方剂学》第十版（邓中甲主编，人民卫生出版社，2016，ISBN 9787117218900）,待教材PDF/原书核验,本机未找到授权教材PDF；不能伪造页码和原文剂量,官方药典有候选命中,独活寄生丸,中华人民共和国药典：2020年版．一部 P.1419 entryId=1692,本品含独活以蛇床子素（C15H16O3）计，水蜜丸每1g不得少于0.20mg；大蜜丸每丸不得少于1.2mg。秦艽　照高效液相色谱法（通则0512）测定。
91,第13章 治风剂,镇肝熄风汤,,,,,,,,,,《方剂学》第十版（邓中甲主编，人民卫生出版社，2016，ISBN 9787117218900）,待教材PDF/原书核验,本机未找到授权教材PDF；不能伪造页码和原文剂量,官方药典有候选命中,本版药典（一部）新增品种名单,中华人民共和国药典：2020年版．一部 P.18 entryId=2275,（浓缩丸）舒肝解郁胶囊舒泌通胶囊痛风定片湿毒清片滋肾健脑颗粒强力天麻杜仲丸强力枇杷胶囊强力枇杷露强力定眩胶囊疏风解毒胶囊蒲元和胃胶囊蒲地蓝消炎胶囊增液颗粒镇咳宁口服液镇咳宁颗粒癃清胶囊藤丹胶囊
92,第13章 治风剂,天麻钩藤饮,,,,,,,,,,《方剂学》第十版（邓中甲主编，人民卫生出版社，2016，ISBN 9787117218900）,待教材PDF/原书核验,本机未找到授权教材PDF；不能伪造页码和原文剂量,官方药典有候选命中,天智颗粒,中华人民共和国药典：2020年版．一部 P.676 entryId=875,【处方】天麻533g钩藤533g石决明533g杜仲533g桑寄生533g茯神267g首乌藤533g槐花267g栀子267g黄芩267g川牛膝400g益母草533g【制法】以上十二味，钩藤、桑寄生、益母草
93,第13章 治风剂,牵正散,,,,,,,,,,《方剂学》第十版（邓中甲主编，人民卫生出版社，2016，ISBN 9787117218900）,待教材PDF/原书核验,本机未找到授权教材PDF；不能伪造页码和原文剂量,官方药典有候选命中,复方牵正膏,中华人民共和国药典：2020年版．一部 P.1381 entryId=1650,【处方】白附子50g地龙50g全蝎50g僵蚕50g川芎40g白芷40g当归40g赤芍40g防风40g生姜40g樟脑10g冰片10g薄荷脑5g麝香草酚5g【制法】以上十四味，除樟脑、冰片、薄荷脑和麝香草酚外，其余白附子等十味粉碎成粗粉，用85%乙醇作溶剂，浸渍，渗漉，收集漉液2200ml，漉液回收乙醇并浓缩至相对密度为1.05～1.10（55℃），与樟脑、冰片、薄荷脑和麝香草酚混匀，加入约4倍量重的由橡胶、松香、氧化锌、凡士林和羊毛脂制成的基质，制成涂料，进行涂膏，切段，盖衬，切成小块，即得。【性状】本品为浅棕色的片
94,第14章 治燥剂,杏苏散,,,,,,,,,,《方剂学》第十版（邓中甲主编，人民卫生出版社，2016，ISBN 9787117218900）,待教材PDF/原书核验,本机未找到授权教材PDF；不能伪造页码和原文剂量,官方药典有候选命中,本版药典（一部）新增品种名单,中华人民共和国药典：2020年版．一部 P.18 entryId=2275,血栓通胶囊血滞通胶囊血塞通片血塞通胶囊血塞通颗粒壮腰健身丸安胎丸安脑片妇宁栓妇科止带胶囊妇科养荣丸妇康宝口服液（妇康宝合剂）芩暴红止咳分散片芪风固表颗粒芪明颗粒芪参益气滴丸芪珍胶囊芪黄通秘软胶囊芪蛭降糖片苏黄止咳胶囊杏苏止咳口服液杞菊地黄口服液连参通淋片补肾益精丸补虚通瘀颗粒坤宁口服液坤泰胶囊苦甘颗粒苦参软膏固肠止泻胶囊和血明目片和胃止泻胶囊金嗓开音颗粒金嗓清音胶囊金蝉止痒胶囊乳块消颗粒乳康颗粒参芪五味子颗粒参芪降糖片参芪降糖胶囊厚朴排气合剂胃疡宁丸复方双花口服液复方鱼腥草合剂复方益母草胶囊脉络舒通丸脉络舒通颗粒养
95,第14章 治燥剂,清燥救肺汤,,,,,,,,,,《方剂学》第十版（邓中甲主编，人民卫生出版社，2016，ISBN 9787117218900）,待教材PDF/原书核验,本机未找到授权教材PDF；不能伪造页码和原文剂量,官方药典有候选命中,玄明粉,中华人民共和国药典：2020年版．一部 P.170 entryId=175,【功能与主治】泻下通便，润燥软坚，清火消肿。用于实热积滞，大便燥结，腹满胀痛；外治咽喉肿痛，口舌生疮，牙龈肿痛，目赤，痈肿，丹毒。【用法与用量】3～9g，溶入煎好的汤液中服用。外用适量。
96,第14章 治燥剂,桑杏汤,,,,,,,,,,《方剂学》第十版（邓中甲主编，人民卫生出版社，2016，ISBN 9787117218900）,待教材PDF/原书核验,本机未找到授权教材PDF；不能伪造页码和原文剂量,官方药典有候选命中,品名目次,中华人民共和国药典：2020年版．一部 P.30 entryId=2278,…1583桑菊感冒丸…1584桑菊感冒片…1585桑菊感冒合剂…1585桑葛降脂丸…1586十一画　理培黄萆梅排控虚野蛇银甜得麻痔康羚断清添寄颈维理中丸…1587培元通脑胶囊…1588培坤丸…1589黄氏响声丸
97,第14章 治燥剂,麦门冬汤,,,,,,,,,,《方剂学》第十版（邓中甲主编，人民卫生出版社，2016，ISBN 9787117218900）,待教材PDF/原书核验,本机未找到授权教材PDF；不能伪造页码和原文剂量,官方药典有候选命中,四逆汤,中华人民共和国药典：2020年版．一部 P.878 entryId=1099,【处方】淡附片300g干姜200g炙甘草300g【制法】以上三味，淡附片、炙甘草加水煎煮二次，第一次2小时，第二次1.5小时，合并煎液，滤过；干姜用水蒸气蒸馏提取挥发油，挥发油和蒸馏后的水溶液备用；姜渣再加水煎煮1小时，煎液与上述水溶液合并，滤过，再与淡附片、炙甘草的煎液合并，浓缩至约400ml，放冷，加乙醇1200ml，搅匀，静置24小时，滤过，减压浓缩至适量，用适量水稀释，冷藏24小时，滤过，加单糖浆300ml、苯甲酸钠3g与上述挥发油，加水至1000ml，搅匀，灌封，灭菌，即得。【性状】本品为棕黄色的液体；气
98,第14章 治燥剂,增液汤,,,,,,,,,,《方剂学》第十版（邓中甲主编，人民卫生出版社，2016，ISBN 9787117218900）,待教材PDF/原书核验,本机未找到授权教材PDF；不能伪造页码和原文剂量,官方药典有候选命中,增液颗粒,中华人民共和国药典：2020年版．一部 P.1902 entryId=2220,【鉴别】（1）取本品5g，研细，加热水20ml，搅拌使溶解，加盐酸1ml，加热并保持微沸5分钟，放冷，用三氯甲烷15ml振摇提取，分取三氯甲烷液，浓缩至1ml，作为供试品溶液。
99,第14章 治燥剂,百合固金汤,,,,,,,,,,《方剂学》第十版（邓中甲主编，人民卫生出版社，2016，ISBN 9787117218900）,待教材PDF/原书核验,本机未找到授权教材PDF；不能伪造页码和原文剂量,官方药典有候选命中,百合固金颗粒,中华人民共和国药典：2020年版．一部 P.931 entryId=1160,【处方】百合25.4g地黄50.8g熟地黄76.3g麦冬38.1g玄参20.3g川贝母25.4g当归25.4g白芍25.4g桔梗20.3g甘草25.4g【制法】以上十味，当归、川贝母、桔梗及甘草12.7g
100,第15章 祛湿剂,平胃散,,,,,,,,,,《方剂学》第十版（邓中甲主编，人民卫生出版社，2016，ISBN 9787117218900）,待教材PDF/原书核验,本机未找到授权教材PDF；不能伪造页码和原文剂量,官方药典有候选命中,品名目次,中华人民共和国药典：2020年版．一部 P.30 entryId=2278,…1286香苏调胃片…1287香连丸…1288香连丸（浓缩丸）…1288香连片…1289香连化滞丸…1289香附丸…1291香附丸（水丸）…1291香砂六君丸…1292香砂平胃丸…1293香砂和中丸…1294
101,第15章 祛湿剂,藿香正气散,,,,,,,,,,《方剂学》第十版（邓中甲主编，人民卫生出版社，2016，ISBN 9787117218900）,待教材PDF/原书核验,本机未找到授权教材PDF；不能伪造页码和原文剂量,官方药典未命中,,,
102,第15章 祛湿剂,茵陈蒿汤,,,,,,,,,,《方剂学》第十版（邓中甲主编，人民卫生出版社，2016，ISBN 9787117218900）,待教材PDF/原书核验,本机未找到授权教材PDF；不能伪造页码和原文剂量,官方药典有候选命中,茵陈,中华人民共和国药典：2020年版．一部 P.299 entryId=373,外用适量，煎汤熏洗。【贮藏】置阴凉干燥处，防潮。
103,第15章 祛湿剂,八正散,,,,,,,,,,《方剂学》第十版（邓中甲主编，人民卫生出版社，2016，ISBN 9787117218900）,待教材PDF/原书核验,本机未找到授权教材PDF；不能伪造页码和原文剂量,官方药典有候选命中,八正合剂,中华人民共和国药典：2020年版．一部 P.529 entryId=708,【处方】瞿麦118g车前子（炒）118g萹蓄118g大黄118g滑石118g川木通118g栀子118g甘草118g灯心草59g【制法】以上九味，车前子用25%乙醇浸渍，收集浸渍液。大黄用50%乙醇作溶剂，浸渍24小时后进行渗漉，收集渗漉液，减压回收乙醇。其余瞿麦等七味加水煎煮三次，煎液滤过，滤液合并，滤液浓缩至约1300ml，与浸渍液、渗漉液合并，静置，滤过，滤液浓缩至近1000ml，加入苯甲酸钠3g，加水至1000ml，搅匀，分装，即得。【性状】本品为棕褐色的液体；味苦、微甜。【鉴别】（1）取本品10ml，加盐酸
104,第15章 祛湿剂,三仁汤,,,,,,,,,,《方剂学》第十版（邓中甲主编，人民卫生出版社，2016，ISBN 9787117218900）,待教材PDF/原书核验,本机未找到授权教材PDF；不能伪造页码和原文剂量,官方药典有候选命中,四逆汤,中华人民共和国药典：2020年版．一部 P.878 entryId=1099,【处方】淡附片300g干姜200g炙甘草300g【制法】以上三味，淡附片、炙甘草加水煎煮二次，第一次2小时，第二次1.5小时，合并煎液，滤过；干姜用水蒸气蒸馏提取挥发油，挥发油和蒸馏后的水溶液备用；姜渣再加水煎煮1小时，煎液与上述水溶液合并，滤过，再与淡附片、炙甘草的煎液合并，浓缩至约400ml，放冷，加乙醇1200ml，搅匀，静置24小时，滤过，减压浓缩至适量，用适量水稀释，冷藏24小时，滤过，加单糖浆300ml、苯甲酸钠3g与上述挥发油，加水至1000ml，搅匀，灌封，灭菌，即得。【性状】本品为棕黄色的液体；气
105,第15章 祛湿剂,五苓散,,,,,,,,,,《方剂学》第十版（邓中甲主编，人民卫生出版社，2016，ISBN 9787117218900）,待教材PDF/原书核验,本机未找到授权教材PDF；不能伪造页码和原文剂量,官方药典精确命中,五苓散,中华人民共和国药典：2020年版．一部 P.694 entryId=898,纤维单个散在，长梭形，直径24～50μm，壁厚，木化；石细胞类方形或类圆形，壁一面菲薄（肉桂）。
106,第15章 祛湿剂,苓桂术甘汤,,,,,,,,,,《方剂学》第十版（邓中甲主编，人民卫生出版社，2016，ISBN 9787117218900）,待教材PDF/原书核验,本机未找到授权教材PDF；不能伪造页码和原文剂量,官方药典有候选命中,品名目次,中华人民共和国药典：2020年版．一部 P.30 entryId=2278,…1222参苓白术散…1223参松养心胶囊…1224参茸白凤丸…1225参茸固本片…1226参茸保胎丸…1227参桂胶囊…1227参精止渴丸…1228驻车丸…1229九画　春珍草茵茴荜荡胡药枳柏栀厚按胃咳骨香复便保恒追胆脉独急姜养前首洁活济洋津宣宫穿冠祛祖神除春血安胶囊
107,第15章 祛湿剂,真武汤,,,,,,,,,,《方剂学》第十版（邓中甲主编，人民卫生出版社，2016，ISBN 9787117218900）,待教材PDF/原书核验,本机未找到授权教材PDF；不能伪造页码和原文剂量,官方药典有候选命中,0992　固体密度测定法,中华人民共和国药典：2020年版．四部 P.185 entryId=5496,真密度：物质的真密度是单位体积上的平均质量，不计由于分子堆积排列造成的空隙体积。这是物质的内在性质，与测定方法无关。晶体的密度可由其大小和晶胞组成测得。
108,第15章 祛湿剂,独活寄生汤,,,,,,,,,,《方剂学》第十版（邓中甲主编，人民卫生出版社，2016，ISBN 9787117218900）,待教材PDF/原书核验,本机未找到授权教材PDF；不能伪造页码和原文剂量,官方药典有候选命中,独活寄生合剂,中华人民共和国药典：2020年版．一部 P.1420 entryId=1693,【处方】独活98g桑寄生65g秦艽65g防风65g细辛65g当归65g白芍65g川芎65g熟地黄65g盐杜仲65g川牛膝65g党参65g茯苓65g甘草65g桂枝65g【制法】以上十五味，秦艽、白芍和盐杜仲
109,第15章 祛湿剂,当归拈痛汤,,,,,,,,,,《方剂学》第十版（邓中甲主编，人民卫生出版社，2016，ISBN 9787117218900）,待教材PDF/原书核验,本机未找到授权教材PDF；不能伪造页码和原文剂量,官方药典有候选命中,当归拈痛丸,中华人民共和国药典：2020年版．一部 P.935 entryId=1166,用于湿热闭阻所致的痹病，症见关节红肿热痛或足胫红肿热痛；亦可用于疮疡。【用法与用量】口服。一次9g，一日2次。【注意】孕妇及风寒湿闭阻痹病者慎用；忌食辛辣油腻食物。【规格】每18丸重1g【贮藏】密封。
110,第16章 祛痰剂,二陈汤,,,,,,,,,,《方剂学》第十版（邓中甲主编，人民卫生出版社，2016，ISBN 9787117218900）,待教材PDF/原书核验,本机未找到授权教材PDF；不能伪造页码和原文剂量,官方药典未命中,,,
111,第16章 祛痰剂,温胆汤,,,,,,,,,,《方剂学》第十版（邓中甲主编，人民卫生出版社，2016，ISBN 9787117218900）,待教材PDF/原书核验,本机未找到授权教材PDF；不能伪造页码和原文剂量,官方药典有候选命中,茵陈,中华人民共和国药典：2020年版．一部 P.299 entryId=373,归脾、胃、肝、胆经。【功能与主治】清利湿热，利胆退黄。用于黄疸尿少，湿温暑湿，湿疮瘙痒。【用法与用量】6～15g。外用适量，煎汤熏洗。【贮藏】置阴凉干燥处，防潮。
112,第16章 祛痰剂,清气化痰丸,,,,,,,,,,《方剂学》第十版（邓中甲主编，人民卫生出版社，2016，ISBN 9787117218900）,待教材PDF/原书核验,本机未找到授权教材PDF；不能伪造页码和原文剂量,官方药典精确命中,清气化痰丸,中华人民共和国药典：2020年版．一部 P.1711 entryId=2011,另取生姜100g，捣碎，加水适量，压榨取汁，与上述粉末泛丸，干燥，即得。【性状】本品为灰黄色的水丸；气微，味苦。【鉴别】（1）取本品，置显微镜下观察：糊化淀粉团块无色（胆南星）。
113,第16章 祛痰剂,贝母瓜蒌散,,,,,,,,,,《方剂学》第十版（邓中甲主编，人民卫生出版社，2016，ISBN 9787117218900）,待教材PDF/原书核验,本机未找到授权教材PDF；不能伪造页码和原文剂量,官方药典有候选命中,川乌,中华人民共和国药典：2020年版．一部 P.89 entryId=54,【注意】生品内服宜慎；孕妇禁用；不宜与半夏、瓜蒌、瓜蒌子、瓜蒌皮、天花粉、川贝母、浙贝母、平贝母、伊贝母、湖北贝母、白蔹、白及同用。【贮藏】置通风干燥处，防蛀。
114,第16章 祛痰剂,苓甘五味姜辛汤,,,,,,,,,,《方剂学》第十版（邓中甲主编，人民卫生出版社，2016，ISBN 9787117218900）,待教材PDF/原书核验,本机未找到授权教材PDF；不能伪造页码和原文剂量,官方药典有候选命中,品名目次,中华人民共和国药典：2020年版．一部 P.30 entryId=2278,…645五苓散…645五虎散…646五味子颗粒…647五味子糖浆…647五味沙棘散…648五味清浊散…648五味麝香丸…649五黄养阴颗粒…649五福化毒丸…650五福化毒片…651比拜克胶囊…652牙痛一粒丸
115,第16章 祛痰剂,半夏白术天麻汤,,,,,,,,,,《方剂学》第十版（邓中甲主编，人民卫生出版社，2016，ISBN 9787117218900）,待教材PDF/原书核验,本机未找到授权教材PDF；不能伪造页码和原文剂量,官方药典有候选命中,消眩止晕片,中华人民共和国药典：2020年版．一部 P.1590 entryId=1885,【处方】火炭母400g鸡矢藤100g姜半夏50g白术50g天麻50g丹参100g当归25g白芍40g茯苓50g木瓜40g枳实25g砂仁5g石菖蒲50g白芷15g【制法】以上十四味，天麻、茯苓、砂仁、白芷粉碎成细粉
116,第17章 消食剂+驱虫剂,保和丸,,,,,,,,,,《方剂学》第十版（邓中甲主编，人民卫生出版社，2016，ISBN 9787117218900）,待教材PDF/原书核验,本机未找到授权教材PDF；不能伪造页码和原文剂量,官方药典精确命中,保和丸,中华人民共和国药典：2020年版．一部 P.1399 entryId=1672,本品含陈皮以橙皮苷（C28H34O15）计，小蜜丸每1g不得少于0.78mg，大蜜丸每丸不得少于7.0mg。【功能与主治】消食，导滞，和胃。用于食积停滞，脘腹胀满，嗳腐吞酸，不欲饮食。
117,第17章 消食剂+驱虫剂,枳实导滞丸,,,,,,,,,,《方剂学》第十版（邓中甲主编，人民卫生出版社，2016，ISBN 9787117218900）,待教材PDF/原书核验,本机未找到授权教材PDF；不能伪造页码和原文剂量,官方药典精确命中,枳实导滞丸,中华人民共和国药典：2020年版．一部 P.1301 entryId=1561,本品每1g含枳实以橙皮苷（C28H34O15）计，不得少于20.0mg。【功能与主治】消积导滞，清利湿热。用于饮食积滞、湿热内阻所致的脘腹胀痛、不思饮食、大便秘结、痢疾里急后重。【用法与用量】口服。
118,第17章 消食剂+驱虫剂,健脾丸,,,,,,,,,,《方剂学》第十版（邓中甲主编，人民卫生出版社，2016，ISBN 9787117218900）,待教材PDF/原书核验,本机未找到授权教材PDF；不能伪造页码和原文剂量,官方药典精确命中,健脾丸,中华人民共和国药典：2020年版．一部 P.1530 entryId=1819,小蜜丸一次9g，大蜜丸一次1丸，一日2次；小儿酌减。【规格】大蜜丸每丸重9g【贮藏】密封。
119,第17章 消食剂+驱虫剂,乌梅丸,,,,,,,,,,《方剂学》第十版（邓中甲主编，人民卫生出版社，2016，ISBN 9787117218900）,待教材PDF/原书核验,本机未找到授权教材PDF；不能伪造页码和原文剂量,官方药典精确命中,乌梅丸,中华人民共和国药典：2020年版．一部 P.785 entryId=997,另取乌梅对照药材2g，同法制成对照药材溶液。再取熊果酸对照品，加无水乙醇制成每1ml含0.2mg的溶液，作为对照品溶液。
