序号,优先级,类别,药品通用名,QA状态,QA问题,来源,NEML编号
1,P0,抗感染,青霉素G,需NMPA/原厂二核,非NMPA官网源；剂量需与国家基本药物临床应用指南/CDE/NMPA/原厂说明书二核；不可直接入训。,《国家基本药物目录（2018年版）》第一部分 化学药品和生物制品，国家卫生健康委员会，PDF页码 P.17；39药品通说明书（非官方）；注射用青霉素钠(哈药)；https://ypk.39.net/589861/manual/；批准文号:国药准字H23021439；企业名称：哈药集团制药总厂 企业简称：哈药制药,1
2,P0,抗感染,阿莫西林,需NMPA/原厂二核,非NMPA官网源；剂量需与国家基本药物临床应用指南/CDE/NMPA/原厂说明书二核；不可直接入训。,《国家基本药物目录（2018年版）》第一部分 化学药品和生物制品，国家卫生健康委员会，PDF页码 P.17；39药品通说明书（非官方）；阿莫西林胶囊(联邦/阿莫仙)；https://ypk.39.net/507857/manual/；批准文号:国药准字H44021351；企业名称：珠海联邦制药股份有限公司中山分公司 企业简称：联邦制药,4
3,P0,抗感染,阿莫西林克拉维酸钾,需NMPA/原厂二核,非NMPA官网源；剂量需与国家基本药物临床应用指南/CDE/NMPA/原厂说明书二核；不可直接入训。,《国家基本药物目录（2018年版）》第一部分 化学药品和生物制品，国家卫生健康委员会，PDF页码 P.17；39药品通说明书（非官方）；阿莫西林克拉维酸钾分散片(特迪)；https://ypk.39.net/721521/manual/；批准文号:国药准字H20052646；企业名称：上海新亚药业闵行有限公司,6
4,P0,抗感染,头孢呋辛,需NMPA/原厂二核,非NMPA官网源；剂量需与国家基本药物临床应用指南/CDE/NMPA/原厂说明书二核；不可直接入训。,《国家基本药物目录（2018年版）》第一部分 化学药品和生物制品，国家卫生健康委员会，PDF页码 P.18；39药品通说明书（非官方）；头孢呋辛酯片(伏乐新)；https://ypk.39.net/501499/manual/；批准文号:国药准字H19990341；企业名称：苏州中化药品工业有限公司,12
5,P0,抗感染,头孢曲松,需NMPA/原厂二核,非NMPA官网源；剂量需与国家基本药物临床应用指南/CDE/NMPA/原厂说明书二核；不可直接入训。,《国家基本药物目录（2018年版）》第一部分 化学药品和生物制品，国家卫生健康委员会，PDF页码 P.19；39药品通说明书（非官方）；注射用头孢曲松钠(海曲松)；https://ypk.39.net/498018/manual/；批准文号:国药准字H46020482；企业名称：海南海灵化学制药有限公司 企业简称：海南海灵化学制药,13
6,P0,抗感染,头孢哌酮舒巴坦,需NMPA/原厂二核,非NMPA官网源；剂量需与国家基本药物临床应用指南/CDE/NMPA/原厂说明书二核；不可直接入训。,P0清单；未在《国家基本药物目录（2018年版）》解析结果中定位，需说明书核对；39药品通说明书（非官方）；注射用头孢哌酮钠舒巴坦钠(铃兰欣)；https://ypk.39.net/497997/manual/；批准文号:国药准字H20003400；企业名称：哈药集团制药总厂 企业简称：哈药,
7,P0,抗感染,阿奇霉素,需NMPA/原厂二核,非NMPA官网源；剂量需与国家基本药物临床应用指南/CDE/NMPA/原厂说明书二核；不可直接入训。,《国家基本药物目录（2018年版）》第一部分 化学药品和生物制品，国家卫生健康委员会，PDF页码 P.20；39药品通说明书（非官方）；阿奇霉素干混悬剂(希舒美)；https://ypk.39.net/506968/manual/；批准文号:国药准字H10960112；企业名称：晖致制药(大连)有限公司 企业简称：辉瑞制药,20
8,P0,抗感染,克拉霉素,需NMPA/原厂二核,非NMPA官网源；剂量需与国家基本药物临床应用指南/CDE/NMPA/原厂说明书二核；不可直接入训。,《国家基本药物目录（2018年版）》第一部分 化学药品和生物制品，国家卫生健康委员会，PDF页码 P.20；39药品通说明书（非官方）；克拉霉素缓释片(诺邦)；https://ypk.39.net/590891/manual/；批准文号:国药准字H20031041；企业名称：江苏恒瑞医药股份有限公司 企业简称：江苏德源药业,21
9,P0,抗感染,左氧氟沙星,需NMPA/原厂二核,非NMPA官网源；剂量需与国家基本药物临床应用指南/CDE/NMPA/原厂说明书二核；不可直接入训。,《国家基本药物目录（2018年版）》第一部分 化学药品和生物制品，国家卫生健康委员会，PDF页码 P.21；39药品通说明书（非官方）；左氧氟沙星；https://ypk.39.net/1000010078/manual/；批准文号:国药准字H20103650；企业名称：上虞京新药业有限公司,28
10,P0,抗感染,莫西沙星,需NMPA/原厂二核,非NMPA官网源；剂量需与国家基本药物临床应用指南/CDE/NMPA/原厂说明书二核；不可直接入训。,《国家基本药物目录（2018年版）》第一部分 化学药品和生物制品，国家卫生健康委员会，PDF页码 P.21；39药品通说明书（非官方）；盐酸莫西沙星片(拜复乐)；https://ypk.39.net/2001332/manual/；批准文号:H20100525；企业名称：北京拜耳医药保健有限公司,29
11,P0,抗感染,甲硝唑,需NMPA/原厂二核,非NMPA官网源；剂量需与国家基本药物临床应用指南/CDE/NMPA/原厂说明书二核；不可直接入训。,《国家基本药物目录（2018年版）》第一部分 化学药品和生物制品，国家卫生健康委员会，PDF页码 P.21；39药品通说明书（非官方）；甲硝唑凝胶(硬核医生)；https://ypk.39.net/508119/manual/；批准文号:国药准字H20057598；企业名称：山东方明药业集团股份有限公司,30
12,P0,抗感染,万古霉素,需NMPA/原厂二核,非NMPA官网源；剂量需与国家基本药物临床应用指南/CDE/NMPA/原厂说明书二核；不可直接入训。,P0清单；未在《国家基本药物目录（2018年版）》解析结果中定位，需说明书核对；39药品通说明书（非官方）；注射用盐酸去甲万古霉素(万迅)；https://ypk.39.net/496736/manual/；批准文号:国药准字H13020286；企业名称：华北制药股份有限公司 企业简称：华北制药,
13,P0,心血管/降压,氨氯地平,需NMPA/原厂二核,非NMPA官网源；剂量需与国家基本药物临床应用指南/CDE/NMPA/原厂说明书二核；不可直接入训。,《国家基本药物目录（2018年版）》第一部分 化学药品和生物制品，国家卫生健康委员会，PDF页码 P.38；39药品通说明书（非官方）；苯磺酸氨氯地平片(络活喜)；https://ypk.39.net/499272/manual/；批准文号:国药准字H10950224；企业名称：晖致制药（大连）有限公司,164
14,P0,心血管/降压,硝苯地平控释片,需NMPA/原厂二核,非NMPA官网源；剂量需与国家基本药物临床应用指南/CDE/NMPA/原厂说明书二核；不可直接入训。,《国家基本药物目录（2018年版）》第一部分 化学药品和生物制品，国家卫生健康委员会，PDF页码 P.36；39药品通说明书（非官方）；硝苯地平控释片(拜新同)；https://ypk.39.net/933832/manual/；批准文号:国药准字J20080091；企业名称：Bayer Schering Pharma AG 企业简称：Bayer Schering Pharma AG,144
15,P0,心血管/降压,依那普利,需NMPA/原厂二核,非NMPA官网源；剂量需与国家基本药物临床应用指南/CDE/NMPA/原厂说明书二核；不可直接入训。,《国家基本药物目录（2018年版）》第一部分 化学药品和生物制品，国家卫生健康委员会，PDF页码 P.37；39药品通说明书（非官方）；马来酸依那普利片(依苏)；https://ypk.39.net/497028/manual/；批准文号:国药准字H32026567；企业名称：扬子江药业集团江苏制药股份有限公司 企业简称：扬子江药业,161
16,P0,心血管/降压,缬沙坦,需NMPA/原厂二核,非NMPA官网源；剂量需与国家基本药物临床应用指南/CDE/NMPA/原厂说明书二核；不可直接入训。,《国家基本药物目录（2018年版）》第一部分 化学药品和生物制品，国家卫生健康委员会，PDF页码 P.38；39药品通说明书（非官方）；缬沙坦胶囊(代文)；https://ypk.39.net/579430/manual/；批准文号:国药准字H20040217；企业名称：北京诺华制药有限公司 企业简称：诺华制药,164
17,P0,心血管/降压,厄贝沙坦,字段不完整,缺字段:适应症、规格、成人剂量、用法、禁忌、不良反应、注意事项；非NMPA官网源，需二核；不可直接入训。,P0清单；未在《国家基本药物目录（2018年版）》解析结果中定位，需说明书核对；39药品通说明书（非官方）；厄贝沙坦胶囊(润都/伊泰青)；https://ypk.39.net/585751/manual/,
18,P0,心血管/降压,美托洛尔缓释片,未匹配说明书,P0高风险条目，剂量需使用国家基本药物临床应用指南/CDE/NMPA/原厂说明书二核。；39药品通未匹配到候选，需CDE/NMPA/原厂说明书检索。,《国家基本药物目录（2018年版）》第一部分 化学药品和生物制品，国家卫生健康委员会，PDF页码 P.36,149
19,P0,心血管/降压,比索洛尔,未匹配说明书,P0高风险条目，剂量需使用国家基本药物临床应用指南/CDE/NMPA/原厂说明书二核。；39药品通未匹配到候选，需CDE/NMPA/原厂说明书检索。,《国家基本药物目录（2018年版）》第一部分 化学药品和生物制品，国家卫生健康委员会，PDF页码 P.38,172
20,P0,心血管/降压,拉贝洛尔,未匹配说明书,P0高风险条目，剂量需使用国家基本药物临床应用指南/CDE/NMPA/原厂说明书二核。；39药品通未匹配到候选，需CDE/NMPA/原厂说明书检索。,《国家基本药物目录（2018年版）》第一部分 化学药品和生物制品，国家卫生健康委员会，PDF页码 P.38,172
21,P0,心血管/降压,氢氯噻嗪,未匹配说明书,P0高风险条目，剂量需使用国家基本药物临床应用指南/CDE/NMPA/原厂说明书二核。；39药品通未匹配到候选，需CDE/NMPA/原厂说明书检索。,P0清单；未在《国家基本药物目录（2018年版）》解析结果中定位，需说明书核对,
22,P0,心血管/降压,呋塞米,未匹配说明书,P0高风险条目，剂量需使用国家基本药物临床应用指南/CDE/NMPA/原厂说明书二核。；39药品通未匹配到候选，需CDE/NMPA/原厂说明书检索。,P0清单；未在《国家基本药物目录（2018年版）》解析结果中定位，需说明书核对,
23,P0,内分泌,二甲双胍,未匹配说明书,P0高风险条目，剂量需使用国家基本药物临床应用指南/CDE/NMPA/原厂说明书二核。；39药品通未匹配到候选，需CDE/NMPA/原厂说明书检索。,《国家基本药物目录（2018年版）》第一部分 化学药品和生物制品，国家卫生健康委员会，PDF页码 P.51,278
24,P0,内分泌,格列美脲,未匹配说明书,P0高风险条目，剂量需使用国家基本药物临床应用指南/CDE/NMPA/原厂说明书二核。；39药品通未匹配到候选，需CDE/NMPA/原厂说明书检索。,《国家基本药物目录（2018年版）》第一部分 化学药品和生物制品，国家卫生健康委员会，PDF页码 P.51,279
25,P0,内分泌,阿卡波糖,未匹配说明书,P0高风险条目，剂量需使用国家基本药物临床应用指南/CDE/NMPA/原厂说明书二核。；39药品通未匹配到候选，需CDE/NMPA/原厂说明书检索。,《国家基本药物目录（2018年版）》第一部分 化学药品和生物制品，国家卫生健康委员会，PDF页码 P.52,284
26,P0,内分泌,达格列净,未匹配说明书,P0高风险条目，剂量需使用国家基本药物临床应用指南/CDE/NMPA/原厂说明书二核。；39药品通未匹配到候选，需CDE/NMPA/原厂说明书检索。,《国家基本药物目录（2018年版）》第一部分 化学药品和生物制品，国家卫生健康委员会，PDF页码 P.52,284
27,P0,内分泌,恩格列净,未匹配说明书,P0高风险条目，剂量需使用国家基本药物临床应用指南/CDE/NMPA/原厂说明书二核。；39药品通未匹配到候选，需CDE/NMPA/原厂说明书检索。,P0清单；未在《国家基本药物目录（2018年版）》解析结果中定位，需说明书核对,
28,P0,内分泌,利拉鲁肽,未匹配说明书,P0高风险条目，剂量需使用国家基本药物临床应用指南/CDE/NMPA/原厂说明书二核。；39药品通未匹配到候选，需CDE/NMPA/原厂说明书检索。,《国家基本药物目录（2018年版）》第一部分 化学药品和生物制品，国家卫生健康委员会，PDF页码 P.52,286
29,P0,内分泌,甘精胰岛素,未匹配说明书,P0高风险条目，剂量需使用国家基本药物临床应用指南/CDE/NMPA/原厂说明书二核。；39药品通未匹配到候选，需CDE/NMPA/原厂说明书检索。,《国家基本药物目录（2018年版）》第一部分 化学药品和生物制品，国家卫生健康委员会，PDF页码 P.51,276
30,P0,内分泌,门冬胰岛素,未匹配说明书,P0高风险条目，剂量需使用国家基本药物临床应用指南/CDE/NMPA/原厂说明书二核。；39药品通未匹配到候选，需CDE/NMPA/原厂说明书检索。,《国家基本药物目录（2018年版）》第一部分 化学药品和生物制品，国家卫生健康委员会，PDF页码 P.51,276
31,P0,调脂,阿托伐他汀,未匹配说明书,P0高风险条目，剂量需使用国家基本药物临床应用指南/CDE/NMPA/原厂说明书二核。；39药品通未匹配到候选，需CDE/NMPA/原厂说明书检索。,《国家基本药物目录（2018年版）》第一部分 化学药品和生物制品，国家卫生健康委员会，PDF页码 P.40,186
32,P0,调脂,瑞舒伐他汀,未匹配说明书,P0高风险条目，剂量需使用国家基本药物临床应用指南/CDE/NMPA/原厂说明书二核。；39药品通未匹配到候选，需CDE/NMPA/原厂说明书检索。,《国家基本药物目录（2018年版）》第一部分 化学药品和生物制品，国家卫生健康委员会，PDF页码 P.40,187
33,P0,调脂,依折麦布,未匹配说明书,P0高风险条目，剂量需使用国家基本药物临床应用指南/CDE/NMPA/原厂说明书二核。；39药品通未匹配到候选，需CDE/NMPA/原厂说明书检索。,P0清单；未在《国家基本药物目录（2018年版）》解析结果中定位，需说明书核对,
34,P0,调脂,依洛尤单抗,未匹配说明书,P0高风险条目，剂量需使用国家基本药物临床应用指南/CDE/NMPA/原厂说明书二核。；39药品通未匹配到候选，需CDE/NMPA/原厂说明书检索。,P0清单；未在《国家基本药物目录（2018年版）》解析结果中定位，需说明书核对,
35,P0,抗血栓,阿司匹林肠溶片,未匹配说明书,P0高风险条目，剂量需使用国家基本药物临床应用指南/CDE/NMPA/原厂说明书二核。；39药品通未匹配到候选，需CDE/NMPA/原厂说明书检索。,《国家基本药物目录（2018年版）》第一部分 化学药品和生物制品，国家卫生健康委员会，PDF页码 P.28,78
36,P0,抗血栓,氯吡格雷,未匹配说明书,P0高风险条目，剂量需使用国家基本药物临床应用指南/CDE/NMPA/原厂说明书二核。；39药品通未匹配到候选，需CDE/NMPA/原厂说明书检索。,《国家基本药物目录（2018年版）》第一部分 化学药品和生物制品，国家卫生健康委员会，PDF页码 P.48,251
37,P0,抗血栓,替格瑞洛,未匹配说明书,P0高风险条目，剂量需使用国家基本药物临床应用指南/CDE/NMPA/原厂说明书二核。；39药品通未匹配到候选，需CDE/NMPA/原厂说明书检索。,《国家基本药物目录（2018年版）》第一部分 化学药品和生物制品，国家卫生健康委员会，PDF页码 P.48,253
38,P0,抗血栓,华法林,未匹配说明书,P0高风险条目，剂量需使用国家基本药物临床应用指南/CDE/NMPA/原厂说明书二核。；39药品通未匹配到候选，需CDE/NMPA/原厂说明书检索。,《国家基本药物目录（2018年版）》第一部分 化学药品和生物制品，国家卫生健康委员会，PDF页码 P.49,262
39,P0,抗血栓,利伐沙班,未匹配说明书,P0高风险条目，剂量需使用国家基本药物临床应用指南/CDE/NMPA/原厂说明书二核。；39药品通未匹配到候选，需CDE/NMPA/原厂说明书检索。,《国家基本药物目录（2018年版）》第一部分 化学药品和生物制品，国家卫生健康委员会，PDF页码 P.49,266
40,P0,抗血栓,达比加群酯,未匹配说明书,P0高风险条目，剂量需使用国家基本药物临床应用指南/CDE/NMPA/原厂说明书二核。；39药品通未匹配到候选，需CDE/NMPA/原厂说明书检索。,《国家基本药物目录（2018年版）》第一部分 化学药品和生物制品，国家卫生健康委员会，PDF页码 P.49,263
41,P0,抗血栓,依诺肝素,未匹配说明书,P0高风险条目，剂量需使用国家基本药物临床应用指南/CDE/NMPA/原厂说明书二核。；39药品通未匹配到候选，需CDE/NMPA/原厂说明书检索。,《国家基本药物目录（2018年版）》第一部分 化学药品和生物制品，国家卫生健康委员会，PDF页码 P.49,261
42,P0,镇痛/解热,对乙酰氨基酚,未匹配说明书,P0高风险条目，剂量需使用国家基本药物临床应用指南/CDE/NMPA/原厂说明书二核。；39药品通未匹配到候选，需CDE/NMPA/原厂说明书检索。,《国家基本药物目录（2018年版）》第一部分 化学药品和生物制品，国家卫生健康委员会，PDF页码 P.27,75
43,P0,镇痛/解热,布洛芬,未匹配说明书,P0高风险条目，剂量需使用国家基本药物临床应用指南/CDE/NMPA/原厂说明书二核。；39药品通未匹配到候选，需CDE/NMPA/原厂说明书检索。,《国家基本药物目录（2018年版）》第一部分 化学药品和生物制品，国家卫生健康委员会，PDF页码 P.28,79
44,P0,镇痛/解热,塞来昔布,未匹配说明书,P0高风险条目，剂量需使用国家基本药物临床应用指南/CDE/NMPA/原厂说明书二核。；39药品通未匹配到候选，需CDE/NMPA/原厂说明书检索。,P0清单；未在《国家基本药物目录（2018年版）》解析结果中定位，需说明书核对,
45,P0,镇痛/解热,吗啡,未匹配说明书,P0高风险条目，剂量需使用国家基本药物临床应用指南/CDE/NMPA/原厂说明书二核。；39药品通未匹配到候选，需CDE/NMPA/原厂说明书检索。,《国家基本药物目录（2018年版）》第一部分 化学药品和生物制品，国家卫生健康委员会，PDF页码 P.27,73
46,P0,镇痛/解热,芬太尼贴剂,未匹配说明书,P0高风险条目，剂量需使用国家基本药物临床应用指南/CDE/NMPA/原厂说明书二核。；39药品通未匹配到候选，需CDE/NMPA/原厂说明书检索。,《国家基本药物目录（2018年版）》第一部分 化学药品和生物制品，国家卫生健康委员会，PDF页码 P.26,66
47,P0,镇痛/解热,曲马多,未匹配说明书,P0高风险条目，剂量需使用国家基本药物临床应用指南/CDE/NMPA/原厂说明书二核。；39药品通未匹配到候选，需CDE/NMPA/原厂说明书检索。,P0清单；未在《国家基本药物目录（2018年版）》解析结果中定位，需说明书核对,
48,P0,呼吸,沙丁胺醇气雾剂,未匹配说明书,P0高风险条目，剂量需使用国家基本药物临床应用指南/CDE/NMPA/原厂说明书二核。；39药品通未匹配到候选，需CDE/NMPA/原厂说明书检索。,《国家基本药物目录（2018年版）》第一部分 化学药品和生物制品，国家卫生健康委员会，PDF页码 P.41,198
49,P0,呼吸,布地奈德吸入剂,未匹配说明书,P0高风险条目，剂量需使用国家基本药物临床应用指南/CDE/NMPA/原厂说明书二核。；39药品通未匹配到候选，需CDE/NMPA/原厂说明书检索。,《国家基本药物目录（2018年版）》第一部分 化学药品和生物制品，国家卫生健康委员会，PDF页码 P.42,203
50,P0,呼吸,孟鲁司特,未匹配说明书,P0高风险条目，剂量需使用国家基本药物临床应用指南/CDE/NMPA/原厂说明书二核。；39药品通未匹配到候选，需CDE/NMPA/原厂说明书检索。,P0清单；未在《国家基本药物目录（2018年版）》解析结果中定位，需说明书核对,
51,P0,呼吸,异丙托溴铵,未匹配说明书,P0高风险条目，剂量需使用国家基本药物临床应用指南/CDE/NMPA/原厂说明书二核。；39药品通未匹配到候选，需CDE/NMPA/原厂说明书检索。,《国家基本药物目录（2018年版）》第一部分 化学药品和生物制品，国家卫生健康委员会，PDF页码 P.41,200
52,P0,呼吸,噻托溴铵,未匹配说明书,P0高风险条目，剂量需使用国家基本药物临床应用指南/CDE/NMPA/原厂说明书二核。；39药品通未匹配到候选，需CDE/NMPA/原厂说明书检索。,《国家基本药物目录（2018年版）》第一部分 化学药品和生物制品，国家卫生健康委员会，PDF页码 P.41,200
53,P0,消化,奥美拉唑,未匹配说明书,P0高风险条目，剂量需使用国家基本药物临床应用指南/CDE/NMPA/原厂说明书二核。；39药品通未匹配到候选，需CDE/NMPA/原厂说明书检索。,《国家基本药物目录（2018年版）》第一部分 化学药品和生物制品，国家卫生健康委员会，PDF页码 P.43,208
54,P0,消化,雷贝拉唑,未匹配说明书,P0高风险条目，剂量需使用国家基本药物临床应用指南/CDE/NMPA/原厂说明书二核。；39药品通未匹配到候选，需CDE/NMPA/原厂说明书检索。,P0清单；未在《国家基本药物目录（2018年版）》解析结果中定位，需说明书核对,
55,P0,消化,枸橼酸铋钾,未匹配说明书,P0高风险条目，剂量需使用国家基本药物临床应用指南/CDE/NMPA/原厂说明书二核。；39药品通未匹配到候选，需CDE/NMPA/原厂说明书检索。,《国家基本药物目录（2018年版）》第一部分 化学药品和生物制品，国家卫生健康委员会，PDF页码 P.43,209
56,P0,消化,莫沙必利,未匹配说明书,P0高风险条目，剂量需使用国家基本药物临床应用指南/CDE/NMPA/原厂说明书二核。；39药品通未匹配到候选，需CDE/NMPA/原厂说明书检索。,《国家基本药物目录（2018年版）》第一部分 化学药品和生物制品，国家卫生健康委员会，PDF页码 P.44,218
57,P0,消化,蒙脱石散,未匹配说明书,P0高风险条目，剂量需使用国家基本药物临床应用指南/CDE/NMPA/原厂说明书二核。；39药品通未匹配到候选，需CDE/NMPA/原厂说明书检索。,P0清单；未在《国家基本药物目录（2018年版）》解析结果中定位，需说明书核对,
58,P0,精神/神经,舍曲林,未匹配说明书,P0高风险条目，剂量需使用国家基本药物临床应用指南/CDE/NMPA/原厂说明书二核。；39药品通未匹配到候选，需CDE/NMPA/原厂说明书检索。,P0清单；未在《国家基本药物目录（2018年版）》解析结果中定位，需说明书核对,
59,P0,精神/神经,艾司西酞普兰,未匹配说明书,P0高风险条目，剂量需使用国家基本药物临床应用指南/CDE/NMPA/原厂说明书二核。；39药品通未匹配到候选，需CDE/NMPA/原厂说明书检索。,《国家基本药物目录（2018年版）》第一部分 化学药品和生物制品，国家卫生健康委员会，PDF页码 P.34,128
60,P0,精神/神经,文拉法辛,未匹配说明书,P0高风险条目，剂量需使用国家基本药物临床应用指南/CDE/NMPA/原厂说明书二核。；39药品通未匹配到候选，需CDE/NMPA/原厂说明书检索。,《国家基本药物目录（2018年版）》第一部分 化学药品和生物制品，国家卫生健康委员会，PDF页码 P.34,129
61,P0,精神/神经,地西泮,未匹配说明书,P0高风险条目，剂量需使用国家基本药物临床应用指南/CDE/NMPA/原厂说明书二核。；39药品通未匹配到候选，需CDE/NMPA/原厂说明书检索。,P0清单；未在《国家基本药物目录（2018年版）》解析结果中定位，需说明书核对,
62,P0,精神/神经,奥氮平,未匹配说明书,P0高风险条目，剂量需使用国家基本药物临床应用指南/CDE/NMPA/原厂说明书二核。；39药品通未匹配到候选，需CDE/NMPA/原厂说明书检索。,《国家基本药物目录（2018年版）》第一部分 化学药品和生物制品，国家卫生健康委员会，PDF页码 P.32,114
63,P0,精神/神经,利培酮,未匹配说明书,P0高风险条目，剂量需使用国家基本药物临床应用指南/CDE/NMPA/原厂说明书二核。；39药品通未匹配到候选，需CDE/NMPA/原厂说明书检索。,《国家基本药物目录（2018年版）》第一部分 化学药品和生物制品，国家卫生健康委员会，PDF页码 P.32,117
64,P0,激素,泼尼松,未匹配说明书,P0高风险条目，剂量需使用国家基本药物临床应用指南/CDE/NMPA/原厂说明书二核。；39药品通未匹配到候选，需CDE/NMPA/原厂说明书检索。,《国家基本药物目录（2018年版）》第一部分 化学药品和生物制品，国家卫生健康委员会，PDF页码 P.51,273
65,P0,激素,甲泼尼龙,未匹配说明书,P0高风险条目，剂量需使用国家基本药物临床应用指南/CDE/NMPA/原厂说明书二核。；39药品通未匹配到候选，需CDE/NMPA/原厂说明书检索。,《国家基本药物目录（2018年版）》第一部分 化学药品和生物制品，国家卫生健康委员会，PDF页码 P.51,273
66,P0,激素,地塞米松,未匹配说明书,P0高风险条目，剂量需使用国家基本药物临床应用指南/CDE/NMPA/原厂说明书二核。；39药品通未匹配到候选，需CDE/NMPA/原厂说明书检索。,《国家基本药物目录（2018年版）》第一部分 化学药品和生物制品，国家卫生健康委员会，PDF页码 P.51,275
67,P0,激素,氢化可的松,未匹配说明书,P0高风险条目，剂量需使用国家基本药物临床应用指南/CDE/NMPA/原厂说明书二核。；39药品通未匹配到候选，需CDE/NMPA/原厂说明书检索。,《国家基本药物目录（2018年版）》第一部分 化学药品和生物制品，国家卫生健康委员会，PDF页码 P.50,272
68,P0,内分泌,左甲状腺素钠,未匹配说明书,P0高风险条目，剂量需使用国家基本药物临床应用指南/CDE/NMPA/原厂说明书二核。；39药品通未匹配到候选，需CDE/NMPA/原厂说明书检索。,《国家基本药物目录（2018年版）》第一部分 化学药品和生物制品，国家卫生健康委员会，PDF页码 P.52,291
69,P0,内分泌,甲巯咪唑,未匹配说明书,P0高风险条目，剂量需使用国家基本药物临床应用指南/CDE/NMPA/原厂说明书二核。；39药品通未匹配到候选，需CDE/NMPA/原厂说明书检索。,《国家基本药物目录（2018年版）》第一部分 化学药品和生物制品，国家卫生健康委员会，PDF页码 P.52,291
70,P0,内分泌,丙硫氧嘧啶,未匹配说明书,P0高风险条目，剂量需使用国家基本药物临床应用指南/CDE/NMPA/原厂说明书二核。；39药品通未匹配到候选，需CDE/NMPA/原厂说明书检索。,《国家基本药物目录（2018年版）》第一部分 化学药品和生物制品，国家卫生健康委员会，PDF页码 P.53,294
71,P0,妇产,米非司酮,未匹配说明书,P0高风险条目，剂量需使用国家基本药物临床应用指南/CDE/NMPA/原厂说明书二核。；39药品通未匹配到候选，需CDE/NMPA/原厂说明书检索。,《国家基本药物目录（2018年版）》第一部分 化学药品和生物制品，国家卫生健康委员会，PDF页码 P.68,408
72,P0,妇产,米索前列醇,未匹配说明书,P0高风险条目，剂量需使用国家基本药物临床应用指南/CDE/NMPA/原厂说明书二核。；39药品通未匹配到候选，需CDE/NMPA/原厂说明书检索。,《国家基本药物目录（2018年版）》第一部分 化学药品和生物制品，国家卫生健康委员会，PDF页码 P.68,409
73,P0,妇产,缩宫素,未匹配说明书,P0高风险条目，剂量需使用国家基本药物临床应用指南/CDE/NMPA/原厂说明书二核。；39药品通未匹配到候选，需CDE/NMPA/原厂说明书检索。,《国家基本药物目录（2018年版）》第一部分 化学药品和生物制品，国家卫生健康委员会，PDF页码 P.68,407
74,P0,抗血栓,低分子肝素,未匹配说明书,P0高风险条目，剂量需使用国家基本药物临床应用指南/CDE/NMPA/原厂说明书二核。；39药品通未匹配到候选，需CDE/NMPA/原厂说明书检索。,《国家基本药物目录（2018年版）》第一部分 化学药品和生物制品，国家卫生健康委员会，PDF页码 P.49,261
75,P0,儿科常用,口服补液盐III,未匹配说明书,P0高风险条目，剂量需使用国家基本药物临床应用指南/CDE/NMPA/原厂说明书二核。；39药品通未匹配到候选，需CDE/NMPA/原厂说明书检索。,《国家基本药物目录（2018年版）》第一部分 化学药品和生物制品，国家卫生健康委员会，PDF页码 P.60,360
76,P0,消化,蒙脱石散(小儿),未匹配说明书,P0高风险条目，剂量需使用国家基本药物临床应用指南/CDE/NMPA/原厂说明书二核。；39药品通未匹配到候选，需CDE/NMPA/原厂说明书检索。,P0清单；未在《国家基本药物目录（2018年版）》解析结果中定位，需说明书核对,
77,P0,镇痛/解热,布洛芬混悬液(小儿剂量),未匹配说明书,P0高风险条目，剂量需使用国家基本药物临床应用指南/CDE/NMPA/原厂说明书二核。；39药品通未匹配到候选，需CDE/NMPA/原厂说明书检索。,《国家基本药物目录（2018年版）》第一部分 化学药品和生物制品，国家卫生健康委员会，PDF页码 P.28,79
78,P0,老年/慢病,碳酸钙D3,未匹配说明书,P0高风险条目，剂量需使用国家基本药物临床应用指南/CDE/NMPA/原厂说明书二核。；39药品通未匹配到候选，需CDE/NMPA/原厂说明书检索。,P0清单；未在《国家基本药物目录（2018年版）》解析结果中定位，需说明书核对,
79,P0,老年/慢病,骨化三醇,未匹配说明书,P0高风险条目，剂量需使用国家基本药物临床应用指南/CDE/NMPA/原厂说明书二核。；39药品通未匹配到候选，需CDE/NMPA/原厂说明书检索。,P0清单；未在《国家基本药物目录（2018年版）》解析结果中定位，需说明书核对,
80,P0,老年/慢病,阿仑膦酸钠,未匹配说明书,P0高风险条目，剂量需使用国家基本药物临床应用指南/CDE/NMPA/原厂说明书二核。；39药品通未匹配到候选，需CDE/NMPA/原厂说明书检索。,《国家基本药物目录（2018年版）》第一部分 化学药品和生物制品，国家卫生健康委员会，PDF页码 P.54,304
81,P1,抗感染,苄星青霉素,未匹配说明书,P1扩展条目来自国家基本药物目录；具体适应症/剂量/禁忌需说明书二核。；39药品通未匹配到候选，需CDE/NMPA/原厂说明书检索。,《国家基本药物目录（2018年版）》第一部分 化学药品和生物制品，国家卫生健康委员会，PDF页码 P.17,2
82,P1,国家基本药物目录扩展,苯唑西林,未匹配说明书,P1扩展条目来自国家基本药物目录；具体适应症/剂量/禁忌需说明书二核。；39药品通未匹配到候选，需CDE/NMPA/原厂说明书检索。,《国家基本药物目录（2018年版）》第一部分 化学药品和生物制品，国家卫生健康委员会，PDF页码 P.17,3
83,P1,抗感染,氨苄西林哌拉西林阿莫西林,未匹配说明书,P1扩展条目来自国家基本药物目录；具体适应症/剂量/禁忌需说明书二核。；39药品通未匹配到候选，需CDE/NMPA/原厂说明书检索。,《国家基本药物目录（2018年版）》第一部分 化学药品和生物制品，国家卫生健康委员会，PDF页码 P.17,4
84,P1,抗感染,哌拉西林阿莫西林,未匹配说明书,P1扩展条目来自国家基本药物目录；具体适应症/剂量/禁忌需说明书二核。；39药品通未匹配到候选，需CDE/NMPA/原厂说明书检索。,《国家基本药物目录（2018年版）》第一部分 化学药品和生物制品，国家卫生健康委员会，PDF页码 P.17,5
85,P1,国家基本药物目录扩展,哌拉西林钠他唑巴坦钠,未匹配说明书,P1扩展条目来自国家基本药物目录；具体适应症/剂量/禁忌需说明书二核。；39药品通未匹配到候选，需CDE/NMPA/原厂说明书检索。,《国家基本药物目录（2018年版）》第一部分 化学药品和生物制品，国家卫生健康委员会，PDF页码 P.18,8
86,P1,抗感染,头孢唑林头孢拉定头孢氨苄,未匹配说明书,P1扩展条目来自国家基本药物目录；具体适应症/剂量/禁忌需说明书二核。；39药品通未匹配到候选，需CDE/NMPA/原厂说明书检索。,《国家基本药物目录（2018年版）》第一部分 化学药品和生物制品，国家卫生健康委员会，PDF页码 P.18,9
87,P1,抗感染,头孢拉定头孢氨苄,未匹配说明书,P1扩展条目来自国家基本药物目录；具体适应症/剂量/禁忌需说明书二核。；39药品通未匹配到候选，需CDE/NMPA/原厂说明书检索。,《国家基本药物目录（2018年版）》第一部分 化学药品和生物制品，国家卫生健康委员会，PDF页码 P.18,10
88,P1,抗感染,头孢氨苄,未匹配说明书,P1扩展条目来自国家基本药物目录；具体适应症/剂量/禁忌需说明书二核。；39药品通未匹配到候选，需CDE/NMPA/原厂说明书检索。,《国家基本药物目录（2018年版）》第一部分 化学药品和生物制品，国家卫生健康委员会，PDF页码 P.18,11
89,P1,抗感染,头孢他啶,未匹配说明书,P1扩展条目来自国家基本药物目录；具体适应症/剂量/禁忌需说明书二核。；39药品通未匹配到候选，需CDE/NMPA/原厂说明书检索。,《国家基本药物目录（2018年版）》第一部分 化学药品和生物制品，国家卫生健康委员会，PDF页码 P.19,14
90,P1,抗感染,阿米卡星,未匹配说明书,P1扩展条目来自国家基本药物目录；具体适应症/剂量/禁忌需说明书二核。；39药品通未匹配到候选，需CDE/NMPA/原厂说明书检索。,《国家基本药物目录（2018年版）》第一部分 化学药品和生物制品，国家卫生健康委员会，PDF页码 P.19,15
91,P1,抗感染,庆大霉素,未匹配说明书,P1扩展条目来自国家基本药物目录；具体适应症/剂量/禁忌需说明书二核。；39药品通未匹配到候选，需CDE/NMPA/原厂说明书检索。,《国家基本药物目录（2018年版）》第一部分 化学药品和生物制品，国家卫生健康委员会，PDF页码 P.19,16
92,P1,抗感染,多西环素米诺环素,未匹配说明书,P1扩展条目来自国家基本药物目录；具体适应症/剂量/禁忌需说明书二核。；39药品通未匹配到候选，需CDE/NMPA/原厂说明书检索。,《国家基本药物目录（2018年版）》第一部分 化学药品和生物制品，国家卫生健康委员会，PDF页码 P.19,17
93,P1,抗感染,米诺环素,未匹配说明书,P1扩展条目来自国家基本药物目录；具体适应症/剂量/禁忌需说明书二核。；39药品通未匹配到候选，需CDE/NMPA/原厂说明书检索。,《国家基本药物目录（2018年版）》第一部分 化学药品和生物制品，国家卫生健康委员会，PDF页码 P.19,18
94,P1,国家基本药物目录扩展,红霉素,未匹配说明书,P1扩展条目来自国家基本药物目录；具体适应症/剂量/禁忌需说明书二核。；39药品通未匹配到候选，需CDE/NMPA/原厂说明书检索。,《国家基本药物目录（2018年版）》第一部分 化学药品和生物制品，国家卫生健康委员会，PDF页码 P.19,19
95,P1,抗感染,克拉霉素（六）其他抗生素克林霉素,未匹配说明书,P1扩展条目来自国家基本药物目录；具体适应症/剂量/禁忌需说明书二核。；39药品通未匹配到候选，需CDE/NMPA/原厂说明书检索。,《国家基本药物目录（2018年版）》第一部分 化学药品和生物制品，国家卫生健康委员会，PDF页码 P.20,21
96,P1,抗感染,克林霉素,未匹配说明书,P1扩展条目来自国家基本药物目录；具体适应症/剂量/禁忌需说明书二核。；39药品通未匹配到候选，需CDE/NMPA/原厂说明书检索。,《国家基本药物目录（2018年版）》第一部分 化学药品和生物制品，国家卫生健康委员会，PDF页码 P.20,22
97,P1,抗感染,磷霉素,未匹配说明书,P1扩展条目来自国家基本药物目录；具体适应症/剂量/禁忌需说明书二核。；39药品通未匹配到候选，需CDE/NMPA/原厂说明书检索。,《国家基本药物目录（2018年版）》第一部分 化学药品和生物制品，国家卫生健康委员会，PDF页码 P.20,23
98,P1,国家基本药物目录扩展,复斱磺胺甲唑,未匹配说明书,P1扩展条目来自国家基本药物目录；具体适应症/剂量/禁忌需说明书二核。；39药品通未匹配到候选，需CDE/NMPA/原厂说明书检索。,《国家基本药物目录（2018年版）》第一部分 化学药品和生物制品，国家卫生健康委员会，PDF页码 P.20,24
99,P1,国家基本药物目录扩展,磺胺嘧啶,未匹配说明书,P1扩展条目来自国家基本药物目录；具体适应症/剂量/禁忌需说明书二核。；39药品通未匹配到候选，需CDE/NMPA/原厂说明书检索。,《国家基本药物目录（2018年版）》第一部分 化学药品和生物制品，国家卫生健康委员会，PDF页码 P.20,25
100,P1,抗感染,诺氟沙星环丙沙星,未匹配说明书,P1扩展条目来自国家基本药物目录；具体适应症/剂量/禁忌需说明书二核。；39药品通未匹配到候选，需CDE/NMPA/原厂说明书检索。,《国家基本药物目录（2018年版）》第一部分 化学药品和生物制品，国家卫生健康委员会，PDF页码 P.21,26
101,P1,抗感染,环丙沙星,未匹配说明书,P1扩展条目来自国家基本药物目录；具体适应症/剂量/禁忌需说明书二核。；39药品通未匹配到候选，需CDE/NMPA/原厂说明书检索。,《国家基本药物目录（2018年版）》第一部分 化学药品和生物制品，国家卫生健康委员会，PDF页码 P.21,27
102,P1,抗感染,替硝唑（十）硝基呋喃类呋喃妥因,未匹配说明书,P1扩展条目来自国家基本药物目录；具体适应症/剂量/禁忌需说明书二核。；39药品通未匹配到候选，需CDE/NMPA/原厂说明书检索。,《国家基本药物目录（2018年版）》第一部分 化学药品和生物制品，国家卫生健康委员会，PDF页码 P.21,31
103,P1,抗感染,呋喃妥因,未匹配说明书,P1扩展条目来自国家基本药物目录；具体适应症/剂量/禁忌需说明书二核。；39药品通未匹配到候选，需CDE/NMPA/原厂说明书检索。,《国家基本药物目录（2018年版）》第一部分 化学药品和生物制品，国家卫生健康委员会，PDF页码 P.21,32
104,P1,抗感染,异烟肼,未匹配说明书,P1扩展条目来自国家基本药物目录；具体适应症/剂量/禁忌需说明书二核。；39药品通未匹配到候选，需CDE/NMPA/原厂说明书检索。,《国家基本药物目录（2018年版）》第一部分 化学药品和生物制品，国家卫生健康委员会，PDF页码 P.22,33
105,P1,抗感染,利福平,未匹配说明书,P1扩展条目来自国家基本药物目录；具体适应症/剂量/禁忌需说明书二核。；39药品通未匹配到候选，需CDE/NMPA/原厂说明书检索。,《国家基本药物目录（2018年版）》第一部分 化学药品和生物制品，国家卫生健康委员会，PDF页码 P.22,34
106,P1,抗感染,吡嗪酰胺乙胺丁醇链霉素,未匹配说明书,P1扩展条目来自国家基本药物目录；具体适应症/剂量/禁忌需说明书二核。；39药品通未匹配到候选，需CDE/NMPA/原厂说明书检索。,《国家基本药物目录（2018年版）》第一部分 化学药品和生物制品，国家卫生健康委员会，PDF页码 P.22,35
107,P1,抗感染,乙胺丁醇链霉素,未匹配说明书,P1扩展条目来自国家基本药物目录；具体适应症/剂量/禁忌需说明书二核。；39药品通未匹配到候选，需CDE/NMPA/原厂说明书检索。,《国家基本药物目录（2018年版）》第一部分 化学药品和生物制品，国家卫生健康委员会，PDF页码 P.22,36
108,P1,国家基本药物目录扩展,链霉素,未匹配说明书,P1扩展条目来自国家基本药物目录；具体适应症/剂量/禁忌需说明书二核。；39药品通未匹配到候选，需CDE/NMPA/原厂说明书检索。,《国家基本药物目录（2018年版）》第一部分 化学药品和生物制品，国家卫生健康委员会，PDF页码 P.22,37
109,P1,国家基本药物目录扩展,对氨基水杨酸钠,未匹配说明书,P1扩展条目来自国家基本药物目录；具体适应症/剂量/禁忌需说明书二核。；39药品通未匹配到候选，需CDE/NMPA/原厂说明书检索。,《国家基本药物目录（2018年版）》第一部分 化学药品和生物制品，国家卫生健康委员会，PDF页码 P.22,38
110,P1,抗感染,氨苯砜（十三）抗 真 菌 药氟康唑,未匹配说明书,P1扩展条目来自国家基本药物目录；具体适应症/剂量/禁忌需说明书二核。；39药品通未匹配到候选，需CDE/NMPA/原厂说明书检索。,《国家基本药物目录（2018年版）》第一部分 化学药品和生物制品，国家卫生健康委员会，PDF页码 P.22,40
111,P1,抗感染,氟康唑,未匹配说明书,P1扩展条目来自国家基本药物目录；具体适应症/剂量/禁忌需说明书二核。；39药品通未匹配到候选，需CDE/NMPA/原厂说明书检索。,《国家基本药物目录（2018年版）》第一部分 化学药品和生物制品，国家卫生健康委员会，PDF页码 P.22,41
112,P1,国家基本药物目录扩展,伊曲康唑,未匹配说明书,P1扩展条目来自国家基本药物目录；具体适应症/剂量/禁忌需说明书二核。；39药品通未匹配到候选，需CDE/NMPA/原厂说明书检索。,《国家基本药物目录（2018年版）》第一部分 化学药品和生物制品，国家卫生健康委员会，PDF页码 P.23,42
113,P1,国家基本药物目录扩展,两性霉素 B,未匹配说明书,P1扩展条目来自国家基本药物目录；具体适应症/剂量/禁忌需说明书二核。；39药品通未匹配到候选，需CDE/NMPA/原厂说明书检索。,《国家基本药物目录（2018年版）》第一部分 化学药品和生物制品，国家卫生健康委员会，PDF页码 P.23,43
114,P1,国家基本药物目录扩展,卡泊芬净,未匹配说明书,P1扩展条目来自国家基本药物目录；具体适应症/剂量/禁忌需说明书二核。；39药品通未匹配到候选，需CDE/NMPA/原厂说明书检索。,《国家基本药物目录（2018年版）》第一部分 化学药品和生物制品，国家卫生健康委员会，PDF页码 P.23,44
115,P1,国家基本药物目录扩展,小檗碱（黄连素）,未匹配说明书,P1扩展条目来自国家基本药物目录；具体适应症/剂量/禁忌需说明书二核。；39药品通未匹配到候选，需CDE/NMPA/原厂说明书检索。,《国家基本药物目录（2018年版）》第一部分 化学药品和生物制品，国家卫生健康委员会，PDF页码 P.23,45
116,P1,抗感染,阿昔洛韦更昔洛韦,未匹配说明书,P1扩展条目来自国家基本药物目录；具体适应症/剂量/禁忌需说明书二核。；39药品通未匹配到候选，需CDE/NMPA/原厂说明书检索。,《国家基本药物目录（2018年版）》第一部分 化学药品和生物制品，国家卫生健康委员会，PDF页码 P.23,46
117,P1,国家基本药物目录扩展,更昔洛韦,未匹配说明书,P1扩展条目来自国家基本药物目录；具体适应症/剂量/禁忌需说明书二核。；39药品通未匹配到候选，需CDE/NMPA/原厂说明书检索。,《国家基本药物目录（2018年版）》第一部分 化学药品和生物制品，国家卫生健康委员会，PDF页码 P.23,47
118,P1,抗感染,奥司他韦,未匹配说明书,P1扩展条目来自国家基本药物目录；具体适应症/剂量/禁忌需说明书二核。；39药品通未匹配到候选，需CDE/NMPA/原厂说明书检索。,《国家基本药物目录（2018年版）》第一部分 化学药品和生物制品，国家卫生健康委员会，PDF页码 P.23,48
119,P1,国家基本药物目录扩展,恩替卡韦,未匹配说明书,P1扩展条目来自国家基本药物目录；具体适应症/剂量/禁忌需说明书二核。；39药品通未匹配到候选，需CDE/NMPA/原厂说明书检索。,《国家基本药物目录（2018年版）》第一部分 化学药品和生物制品，国家卫生健康委员会，PDF页码 P.23,49
120,P1,国家基本药物目录扩展,利巴韦林,未匹配说明书,P1扩展条目来自国家基本药物目录；具体适应症/剂量/禁忌需说明书二核。；39药品通未匹配到候选，需CDE/NMPA/原厂说明书检索。,《国家基本药物目录（2018年版）》第一部分 化学药品和生物制品，国家卫生健康委员会，PDF页码 P.23,50
121,P1,国家基本药物目录扩展,索磷布韦维帕他韦,未匹配说明书,P1扩展条目来自国家基本药物目录；具体适应症/剂量/禁忌需说明书二核。；39药品通未匹配到候选，需CDE/NMPA/原厂说明书检索。,《国家基本药物目录（2018年版）》第一部分 化学药品和生物制品，国家卫生健康委员会，PDF页码 P.24,51
122,P1,国家基本药物目录扩展,替诺福韦二吡呋酯,未匹配说明书,P1扩展条目来自国家基本药物目录；具体适应症/剂量/禁忌需说明书二核。；39药品通未匹配到候选，需CDE/NMPA/原厂说明书检索。,《国家基本药物目录（2018年版）》第一部分 化学药品和生物制品，国家卫生健康委员会，PDF页码 P.24,52
123,P1,国家基本药物目录扩展,重组人干扰素,未匹配说明书,P1扩展条目来自国家基本药物目录；具体适应症/剂量/禁忌需说明书二核。；39药品通未匹配到候选，需CDE/NMPA/原厂说明书检索。,《国家基本药物目录（2018年版）》第一部分 化学药品和生物制品，国家卫生健康委员会，PDF页码 P.24,53
124,P1,国家基本药物目录扩展,氯喹,未匹配说明书,P1扩展条目来自国家基本药物目录；具体适应症/剂量/禁忌需说明书二核。；39药品通未匹配到候选，需CDE/NMPA/原厂说明书检索。,《国家基本药物目录（2018年版）》第一部分 化学药品和生物制品，国家卫生健康委员会，PDF页码 P.24,55
125,P1,国家基本药物目录扩展,羟氯喹,未匹配说明书,P1扩展条目来自国家基本药物目录；具体适应症/剂量/禁忌需说明书二核。；39药品通未匹配到候选，需CDE/NMPA/原厂说明书检索。,《国家基本药物目录（2018年版）》第一部分 化学药品和生物制品，国家卫生健康委员会，PDF页码 P.25,56
126,P1,抗感染,伯氨喹乙胺嘧啶59 青蒿素类药物   注释 3（二）抗阿米巴病药及抗滴虫病药甲硝唑,未匹配说明书,P1扩展条目来自国家基本药物目录；具体适应症/剂量/禁忌需说明书二核。；39药品通未匹配到候选，需CDE/NMPA/原厂说明书检索。,《国家基本药物目录（2018年版）》第一部分 化学药品和生物制品，国家卫生健康委员会，PDF页码 P.25,57
127,P1,抗感染,乙胺嘧啶59 青蒿素类药物   注释 3（二）抗阿米巴病药及抗滴虫病药甲硝唑,未匹配说明书,P1扩展条目来自国家基本药物目录；具体适应症/剂量/禁忌需说明书二核。；39药品通未匹配到候选，需CDE/NMPA/原厂说明书检索。,《国家基本药物目录（2018年版）》第一部分 化学药品和生物制品，国家卫生健康委员会，PDF页码 P.25,58
128,P1,国家基本药物目录扩展,葡萄糖酸锑钠,未匹配说明书,P1扩展条目来自国家基本药物目录；具体适应症/剂量/禁忌需说明书二核。；39药品通未匹配到候选，需CDE/NMPA/原厂说明书检索。,《国家基本药物目录（2018年版）》第一部分 化学药品和生物制品，国家卫生健康委员会，PDF页码 P.25,60
129,P1,国家基本药物目录扩展,吡喹酮（五）驱 肠 虫 药阿苯达唑,未匹配说明书,P1扩展条目来自国家基本药物目录；具体适应症/剂量/禁忌需说明书二核。；39药品通未匹配到候选，需CDE/NMPA/原厂说明书检索。,《国家基本药物目录（2018年版）》第一部分 化学药品和生物制品，国家卫生健康委员会，PDF页码 P.25,61
130,P1,国家基本药物目录扩展,阿苯达唑,未匹配说明书,P1扩展条目来自国家基本药物目录；具体适应症/剂量/禁忌需说明书二核。；39药品通未匹配到候选，需CDE/NMPA/原厂说明书检索。,《国家基本药物目录（2018年版）》第一部分 化学药品和生物制品，国家卫生健康委员会，PDF页码 P.25,62
131,P1,国家基本药物目录扩展,利多卡因,未匹配说明书,P1扩展条目来自国家基本药物目录；具体适应症/剂量/禁忌需说明书二核。；39药品通未匹配到候选，需CDE/NMPA/原厂说明书检索。,《国家基本药物目录（2018年版）》第一部分 化学药品和生物制品，国家卫生健康委员会，PDF页码 P.26,63
132,P1,国家基本药物目录扩展,布比卡因罗哌卡因,未匹配说明书,P1扩展条目来自国家基本药物目录；具体适应症/剂量/禁忌需说明书二核。；39药品通未匹配到候选，需CDE/NMPA/原厂说明书检索。,《国家基本药物目录（2018年版）》第一部分 化学药品和生物制品，国家卫生健康委员会，PDF页码 P.26,64
133,P1,国家基本药物目录扩展,罗哌卡因,未匹配说明书,P1扩展条目来自国家基本药物目录；具体适应症/剂量/禁忌需说明书二核。；39药品通未匹配到候选，需CDE/NMPA/原厂说明书检索。,《国家基本药物目录（2018年版）》第一部分 化学药品和生物制品，国家卫生健康委员会，PDF页码 P.26,65
134,P1,镇痛/解热,氯胺酮丙泊酚瑞芬太尼,未匹配说明书,P1扩展条目来自国家基本药物目录；具体适应症/剂量/禁忌需说明书二核。；39药品通未匹配到候选，需CDE/NMPA/原厂说明书检索。,《国家基本药物目录（2018年版）》第一部分 化学药品和生物制品，国家卫生健康委员会，PDF页码 P.26,66
135,P1,镇痛/解热,丙泊酚瑞芬太尼,未匹配说明书,P1扩展条目来自国家基本药物目录；具体适应症/剂量/禁忌需说明书二核。；39药品通未匹配到候选，需CDE/NMPA/原厂说明书检索。,《国家基本药物目录（2018年版）》第一部分 化学药品和生物制品，国家卫生健康委员会，PDF页码 P.26,67
136,P1,镇痛/解热,瑞芬太尼,未匹配说明书,P1扩展条目来自国家基本药物目录；具体适应症/剂量/禁忌需说明书二核。；39药品通未匹配到候选，需CDE/NMPA/原厂说明书检索。,《国家基本药物目录（2018年版）》第一部分 化学药品和生物制品，国家卫生健康委员会，PDF页码 P.26,68
137,P1,国家基本药物目录扩展,七氟烷,未匹配说明书,P1扩展条目来自国家基本药物目录；具体适应症/剂量/禁忌需说明书二核。；39药品通未匹配到候选，需CDE/NMPA/原厂说明书检索。,《国家基本药物目录（2018年版）》第一部分 化学药品和生物制品，国家卫生健康委员会，PDF页码 P.26,69
138,P1,国家基本药物目录扩展,罗库溴铵,未匹配说明书,P1扩展条目来自国家基本药物目录；具体适应症/剂量/禁忌需说明书二核。；39药品通未匹配到候选，需CDE/NMPA/原厂说明书检索。,《国家基本药物目录（2018年版）》第一部分 化学药品和生物制品，国家卫生健康委员会，PDF页码 P.26,70
139,P1,国家基本药物目录扩展,氯化琥珀胆碱维库溴铵（一）镇痛药,未匹配说明书,P1扩展条目来自国家基本药物目录；具体适应症/剂量/禁忌需说明书二核。；39药品通未匹配到候选，需CDE/NMPA/原厂说明书检索。,《国家基本药物目录（2018年版）》第一部分 化学药品和生物制品，国家卫生健康委员会，PDF页码 P.27,71
140,P1,镇痛/解热,维库溴铵（一）镇痛药芬太尼,未匹配说明书,P1扩展条目来自国家基本药物目录；具体适应症/剂量/禁忌需说明书二核。；39药品通未匹配到候选，需CDE/NMPA/原厂说明书检索。,《国家基本药物目录（2018年版）》第一部分 化学药品和生物制品，国家卫生健康委员会，PDF页码 P.27,72
141,P1,镇痛/解热,芬太尼哌替啶吗啡Morphine 片剂、缓释片、注射液 △,未匹配说明书,P1扩展条目来自国家基本药物目录；具体适应症/剂量/禁忌需说明书二核。；39药品通未匹配到候选，需CDE/NMPA/原厂说明书检索。,《国家基本药物目录（2018年版）》第一部分 化学药品和生物制品，国家卫生健康委员会，PDF页码 P.27,73
142,P1,镇痛/解热,哌替啶吗啡Morphine 片剂、缓释片、注射液 △普瑞巴林（二）解热镇痛、抗炎、抗风湿药,未匹配说明书,P1扩展条目来自国家基本药物目录；具体适应症/剂量/禁忌需说明书二核。；39药品通未匹配到候选，需CDE/NMPA/原厂说明书检索。,《国家基本药物目录（2018年版）》第一部分 化学药品和生物制品，国家卫生健康委员会，PDF页码 P.27,74
143,P1,镇痛/解热,吗啡Morphine 片剂、缓释片、注射液 △普瑞巴林（二）解热镇痛、抗炎、抗风湿药对乙酰氨基酚,未匹配说明书,P1扩展条目来自国家基本药物目录；具体适应症/剂量/禁忌需说明书二核。；39药品通未匹配到候选，需CDE/NMPA/原厂说明书检索。,《国家基本药物目录（2018年版）》第一部分 化学药品和生物制品，国家卫生健康委员会，PDF页码 P.27,75
144,P1,镇痛/解热,普瑞巴林（二）解热镇痛、抗炎、抗风湿药对乙酰氨基酚,未匹配说明书,P1扩展条目来自国家基本药物目录；具体适应症/剂量/禁忌需说明书二核。；39药品通未匹配到候选，需CDE/NMPA/原厂说明书检索。,《国家基本药物目录（2018年版）》第一部分 化学药品和生物制品，国家卫生健康委员会，PDF页码 P.27,76
145,P1,镇痛/解热,双氯芬酸钠,未匹配说明书,P1扩展条目来自国家基本药物目录；具体适应症/剂量/禁忌需说明书二核。；39药品通未匹配到候选，需CDE/NMPA/原厂说明书检索。,《国家基本药物目录（2018年版）》第一部分 化学药品和生物制品，国家卫生健康委员会，PDF页码 P.28,80
146,P1,镇痛/解热,吲哚美辛羟氯喹,未匹配说明书,P1扩展条目来自国家基本药物目录；具体适应症/剂量/禁忌需说明书二核。；39药品通未匹配到候选，需CDE/NMPA/原厂说明书检索。,《国家基本药物目录（2018年版）》第一部分 化学药品和生物制品，国家卫生健康委员会，PDF页码 P.28,81
147,P1,国家基本药物目录扩展,来氟米特,未匹配说明书,P1扩展条目来自国家基本药物目录；具体适应症/剂量/禁忌需说明书二核。；39药品通未匹配到候选，需CDE/NMPA/原厂说明书检索。,《国家基本药物目录（2018年版）》第一部分 化学药品和生物制品，国家卫生健康委员会，PDF页码 P.28,82
148,P1,国家基本药物目录扩展,美沙拉秦（嗪）,未匹配说明书,P1扩展条目来自国家基本药物目录；具体适应症/剂量/禁忌需说明书二核。；39药品通未匹配到候选，需CDE/NMPA/原厂说明书检索。,《国家基本药物目录（2018年版）》第一部分 化学药品和生物制品，国家卫生健康委员会，PDF页码 P.28,83
149,P1,国家基本药物目录扩展,青霉胺（三）抗 痛 风 药别嘌醇,未匹配说明书,P1扩展条目来自国家基本药物目录；具体适应症/剂量/禁忌需说明书二核。；39药品通未匹配到候选，需CDE/NMPA/原厂说明书检索。,《国家基本药物目录（2018年版）》第一部分 化学药品和生物制品，国家卫生健康委员会，PDF页码 P.28,84
150,P1,国家基本药物目录扩展,别嘌醇,未匹配说明书,P1扩展条目来自国家基本药物目录；具体适应症/剂量/禁忌需说明书二核。；39药品通未匹配到候选，需CDE/NMPA/原厂说明书检索。,《国家基本药物目录（2018年版）》第一部分 化学药品和生物制品，国家卫生健康委员会，PDF页码 P.28,85
151,P1,国家基本药物目录扩展,秋水仙碱苯溴马隆,未匹配说明书,P1扩展条目来自国家基本药物目录；具体适应症/剂量/禁忌需说明书二核。；39药品通未匹配到候选，需CDE/NMPA/原厂说明书检索。,《国家基本药物目录（2018年版）》第一部分 化学药品和生物制品，国家卫生健康委员会，PDF页码 P.29,86
152,P1,国家基本药物目录扩展,苯溴马隆,未匹配说明书,P1扩展条目来自国家基本药物目录；具体适应症/剂量/禁忌需说明书二核。；39药品通未匹配到候选，需CDE/NMPA/原厂说明书检索。,《国家基本药物目录（2018年版）》第一部分 化学药品和生物制品，国家卫生健康委员会，PDF页码 P.29,87
153,P1,国家基本药物目录扩展,金刚烷胺苯海索多巴丝肼,未匹配说明书,P1扩展条目来自国家基本药物目录；具体适应症/剂量/禁忌需说明书二核。；39药品通未匹配到候选，需CDE/NMPA/原厂说明书检索。,《国家基本药物目录（2018年版）》第一部分 化学药品和生物制品，国家卫生健康委员会，PDF页码 P.29,88
154,P1,国家基本药物目录扩展,苯海索多巴丝肼,未匹配说明书,P1扩展条目来自国家基本药物目录；具体适应症/剂量/禁忌需说明书二核。；39药品通未匹配到候选，需CDE/NMPA/原厂说明书检索。,《国家基本药物目录（2018年版）》第一部分 化学药品和生物制品，国家卫生健康委员会，PDF页码 P.29,89
155,P1,国家基本药物目录扩展,多巴丝肼,未匹配说明书,P1扩展条目来自国家基本药物目录；具体适应症/剂量/禁忌需说明书二核。；39药品通未匹配到候选，需CDE/NMPA/原厂说明书检索。,《国家基本药物目录（2018年版）》第一部分 化学药品和生物制品，国家卫生健康委员会，PDF页码 P.29,90
156,P1,国家基本药物目录扩展,普拉克索,未匹配说明书,P1扩展条目来自国家基本药物目录；具体适应症/剂量/禁忌需说明书二核。；39药品通未匹配到候选，需CDE/NMPA/原厂说明书检索。,《国家基本药物目录（2018年版）》第一部分 化学药品和生物制品，国家卫生健康委员会，PDF页码 P.29,91
157,P1,国家基本药物目录扩展,溴隐亭,未匹配说明书,P1扩展条目来自国家基本药物目录；具体适应症/剂量/禁忌需说明书二核。；39药品通未匹配到候选，需CDE/NMPA/原厂说明书检索。,《国家基本药物目录（2018年版）》第一部分 化学药品和生物制品，国家卫生健康委员会，PDF页码 P.29,92
158,P1,精神/神经,新斯的明溴吡斯的明（三）抗 癫 痫 药卡马西平,未匹配说明书,P1扩展条目来自国家基本药物目录；具体适应症/剂量/禁忌需说明书二核。；39药品通未匹配到候选，需CDE/NMPA/原厂说明书检索。,《国家基本药物目录（2018年版）》第一部分 化学药品和生物制品，国家卫生健康委员会，PDF页码 P.30,93
159,P1,精神/神经,溴吡斯的明（三）抗 癫 痫 药卡马西平奥卡西平,未匹配说明书,P1扩展条目来自国家基本药物目录；具体适应症/剂量/禁忌需说明书二核。；39药品通未匹配到候选，需CDE/NMPA/原厂说明书检索。,《国家基本药物目录（2018年版）》第一部分 化学药品和生物制品，国家卫生健康委员会，PDF页码 P.30,94
160,P1,精神/神经,卡马西平奥卡西平,未匹配说明书,P1扩展条目来自国家基本药物目录；具体适应症/剂量/禁忌需说明书二核。；39药品通未匹配到候选，需CDE/NMPA/原厂说明书检索。,《国家基本药物目录（2018年版）》第一部分 化学药品和生物制品，国家卫生健康委员会，PDF页码 P.30,95
161,P1,国家基本药物目录扩展,奥卡西平,未匹配说明书,P1扩展条目来自国家基本药物目录；具体适应症/剂量/禁忌需说明书二核。；39药品通未匹配到候选，需CDE/NMPA/原厂说明书检索。,《国家基本药物目录（2018年版）》第一部分 化学药品和生物制品，国家卫生健康委员会，PDF页码 P.30,96
162,P1,精神/神经,丙戊酸钠,未匹配说明书,P1扩展条目来自国家基本药物目录；具体适应症/剂量/禁忌需说明书二核。；39药品通未匹配到候选，需CDE/NMPA/原厂说明书检索。,《国家基本药物目录（2018年版）》第一部分 化学药品和生物制品，国家卫生健康委员会，PDF页码 P.30,97
163,P1,精神/神经,苯妥英钠,未匹配说明书,P1扩展条目来自国家基本药物目录；具体适应症/剂量/禁忌需说明书二核。；39药品通未匹配到候选，需CDE/NMPA/原厂说明书检索。,《国家基本药物目录（2018年版）》第一部分 化学药品和生物制品，国家卫生健康委员会，PDF页码 P.30,98
164,P1,精神/神经,苯巴比妥,未匹配说明书,P1扩展条目来自国家基本药物目录；具体适应症/剂量/禁忌需说明书二核。；39药品通未匹配到候选，需CDE/NMPA/原厂说明书检索。,《国家基本药物目录（2018年版）》第一部分 化学药品和生物制品，国家卫生健康委员会，PDF页码 P.30,99
165,P1,国家基本药物目录扩展,拉莫三嗪,未匹配说明书,P1扩展条目来自国家基本药物目录；具体适应症/剂量/禁忌需说明书二核。；39药品通未匹配到候选，需CDE/NMPA/原厂说明书检索。,《国家基本药物目录（2018年版）》第一部分 化学药品和生物制品，国家卫生健康委员会，PDF页码 P.30,100
166,P1,国家基本药物目录扩展,尼莫地平甘露醇,未匹配说明书,P1扩展条目来自国家基本药物目录；具体适应症/剂量/禁忌需说明书二核。；39药品通未匹配到候选，需CDE/NMPA/原厂说明书检索。,《国家基本药物目录（2018年版）》第一部分 化学药品和生物制品，国家卫生健康委员会，PDF页码 P.31,101
167,P1,国家基本药物目录扩展,甘露醇,未匹配说明书,P1扩展条目来自国家基本药物目录；具体适应症/剂量/禁忌需说明书二核。；39药品通未匹配到候选，需CDE/NMPA/原厂说明书检索。,《国家基本药物目录（2018年版）》第一部分 化学药品和生物制品，国家卫生健康委员会，PDF页码 P.31,102
168,P1,国家基本药物目录扩展,倍他司汀氟桂利嗪（五）中枢兴奋药胞磷胆碱钠,未匹配说明书,P1扩展条目来自国家基本药物目录；具体适应症/剂量/禁忌需说明书二核。；39药品通未匹配到候选，需CDE/NMPA/原厂说明书检索。,《国家基本药物目录（2018年版）》第一部分 化学药品和生物制品，国家卫生健康委员会，PDF页码 P.31,103
169,P1,国家基本药物目录扩展,氟桂利嗪（五）中枢兴奋药胞磷胆碱钠,未匹配说明书,P1扩展条目来自国家基本药物目录；具体适应症/剂量/禁忌需说明书二核。；39药品通未匹配到候选，需CDE/NMPA/原厂说明书检索。,《国家基本药物目录（2018年版）》第一部分 化学药品和生物制品，国家卫生健康委员会，PDF页码 P.31,104
170,P1,国家基本药物目录扩展,胞磷胆碱钠,未匹配说明书,P1扩展条目来自国家基本药物目录；具体适应症/剂量/禁忌需说明书二核。；39药品通未匹配到候选，需CDE/NMPA/原厂说明书检索。,《国家基本药物目录（2018年版）》第一部分 化学药品和生物制品，国家卫生健康委员会，PDF页码 P.31,105
171,P1,国家基本药物目录扩展,尼可刹米洛贝林（六）抗 痴 呆 药石杉碱甲,未匹配说明书,P1扩展条目来自国家基本药物目录；具体适应症/剂量/禁忌需说明书二核。；39药品通未匹配到候选，需CDE/NMPA/原厂说明书检索。,《国家基本药物目录（2018年版）》第一部分 化学药品和生物制品，国家卫生健康委员会，PDF页码 P.31,106
172,P1,国家基本药物目录扩展,洛贝林（六）抗 痴 呆 药石杉碱甲,未匹配说明书,P1扩展条目来自国家基本药物目录；具体适应症/剂量/禁忌需说明书二核。；39药品通未匹配到候选，需CDE/NMPA/原厂说明书检索。,《国家基本药物目录（2018年版）》第一部分 化学药品和生物制品，国家卫生健康委员会，PDF页码 P.31,107
173,P1,国家基本药物目录扩展,石杉碱甲,未匹配说明书,P1扩展条目来自国家基本药物目录；具体适应症/剂量/禁忌需说明书二核。；39药品通未匹配到候选，需CDE/NMPA/原厂说明书检索。,《国家基本药物目录（2018年版）》第一部分 化学药品和生物制品，国家卫生健康委员会，PDF页码 P.31,108
174,P1,国家基本药物目录扩展,奋乃静,未匹配说明书,P1扩展条目来自国家基本药物目录；具体适应症/剂量/禁忌需说明书二核。；39药品通未匹配到候选，需CDE/NMPA/原厂说明书检索。,《国家基本药物目录（2018年版）》第一部分 化学药品和生物制品，国家卫生健康委员会，PDF页码 P.32,109
175,P1,国家基本药物目录扩展,氯丙嗪,未匹配说明书,P1扩展条目来自国家基本药物目录；具体适应症/剂量/禁忌需说明书二核。；39药品通未匹配到候选，需CDE/NMPA/原厂说明书检索。,《国家基本药物目录（2018年版）》第一部分 化学药品和生物制品，国家卫生健康委员会，PDF页码 P.32,110
176,P1,国家基本药物目录扩展,氟哌啶醇,未匹配说明书,P1扩展条目来自国家基本药物目录；具体适应症/剂量/禁忌需说明书二核。；39药品通未匹配到候选，需CDE/NMPA/原厂说明书检索。,《国家基本药物目录（2018年版）》第一部分 化学药品和生物制品，国家卫生健康委员会，PDF页码 P.32,111
177,P1,国家基本药物目录扩展,舒必利氨磺必利,未匹配说明书,P1扩展条目来自国家基本药物目录；具体适应症/剂量/禁忌需说明书二核。；39药品通未匹配到候选，需CDE/NMPA/原厂说明书检索。,《国家基本药物目录（2018年版）》第一部分 化学药品和生物制品，国家卫生健康委员会，PDF页码 P.32,112
178,P1,国家基本药物目录扩展,氨磺必利,未匹配说明书,P1扩展条目来自国家基本药物目录；具体适应症/剂量/禁忌需说明书二核。；39药品通未匹配到候选，需CDE/NMPA/原厂说明书检索。,《国家基本药物目录（2018年版）》第一部分 化学药品和生物制品，国家卫生健康委员会，PDF页码 P.32,113
179,P1,精神/神经,癸氟奋乃静氯氮平奥氮平,未匹配说明书,P1扩展条目来自国家基本药物目录；具体适应症/剂量/禁忌需说明书二核。；39药品通未匹配到候选，需CDE/NMPA/原厂说明书检索。,《国家基本药物目录（2018年版）》第一部分 化学药品和生物制品，国家卫生健康委员会，PDF页码 P.32,114
180,P1,精神/神经,氯氮平奥氮平,未匹配说明书,P1扩展条目来自国家基本药物目录；具体适应症/剂量/禁忌需说明书二核。；39药品通未匹配到候选，需CDE/NMPA/原厂说明书检索。,《国家基本药物目录（2018年版）》第一部分 化学药品和生物制品，国家卫生健康委员会，PDF页码 P.32,115
181,P1,国家基本药物目录扩展,帕利哌酮,未匹配说明书,P1扩展条目来自国家基本药物目录；具体适应症/剂量/禁忌需说明书二核。；39药品通未匹配到候选，需CDE/NMPA/原厂说明书检索。,《国家基本药物目录（2018年版）》第一部分 化学药品和生物制品，国家卫生健康委员会，PDF页码 P.33,118
182,P1,国家基本药物目录扩展,喹硫平阿立哌唑,未匹配说明书,P1扩展条目来自国家基本药物目录；具体适应症/剂量/禁忌需说明书二核。；39药品通未匹配到候选，需CDE/NMPA/原厂说明书检索。,《国家基本药物目录（2018年版）》第一部分 化学药品和生物制品，国家卫生健康委员会，PDF页码 P.33,119
183,P1,国家基本药物目录扩展,阿立哌唑,未匹配说明书,P1扩展条目来自国家基本药物目录；具体适应症/剂量/禁忌需说明书二核。；39药品通未匹配到候选，需CDE/NMPA/原厂说明书检索。,《国家基本药物目录（2018年版）》第一部分 化学药品和生物制品，国家卫生健康委员会，PDF页码 P.33,120
184,P1,国家基本药物目录扩展,五氟利多（二）抗 抑 郁 药帕罗西汀氟西汀,未匹配说明书,P1扩展条目来自国家基本药物目录；具体适应症/剂量/禁忌需说明书二核。；39药品通未匹配到候选，需CDE/NMPA/原厂说明书检索。,《国家基本药物目录（2018年版）》第一部分 化学药品和生物制品，国家卫生健康委员会，PDF页码 P.33,121
185,P1,国家基本药物目录扩展,帕罗西汀氟西汀,未匹配说明书,P1扩展条目来自国家基本药物目录；具体适应症/剂量/禁忌需说明书二核。；39药品通未匹配到候选，需CDE/NMPA/原厂说明书检索。,《国家基本药物目录（2018年版）》第一部分 化学药品和生物制品，国家卫生健康委员会，PDF页码 P.33,122
186,P1,国家基本药物目录扩展,氟西汀,未匹配说明书,P1扩展条目来自国家基本药物目录；具体适应症/剂量/禁忌需说明书二核。；39药品通未匹配到候选，需CDE/NMPA/原厂说明书检索。,《国家基本药物目录（2018年版）》第一部分 化学药品和生物制品，国家卫生健康委员会，PDF页码 P.33,123
187,P1,国家基本药物目录扩展,阿米替林多塞平米氮平,未匹配说明书,P1扩展条目来自国家基本药物目录；具体适应症/剂量/禁忌需说明书二核。；39药品通未匹配到候选，需CDE/NMPA/原厂说明书检索。,《国家基本药物目录（2018年版）》第一部分 化学药品和生物制品，国家卫生健康委员会，PDF页码 P.33,124
188,P1,国家基本药物目录扩展,多塞平米氮平氯米帕明,未匹配说明书,P1扩展条目来自国家基本药物目录；具体适应症/剂量/禁忌需说明书二核。；39药品通未匹配到候选，需CDE/NMPA/原厂说明书检索。,《国家基本药物目录（2018年版）》第一部分 化学药品和生物制品，国家卫生健康委员会，PDF页码 P.33,125
189,P1,国家基本药物目录扩展,米氮平氯米帕明,未匹配说明书,P1扩展条目来自国家基本药物目录；具体适应症/剂量/禁忌需说明书二核。；39药品通未匹配到候选，需CDE/NMPA/原厂说明书检索。,《国家基本药物目录（2018年版）》第一部分 化学药品和生物制品，国家卫生健康委员会，PDF页码 P.33,126
190,P1,国家基本药物目录扩展,氯米帕明,未匹配说明书,P1扩展条目来自国家基本药物目录；具体适应症/剂量/禁忌需说明书二核。；39药品通未匹配到候选，需CDE/NMPA/原厂说明书检索。,《国家基本药物目录（2018年版）》第一部分 化学药品和生物制品，国家卫生健康委员会，PDF页码 P.33,127
191,P1,国家基本药物目录扩展,碳酸锂,未匹配说明书,P1扩展条目来自国家基本药物目录；具体适应症/剂量/禁忌需说明书二核。；39药品通未匹配到候选，需CDE/NMPA/原厂说明书检索。,《国家基本药物目录（2018年版）》第一部分 化学药品和生物制品，国家卫生健康委员会，PDF页码 P.34,137
192,P1,国家基本药物目录扩展,佐匹克隆咪达唑仑唑吡坦,未匹配说明书,P1扩展条目来自国家基本药物目录；具体适应症/剂量/禁忌需说明书二核。；39药品通未匹配到候选，需CDE/NMPA/原厂说明书检索。,《国家基本药物目录（2018年版）》第一部分 化学药品和生物制品，国家卫生健康委员会，PDF页码 P.35,138
193,P1,国家基本药物目录扩展,咪达唑仑唑吡坦（一）抗心绞痛药,未匹配说明书,P1扩展条目来自国家基本药物目录；具体适应症/剂量/禁忌需说明书二核。；39药品通未匹配到候选，需CDE/NMPA/原厂说明书检索。,《国家基本药物目录（2018年版）》第一部分 化学药品和生物制品，国家卫生健康委员会，PDF页码 P.35,139
194,P1,国家基本药物目录扩展,唑吡坦（一）抗心绞痛药硝酸甘油,未匹配说明书,P1扩展条目来自国家基本药物目录；具体适应症/剂量/禁忌需说明书二核。；39药品通未匹配到候选，需CDE/NMPA/原厂说明书检索。,《国家基本药物目录（2018年版）》第一部分 化学药品和生物制品，国家卫生健康委员会，PDF页码 P.35,140
195,P1,国家基本药物目录扩展,硝酸甘油,未匹配说明书,P1扩展条目来自国家基本药物目录；具体适应症/剂量/禁忌需说明书二核。；39药品通未匹配到候选，需CDE/NMPA/原厂说明书检索。,《国家基本药物目录（2018年版）》第一部分 化学药品和生物制品，国家卫生健康委员会，PDF页码 P.35,141
196,P1,国家基本药物目录扩展,硝酸异山梨酯,未匹配说明书,P1扩展条目来自国家基本药物目录；具体适应症/剂量/禁忌需说明书二核。；39药品通未匹配到候选，需CDE/NMPA/原厂说明书检索。,《国家基本药物目录（2018年版）》第一部分 化学药品和生物制品，国家卫生健康委员会，PDF页码 P.35,142
197,P1,国家基本药物目录扩展,单硝酸异山梨酯,未匹配说明书,P1扩展条目来自国家基本药物目录；具体适应症/剂量/禁忌需说明书二核。；39药品通未匹配到候选，需CDE/NMPA/原厂说明书检索。,《国家基本药物目录（2018年版）》第一部分 化学药品和生物制品，国家卫生健康委员会，PDF页码 P.35,143
198,P1,心血管/降压,硝苯地平地尔硫尼可地尔,未匹配说明书,P1扩展条目来自国家基本药物目录；具体适应症/剂量/禁忌需说明书二核。；39药品通未匹配到候选，需CDE/NMPA/原厂说明书检索。,《国家基本药物目录（2018年版）》第一部分 化学药品和生物制品，国家卫生健康委员会，PDF页码 P.36,144
199,P1,国家基本药物目录扩展,地尔硫尼可地尔,未匹配说明书,P1扩展条目来自国家基本药物目录；具体适应症/剂量/禁忌需说明书二核。；39药品通未匹配到候选，需CDE/NMPA/原厂说明书检索。,《国家基本药物目录（2018年版）》第一部分 化学药品和生物制品，国家卫生健康委员会，PDF页码 P.36,145
200,P1,国家基本药物目录扩展,尼可地尔,未匹配说明书,P1扩展条目来自国家基本药物目录；具体适应症/剂量/禁忌需说明书二核。；39药品通未匹配到候选，需CDE/NMPA/原厂说明书检索。,《国家基本药物目录（2018年版）》第一部分 化学药品和生物制品，国家卫生健康委员会，PDF页码 P.36,146
201,P1,国家基本药物目录扩展,美西律普罗帕酮,未匹配说明书,P1扩展条目来自国家基本药物目录；具体适应症/剂量/禁忌需说明书二核。；39药品通未匹配到候选，需CDE/NMPA/原厂说明书检索。,《国家基本药物目录（2018年版）》第一部分 化学药品和生物制品，国家卫生健康委员会，PDF页码 P.36,147
202,P1,国家基本药物目录扩展,普罗帕酮,未匹配说明书,P1扩展条目来自国家基本药物目录；具体适应症/剂量/禁忌需说明书二核。；39药品通未匹配到候选，需CDE/NMPA/原厂说明书检索。,《国家基本药物目录（2018年版）》第一部分 化学药品和生物制品，国家卫生健康委员会，PDF页码 P.36,148
203,P1,心血管/降压,普萘洛尔阿替洛尔美托洛尔,未匹配说明书,P1扩展条目来自国家基本药物目录；具体适应症/剂量/禁忌需说明书二核。；39药品通未匹配到候选，需CDE/NMPA/原厂说明书检索。,《国家基本药物目录（2018年版）》第一部分 化学药品和生物制品，国家卫生健康委员会，PDF页码 P.36,149
204,P1,心血管/降压,阿替洛尔美托洛尔,未匹配说明书,P1扩展条目来自国家基本药物目录；具体适应症/剂量/禁忌需说明书二核。；39药品通未匹配到候选，需CDE/NMPA/原厂说明书检索。,《国家基本药物目录（2018年版）》第一部分 化学药品和生物制品，国家卫生健康委员会，PDF页码 P.36,150
205,P1,国家基本药物目录扩展,艾司洛尔,未匹配说明书,P1扩展条目来自国家基本药物目录；具体适应症/剂量/禁忌需说明书二核。；39药品通未匹配到候选，需CDE/NMPA/原厂说明书检索。,《国家基本药物目录（2018年版）》第一部分 化学药品和生物制品，国家卫生健康委员会，PDF页码 P.36,152
206,P1,国家基本药物目录扩展,索他洛尔,未匹配说明书,P1扩展条目来自国家基本药物目录；具体适应症/剂量/禁忌需说明书二核。；39药品通未匹配到候选，需CDE/NMPA/原厂说明书检索。,《国家基本药物目录（2018年版）》第一部分 化学药品和生物制品，国家卫生健康委员会，PDF页码 P.36,153
207,P1,国家基本药物目录扩展,胺碘酮,未匹配说明书,P1扩展条目来自国家基本药物目录；具体适应症/剂量/禁忌需说明书二核。；39药品通未匹配到候选，需CDE/NMPA/原厂说明书检索。,《国家基本药物目录（2018年版）》第一部分 化学药品和生物制品，国家卫生健康委员会，PDF页码 P.36,154
208,P1,国家基本药物目录扩展,维拉帕米,未匹配说明书,P1扩展条目来自国家基本药物目录；具体适应症/剂量/禁忌需说明书二核。；39药品通未匹配到候选，需CDE/NMPA/原厂说明书检索。,《国家基本药物目录（2018年版）》第一部分 化学药品和生物制品，国家卫生健康委员会，PDF页码 P.37,155
209,P1,国家基本药物目录扩展,伊布利特,未匹配说明书,P1扩展条目来自国家基本药物目录；具体适应症/剂量/禁忌需说明书二核。；39药品通未匹配到候选，需CDE/NMPA/原厂说明书检索。,《国家基本药物目录（2018年版）》第一部分 化学药品和生物制品，国家卫生健康委员会，PDF页码 P.37,156
210,P1,国家基本药物目录扩展,莫雷西嗪,未匹配说明书,P1扩展条目来自国家基本药物目录；具体适应症/剂量/禁忌需说明书二核。；39药品通未匹配到候选，需CDE/NMPA/原厂说明书检索。,《国家基本药物目录（2018年版）》第一部分 化学药品和生物制品，国家卫生健康委员会，PDF页码 P.37,157
211,P1,国家基本药物目录扩展,地高辛,未匹配说明书,P1扩展条目来自国家基本药物目录；具体适应症/剂量/禁忌需说明书二核。；39药品通未匹配到候选，需CDE/NMPA/原厂说明书检索。,《国家基本药物目录（2018年版）》第一部分 化学药品和生物制品，国家卫生健康委员会，PDF页码 P.37,158
212,P1,国家基本药物目录扩展,去乙酰毛花苷伊伐布雷定,未匹配说明书,P1扩展条目来自国家基本药物目录；具体适应症/剂量/禁忌需说明书二核。；39药品通未匹配到候选，需CDE/NMPA/原厂说明书检索。,《国家基本药物目录（2018年版）》第一部分 化学药品和生物制品，国家卫生健康委员会，PDF页码 P.37,159
213,P1,国家基本药物目录扩展,伊伐布雷定,未匹配说明书,P1扩展条目来自国家基本药物目录；具体适应症/剂量/禁忌需说明书二核。；39药品通未匹配到候选，需CDE/NMPA/原厂说明书检索。,《国家基本药物目录（2018年版）》第一部分 化学药品和生物制品，国家卫生健康委员会，PDF页码 P.37,160
214,P1,心血管/降压,卡托普利依那普利赖诺普利,未匹配说明书,P1扩展条目来自国家基本药物目录；具体适应症/剂量/禁忌需说明书二核。；39药品通未匹配到候选，需CDE/NMPA/原厂说明书检索。,《国家基本药物目录（2018年版）》第一部分 化学药品和生物制品，国家卫生健康委员会，PDF页码 P.37,161
215,P1,心血管/降压,依那普利赖诺普利,未匹配说明书,P1扩展条目来自国家基本药物目录；具体适应症/剂量/禁忌需说明书二核。；39药品通未匹配到候选，需CDE/NMPA/原厂说明书检索。,《国家基本药物目录（2018年版）》第一部分 化学药品和生物制品，国家卫生健康委员会，PDF页码 P.37,162
216,P1,国家基本药物目录扩展,赖诺普利,未匹配说明书,P1扩展条目来自国家基本药物目录；具体适应症/剂量/禁忌需说明书二核。；39药品通未匹配到候选，需CDE/NMPA/原厂说明书检索。,《国家基本药物目录（2018年版）》第一部分 化学药品和生物制品，国家卫生健康委员会，PDF页码 P.37,163
217,P1,心血管/降压,缬沙坦缬沙坦氨氯地平,未匹配说明书,P1扩展条目来自国家基本药物目录；具体适应症/剂量/禁忌需说明书二核。；39药品通未匹配到候选，需CDE/NMPA/原厂说明书检索。,《国家基本药物目录（2018年版）》第一部分 化学药品和生物制品，国家卫生健康委员会，PDF页码 P.38,164
218,P1,心血管/降压,缬沙坦氨氯地平,未匹配说明书,P1扩展条目来自国家基本药物目录；具体适应症/剂量/禁忌需说明书二核。；39药品通未匹配到候选，需CDE/NMPA/原厂说明书检索。,《国家基本药物目录（2018年版）》第一部分 化学药品和生物制品，国家卫生健康委员会，PDF页码 P.38,165
219,P1,心血管/降压,硝普钠硫酸镁尼群地平,未匹配说明书,P1扩展条目来自国家基本药物目录；具体适应症/剂量/禁忌需说明书二核。；39药品通未匹配到候选，需CDE/NMPA/原厂说明书检索。,《国家基本药物目录（2018年版）》第一部分 化学药品和生物制品，国家卫生健康委员会，PDF页码 P.38,166
220,P1,心血管/降压,硫酸镁尼群地平硝苯地平,未匹配说明书,P1扩展条目来自国家基本药物目录；具体适应症/剂量/禁忌需说明书二核。；39药品通未匹配到候选，需CDE/NMPA/原厂说明书检索。,《国家基本药物目录（2018年版）》第一部分 化学药品和生物制品，国家卫生健康委员会，PDF页码 P.38,167
221,P1,心血管/降压,尼群地平硝苯地平,未匹配说明书,P1扩展条目来自国家基本药物目录；具体适应症/剂量/禁忌需说明书二核。；39药品通未匹配到候选，需CDE/NMPA/原厂说明书检索。,《国家基本药物目录（2018年版）》第一部分 化学药品和生物制品，国家卫生健康委员会，PDF页码 P.38,168
222,P1,国家基本药物目录扩展,非洛地平,未匹配说明书,P1扩展条目来自国家基本药物目录；具体适应症/剂量/禁忌需说明书二核。；39药品通未匹配到候选，需CDE/NMPA/原厂说明书检索。,《国家基本药物目录（2018年版）》第一部分 化学药品和生物制品，国家卫生健康委员会，PDF页码 P.38,169
223,P1,心血管/降压,氨氯地平左氨氯地平,未匹配说明书,P1扩展条目来自国家基本药物目录；具体适应症/剂量/禁忌需说明书二核。；39药品通未匹配到候选，需CDE/NMPA/原厂说明书检索。,《国家基本药物目录（2018年版）》第一部分 化学药品和生物制品，国家卫生健康委员会，PDF页码 P.38,170
224,P1,心血管/降压,左氨氯地平,未匹配说明书,P1扩展条目来自国家基本药物目录；具体适应症/剂量/禁忌需说明书二核。；39药品通未匹配到候选，需CDE/NMPA/原厂说明书检索。,《国家基本药物目录（2018年版）》第一部分 化学药品和生物制品，国家卫生健康委员会，PDF页码 P.38,171
225,P1,心血管/降压,比索洛尔拉贝洛尔,未匹配说明书,P1扩展条目来自国家基本药物目录；具体适应症/剂量/禁忌需说明书二核。；39药品通未匹配到候选，需CDE/NMPA/原厂说明书检索。,《国家基本药物目录（2018年版）》第一部分 化学药品和生物制品，国家卫生健康委员会，PDF页码 P.38,172
226,P1,国家基本药物目录扩展,乌拉地尔,未匹配说明书,P1扩展条目来自国家基本药物目录；具体适应症/剂量/禁忌需说明书二核。；39药品通未匹配到候选，需CDE/NMPA/原厂说明书检索。,《国家基本药物目录（2018年版）》第一部分 化学药品和生物制品，国家卫生健康委员会，PDF页码 P.38,174
227,P1,心血管/降压,吲达帕胺,未匹配说明书,P1扩展条目来自国家基本药物目录；具体适应症/剂量/禁忌需说明书二核。；39药品通未匹配到候选，需CDE/NMPA/原厂说明书检索。,《国家基本药物目录（2018年版）》第一部分 化学药品和生物制品，国家卫生健康委员会，PDF页码 P.39,175
228,P1,国家基本药物目录扩展,酚妥拉明,未匹配说明书,P1扩展条目来自国家基本药物目录；具体适应症/剂量/禁忌需说明书二核。；39药品通未匹配到候选，需CDE/NMPA/原厂说明书检索。,《国家基本药物目录（2018年版）》第一部分 化学药品和生物制品，国家卫生健康委员会，PDF页码 P.39,176
229,P1,国家基本药物目录扩展,哌唑嗪波生坦,未匹配说明书,P1扩展条目来自国家基本药物目录；具体适应症/剂量/禁忌需说明书二核。；39药品通未匹配到候选，需CDE/NMPA/原厂说明书检索。,《国家基本药物目录（2018年版）》第一部分 化学药品和生物制品，国家卫生健康委员会，PDF页码 P.39,177
230,P1,国家基本药物目录扩展,波生坦,未匹配说明书,P1扩展条目来自国家基本药物目录；具体适应症/剂量/禁忌需说明书二核。；39药品通未匹配到候选，需CDE/NMPA/原厂说明书检索。,《国家基本药物目录（2018年版）》第一部分 化学药品和生物制品，国家卫生健康委员会，PDF页码 P.39,178
231,P1,国家基本药物目录扩展,肾上腺素去甲肾上腺素异丙肾上腺素,未匹配说明书,P1扩展条目来自国家基本药物目录；具体适应症/剂量/禁忌需说明书二核。；39药品通未匹配到候选，需CDE/NMPA/原厂说明书检索。,《国家基本药物目录（2018年版）》第一部分 化学药品和生物制品，国家卫生健康委员会，PDF页码 P.39,179
232,P1,国家基本药物目录扩展,去甲肾上腺素异丙肾上腺素间羟胺,未匹配说明书,P1扩展条目来自国家基本药物目录；具体适应症/剂量/禁忌需说明书二核。；39药品通未匹配到候选，需CDE/NMPA/原厂说明书检索。,《国家基本药物目录（2018年版）》第一部分 化学药品和生物制品，国家卫生健康委员会，PDF页码 P.39,180
233,P1,国家基本药物目录扩展,异丙肾上腺素间羟胺多巴胺,未匹配说明书,P1扩展条目来自国家基本药物目录；具体适应症/剂量/禁忌需说明书二核。；39药品通未匹配到候选，需CDE/NMPA/原厂说明书检索。,《国家基本药物目录（2018年版）》第一部分 化学药品和生物制品，国家卫生健康委员会，PDF页码 P.39,181
234,P1,国家基本药物目录扩展,间羟胺多巴胺多巴酚丁胺（六）调脂及抗动脉粥样硬化药,未匹配说明书,P1扩展条目来自国家基本药物目录；具体适应症/剂量/禁忌需说明书二核。；39药品通未匹配到候选，需CDE/NMPA/原厂说明书检索。,《国家基本药物目录（2018年版）》第一部分 化学药品和生物制品，国家卫生健康委员会，PDF页码 P.39,182
235,P1,调脂,多巴胺多巴酚丁胺（六）调脂及抗动脉粥样硬化药辛伐他汀,未匹配说明书,P1扩展条目来自国家基本药物目录；具体适应症/剂量/禁忌需说明书二核。；39药品通未匹配到候选，需CDE/NMPA/原厂说明书检索。,《国家基本药物目录（2018年版）》第一部分 化学药品和生物制品，国家卫生健康委员会，PDF页码 P.39,183
236,P1,调脂,多巴酚丁胺（六）调脂及抗动脉粥样硬化药辛伐他汀,未匹配说明书,P1扩展条目来自国家基本药物目录；具体适应症/剂量/禁忌需说明书二核。；39药品通未匹配到候选，需CDE/NMPA/原厂说明书检索。,《国家基本药物目录（2018年版）》第一部分 化学药品和生物制品，国家卫生健康委员会，PDF页码 P.39,184
237,P1,调脂,辛伐他汀,未匹配说明书,P1扩展条目来自国家基本药物目录；具体适应症/剂量/禁忌需说明书二核。；39药品通未匹配到候选，需CDE/NMPA/原厂说明书检索。,《国家基本药物目录（2018年版）》第一部分 化学药品和生物制品，国家卫生健康委员会，PDF页码 P.39,185
238,P1,国家基本药物目录扩展,非诺贝特,未匹配说明书,P1扩展条目来自国家基本药物目录；具体适应症/剂量/禁忌需说明书二核。；39药品通未匹配到候选，需CDE/NMPA/原厂说明书检索。,《国家基本药物目录（2018年版）》第一部分 化学药品和生物制品，国家卫生健康委员会，PDF页码 P.40,188
239,P1,国家基本药物目录扩展,溴己新氨溴索,未匹配说明书,P1扩展条目来自国家基本药物目录；具体适应症/剂量/禁忌需说明书二核。；39药品通未匹配到候选，需CDE/NMPA/原厂说明书检索。,《国家基本药物目录（2018年版）》第一部分 化学药品和生物制品，国家卫生健康委员会，PDF页码 P.40,189
240,P1,国家基本药物目录扩展,氨溴索,未匹配说明书,P1扩展条目来自国家基本药物目录；具体适应症/剂量/禁忌需说明书二核。；39药品通未匹配到候选，需CDE/NMPA/原厂说明书检索。,《国家基本药物目录（2018年版）》第一部分 化学药品和生物制品，国家卫生健康委员会，PDF页码 P.40,190
241,P1,国家基本药物目录扩展,桉柠蒎,未匹配说明书,P1扩展条目来自国家基本药物目录；具体适应症/剂量/禁忌需说明书二核。；39药品通未匹配到候选，需CDE/NMPA/原厂说明书检索。,《国家基本药物目录（2018年版）》第一部分 化学药品和生物制品，国家卫生健康委员会，PDF页码 P.40,191
242,P1,呼吸,羧甲司坦,未匹配说明书,P1扩展条目来自国家基本药物目录；具体适应症/剂量/禁忌需说明书二核。；39药品通未匹配到候选，需CDE/NMPA/原厂说明书检索。,《国家基本药物目录（2018年版）》第一部分 化学药品和生物制品，国家卫生健康委员会，PDF页码 P.40,192
243,P1,呼吸,乙酰半胱氨酸,未匹配说明书,P1扩展条目来自国家基本药物目录；具体适应症/剂量/禁忌需说明书二核。；39药品通未匹配到候选，需CDE/NMPA/原厂说明书检索。,《国家基本药物目录（2018年版）》第一部分 化学药品和生物制品，国家卫生健康委员会，PDF页码 P.40,193
244,P1,国家基本药物目录扩展,复方甘草Compound Liquorice 片剂、口服溶液剂喷托维林可待因（三）平 喘 药,未匹配说明书,P1扩展条目来自国家基本药物目录；具体适应症/剂量/禁忌需说明书二核。；39药品通未匹配到候选，需CDE/NMPA/原厂说明书检索。,《国家基本药物目录（2018年版）》第一部分 化学药品和生物制品，国家卫生健康委员会，PDF页码 P.41,194
245,P1,呼吸,喷托维林可待因（三）平 喘 药氨茶碱,未匹配说明书,P1扩展条目来自国家基本药物目录；具体适应症/剂量/禁忌需说明书二核。；39药品通未匹配到候选，需CDE/NMPA/原厂说明书检索。,《国家基本药物目录（2018年版）》第一部分 化学药品和生物制品，国家卫生健康委员会，PDF页码 P.41,195
246,P1,呼吸,可待因（三）平 喘 药氨茶碱,未匹配说明书,P1扩展条目来自国家基本药物目录；具体适应症/剂量/禁忌需说明书二核。；39药品通未匹配到候选，需CDE/NMPA/原厂说明书检索。,《国家基本药物目录（2018年版）》第一部分 化学药品和生物制品，国家卫生健康委员会，PDF页码 P.41,196
247,P1,呼吸,氨茶碱,未匹配说明书,P1扩展条目来自国家基本药物目录；具体适应症/剂量/禁忌需说明书二核。；39药品通未匹配到候选，需CDE/NMPA/原厂说明书检索。,《国家基本药物目录（2018年版）》第一部分 化学药品和生物制品，国家卫生健康委员会，PDF页码 P.41,197
248,P1,呼吸,茶碱沙丁胺醇,未匹配说明书,P1扩展条目来自国家基本药物目录；具体适应症/剂量/禁忌需说明书二核。；39药品通未匹配到候选，需CDE/NMPA/原厂说明书检索。,《国家基本药物目录（2018年版）》第一部分 化学药品和生物制品，国家卫生健康委员会，PDF页码 P.41,198
249,P1,呼吸,异丙托溴铵噻托溴铵,未匹配说明书,P1扩展条目来自国家基本药物目录；具体适应症/剂量/禁忌需说明书二核。；39药品通未匹配到候选，需CDE/NMPA/原厂说明书检索。,《国家基本药物目录（2018年版）》第一部分 化学药品和生物制品，国家卫生健康委员会，PDF页码 P.41,200
250,P1,国家基本药物目录扩展,丙酸氟替卡松,未匹配说明书,P1扩展条目来自国家基本药物目录；具体适应症/剂量/禁忌需说明书二核。；39药品通未匹配到候选，需CDE/NMPA/原厂说明书检索。,《国家基本药物目录（2018年版）》第一部分 化学药品和生物制品，国家卫生健康委员会，PDF页码 P.42,202
251,P1,呼吸,布地奈德福莫特罗,未匹配说明书,P1扩展条目来自国家基本药物目录；具体适应症/剂量/禁忌需说明书二核。；39药品通未匹配到候选，需CDE/NMPA/原厂说明书检索。,《国家基本药物目录（2018年版）》第一部分 化学药品和生物制品，国家卫生健康委员会，PDF页码 P.42,204
252,P1,国家基本药物目录扩展,复方氢氧化铝,未匹配说明书,P1扩展条目来自国家基本药物目录；具体适应症/剂量/禁忌需说明书二核。；39药品通未匹配到候选，需CDE/NMPA/原厂说明书检索。,《国家基本药物目录（2018年版）》第一部分 化学药品和生物制品，国家卫生健康委员会，PDF页码 P.42,205
253,P1,国家基本药物目录扩展,雷尼替丁,未匹配说明书,P1扩展条目来自国家基本药物目录；具体适应症/剂量/禁忌需说明书二核。；39药品通未匹配到候选，需CDE/NMPA/原厂说明书检索。,《国家基本药物目录（2018年版）》第一部分 化学药品和生物制品，国家卫生健康委员会，PDF页码 P.42,206
254,P1,国家基本药物目录扩展,法莫替丁,未匹配说明书,P1扩展条目来自国家基本药物目录；具体适应症/剂量/禁忌需说明书二核。；39药品通未匹配到候选，需CDE/NMPA/原厂说明书检索。,《国家基本药物目录（2018年版）》第一部分 化学药品和生物制品，国家卫生健康委员会，PDF页码 P.42,207
255,P1,消化,胶体果胶铋铝碳酸镁,未匹配说明书,P1扩展条目来自国家基本药物目录；具体适应症/剂量/禁忌需说明书二核。；39药品通未匹配到候选，需CDE/NMPA/原厂说明书检索。,《国家基本药物目录（2018年版）》第一部分 化学药品和生物制品，国家卫生健康委员会，PDF页码 P.43,210
256,P1,国家基本药物目录扩展,铝碳酸镁,未匹配说明书,P1扩展条目来自国家基本药物目录；具体适应症/剂量/禁忌需说明书二核。；39药品通未匹配到候选，需CDE/NMPA/原厂说明书检索。,《国家基本药物目录（2018年版）》第一部分 化学药品和生物制品，国家卫生健康委员会，PDF页码 P.43,211
257,P1,国家基本药物目录扩展,乳酶生（三）胃肠解痉药及胃动力药颠茄山莨菪碱,未匹配说明书,P1扩展条目来自国家基本药物目录；具体适应症/剂量/禁忌需说明书二核。；39药品通未匹配到候选，需CDE/NMPA/原厂说明书检索。,《国家基本药物目录（2018年版）》第一部分 化学药品和生物制品，国家卫生健康委员会，PDF页码 P.43,212
258,P1,国家基本药物目录扩展,颠茄山莨菪碱,未匹配说明书,P1扩展条目来自国家基本药物目录；具体适应症/剂量/禁忌需说明书二核。；39药品通未匹配到候选，需CDE/NMPA/原厂说明书检索。,《国家基本药物目录（2018年版）》第一部分 化学药品和生物制品，国家卫生健康委员会，PDF页码 P.43,213
259,P1,国家基本药物目录扩展,山莨菪碱,未匹配说明书,P1扩展条目来自国家基本药物目录；具体适应症/剂量/禁忌需说明书二核。；39药品通未匹配到候选，需CDE/NMPA/原厂说明书检索。,《国家基本药物目录（2018年版）》第一部分 化学药品和生物制品，国家卫生健康委员会，PDF页码 P.43,214
260,P1,国家基本药物目录扩展,阿托品,未匹配说明书,P1扩展条目来自国家基本药物目录；具体适应症/剂量/禁忌需说明书二核。；39药品通未匹配到候选，需CDE/NMPA/原厂说明书检索。,《国家基本药物目录（2018年版）》第一部分 化学药品和生物制品，国家卫生健康委员会，PDF页码 P.43,215
261,P1,消化,多潘立酮甲氧氯普胺,未匹配说明书,P1扩展条目来自国家基本药物目录；具体适应症/剂量/禁忌需说明书二核。；39药品通未匹配到候选，需CDE/NMPA/原厂说明书检索。,《国家基本药物目录（2018年版）》第一部分 化学药品和生物制品，国家卫生健康委员会，PDF页码 P.44,216
262,P1,消化,甲氧氯普胺,未匹配说明书,P1扩展条目来自国家基本药物目录；具体适应症/剂量/禁忌需说明书二核。；39药品通未匹配到候选，需CDE/NMPA/原厂说明书检索。,《国家基本药物目录（2018年版）》第一部分 化学药品和生物制品，国家卫生健康委员会，PDF页码 P.44,217
263,P1,国家基本药物目录扩展,匹维溴铵,未匹配说明书,P1扩展条目来自国家基本药物目录；具体适应症/剂量/禁忌需说明书二核。；39药品通未匹配到候选，需CDE/NMPA/原厂说明书检索。,《国家基本药物目录（2018年版）》第一部分 化学药品和生物制品，国家卫生健康委员会，PDF页码 P.44,219
264,P1,消化,开塞露（含甘油、山梨醇）,未匹配说明书,P1扩展条目来自国家基本药物目录；具体适应症/剂量/禁忌需说明书二核。；39药品通未匹配到候选，需CDE/NMPA/原厂说明书检索。,《国家基本药物目录（2018年版）》第一部分 化学药品和生物制品，国家卫生健康委员会，PDF页码 P.44,220
265,P1,消化,乳果糖,未匹配说明书,P1扩展条目来自国家基本药物目录；具体适应症/剂量/禁忌需说明书二核。；39药品通未匹配到候选，需CDE/NMPA/原厂说明书检索。,《国家基本药物目录（2018年版）》第一部分 化学药品和生物制品，国家卫生健康委员会，PDF页码 P.44,221
266,P1,国家基本药物目录扩展,洛哌丁胺,未匹配说明书,P1扩展条目来自国家基本药物目录；具体适应症/剂量/禁忌需说明书二核。；39药品通未匹配到候选，需CDE/NMPA/原厂说明书检索。,《国家基本药物目录（2018年版）》第一部分 化学药品和生物制品，国家卫生健康委员会，PDF页码 P.44,222
267,P1,消化,蒙脱石聚乙二醇Macrogol 散剂（五）肝病辅助治疗药联苯双酯,未匹配说明书,P1扩展条目来自国家基本药物目录；具体适应症/剂量/禁忌需说明书二核。；39药品通未匹配到候选，需CDE/NMPA/原厂说明书检索。,《国家基本药物目录（2018年版）》第一部分 化学药品和生物制品，国家卫生健康委员会，PDF页码 P.44,223
268,P1,国家基本药物目录扩展,聚乙二醇Macrogol 散剂（五）肝病辅助治疗药联苯双酯,未匹配说明书,P1扩展条目来自国家基本药物目录；具体适应症/剂量/禁忌需说明书二核。；39药品通未匹配到候选，需CDE/NMPA/原厂说明书检索。,《国家基本药物目录（2018年版）》第一部分 化学药品和生物制品，国家卫生健康委员会，PDF页码 P.44,224
269,P1,国家基本药物目录扩展,联苯双酯,未匹配说明书,P1扩展条目来自国家基本药物目录；具体适应症/剂量/禁忌需说明书二核。；39药品通未匹配到候选，需CDE/NMPA/原厂说明书检索。,《国家基本药物目录（2018年版）》第一部分 化学药品和生物制品，国家卫生健康委员会，PDF页码 P.44,225
270,P1,国家基本药物目录扩展,甘草酸二铵,未匹配说明书,P1扩展条目来自国家基本药物目录；具体适应症/剂量/禁忌需说明书二核。；39药品通未匹配到候选，需CDE/NMPA/原厂说明书检索。,《国家基本药物目录（2018年版）》第一部分 化学药品和生物制品，国家卫生健康委员会，PDF页码 P.45,227
271,P1,国家基本药物目录扩展,地衣芽孢杆菌活菌,未匹配说明书,P1扩展条目来自国家基本药物目录；具体适应症/剂量/禁忌需说明书二核。；39药品通未匹配到候选，需CDE/NMPA/原厂说明书检索。,《国家基本药物目录（2018年版）》第一部分 化学药品和生物制品，国家卫生健康委员会，PDF页码 P.45,229
272,P1,国家基本药物目录扩展,双歧杆菌三联活菌,未匹配说明书,P1扩展条目来自国家基本药物目录；具体适应症/剂量/禁忌需说明书二核。；39药品通未匹配到候选，需CDE/NMPA/原厂说明书检索。,《国家基本药物目录（2018年版）》第一部分 化学药品和生物制品，国家卫生健康委员会，PDF页码 P.45,230
273,P1,国家基本药物目录扩展,枯草杆菌二联活菌,未匹配说明书,P1扩展条目来自国家基本药物目录；具体适应症/剂量/禁忌需说明书二核。；39药品通未匹配到候选，需CDE/NMPA/原厂说明书检索。,《国家基本药物目录（2018年版）》第一部分 化学药品和生物制品，国家卫生健康委员会，PDF页码 P.45,231
274,P1,国家基本药物目录扩展,熊去氧胆酸,未匹配说明书,P1扩展条目来自国家基本药物目录；具体适应症/剂量/禁忌需说明书二核。；39药品通未匹配到候选，需CDE/NMPA/原厂说明书检索。,《国家基本药物目录（2018年版）》第一部分 化学药品和生物制品，国家卫生健康委员会，PDF页码 P.45,232
275,P1,国家基本药物目录扩展,柳氮磺吡啶,未匹配说明书,P1扩展条目来自国家基本药物目录；具体适应症/剂量/禁忌需说明书二核。；39药品通未匹配到候选，需CDE/NMPA/原厂说明书检索。,《国家基本药物目录（2018年版）》第一部分 化学药品和生物制品，国家卫生健康委员会，PDF页码 P.46,233
276,P1,国家基本药物目录扩展,非那雄胺,未匹配说明书,P1扩展条目来自国家基本药物目录；具体适应症/剂量/禁忌需说明书二核。；39药品通未匹配到候选，需CDE/NMPA/原厂说明书检索。,《国家基本药物目录（2018年版）》第一部分 化学药品和生物制品，国家卫生健康委员会，PDF页码 P.47,241
277,P1,国家基本药物目录扩展,腹膜透析液Peritoneal Dialysis Solution （乳酸盐）注射液（腹腔用药）（一）抗 贫 血 药硫酸亚铁,未匹配说明书,P1扩展条目来自国家基本药物目录；具体适应症/剂量/禁忌需说明书二核。；39药品通未匹配到候选，需CDE/NMPA/原厂说明书检索。,《国家基本药物目录（2018年版）》第一部分 化学药品和生物制品，国家卫生健康委员会，PDF页码 P.47,242
278,P1,国家基本药物目录扩展,硫酸亚铁,未匹配说明书,P1扩展条目来自国家基本药物目录；具体适应症/剂量/禁忌需说明书二核。；39药品通未匹配到候选，需CDE/NMPA/原厂说明书检索。,《国家基本药物目录（2018年版）》第一部分 化学药品和生物制品，国家卫生健康委员会，PDF页码 P.47,243
279,P1,国家基本药物目录扩展,右旋糖酐铁,未匹配说明书,P1扩展条目来自国家基本药物目录；具体适应症/剂量/禁忌需说明书二核。；39药品通未匹配到候选，需CDE/NMPA/原厂说明书检索。,《国家基本药物目录（2018年版）》第一部分 化学药品和生物制品，国家卫生健康委员会，PDF页码 P.47,244
280,P1,国家基本药物目录扩展,琥珀酸亚铁维生素 B12叶酸,未匹配说明书,P1扩展条目来自国家基本药物目录；具体适应症/剂量/禁忌需说明书二核。；39药品通未匹配到候选，需CDE/NMPA/原厂说明书检索。,《国家基本药物目录（2018年版）》第一部分 化学药品和生物制品，国家卫生健康委员会，PDF页码 P.47,245
281,P1,国家基本药物目录扩展,维生素 B12叶酸腺苷钴胺,未匹配说明书,P1扩展条目来自国家基本药物目录；具体适应症/剂量/禁忌需说明书二核。；39药品通未匹配到候选，需CDE/NMPA/原厂说明书检索。,《国家基本药物目录（2018年版）》第一部分 化学药品和生物制品，国家卫生健康委员会，PDF页码 P.47,246
282,P1,国家基本药物目录扩展,叶酸腺苷钴胺,未匹配说明书,P1扩展条目来自国家基本药物目录；具体适应症/剂量/禁忌需说明书二核。；39药品通未匹配到候选，需CDE/NMPA/原厂说明书检索。,《国家基本药物目录（2018年版）》第一部分 化学药品和生物制品，国家卫生健康委员会，PDF页码 P.47,247
283,P1,国家基本药物目录扩展,腺苷钴胺,未匹配说明书,P1扩展条目来自国家基本药物目录；具体适应症/剂量/禁忌需说明书二核。；39药品通未匹配到候选，需CDE/NMPA/原厂说明书检索。,《国家基本药物目录（2018年版）》第一部分 化学药品和生物制品，国家卫生健康委员会，PDF页码 P.47,248
284,P1,国家基本药物目录扩展,甲钴胺,未匹配说明书,P1扩展条目来自国家基本药物目录；具体适应症/剂量/禁忌需说明书二核。；39药品通未匹配到候选，需CDE/NMPA/原厂说明书检索。,《国家基本药物目录（2018年版）》第一部分 化学药品和生物制品，国家卫生健康委员会，PDF页码 P.48,249
285,P1,国家基本药物目录扩展,重组人促红素（CHO 细胞）,未匹配说明书,P1扩展条目来自国家基本药物目录；具体适应症/剂量/禁忌需说明书二核。；39药品通未匹配到候选，需CDE/NMPA/原厂说明书检索。,《国家基本药物目录（2018年版）》第一部分 化学药品和生物制品，国家卫生健康委员会，PDF页码 P.48,250
286,P1,抗血栓,氯吡格雷吲哚布芬,未匹配说明书,P1扩展条目来自国家基本药物目录；具体适应症/剂量/禁忌需说明书二核。；39药品通未匹配到候选，需CDE/NMPA/原厂说明书检索。,《国家基本药物目录（2018年版）》第一部分 化学药品和生物制品，国家卫生健康委员会，PDF页码 P.48,251
287,P1,国家基本药物目录扩展,吲哚布芬,未匹配说明书,P1扩展条目来自国家基本药物目录；具体适应症/剂量/禁忌需说明书二核。；39药品通未匹配到候选，需CDE/NMPA/原厂说明书检索。,《国家基本药物目录（2018年版）》第一部分 化学药品和生物制品，国家卫生健康委员会，PDF页码 P.48,252
288,P1,国家基本药物目录扩展,凝血酶,未匹配说明书,P1扩展条目来自国家基本药物目录；具体适应症/剂量/禁忌需说明书二核。；39药品通未匹配到候选，需CDE/NMPA/原厂说明书检索。,《国家基本药物目录（2018年版）》第一部分 化学药品和生物制品，国家卫生健康委员会，PDF页码 P.48,254
289,P1,国家基本药物目录扩展,维生素 K1甲萘氢醌氨甲苯酸,未匹配说明书,P1扩展条目来自国家基本药物目录；具体适应症/剂量/禁忌需说明书二核。；39药品通未匹配到候选，需CDE/NMPA/原厂说明书检索。,《国家基本药物目录（2018年版）》第一部分 化学药品和生物制品，国家卫生健康委员会，PDF页码 P.48,255
290,P1,国家基本药物目录扩展,甲萘氢醌氨甲苯酸氨甲环酸,未匹配说明书,P1扩展条目来自国家基本药物目录；具体适应症/剂量/禁忌需说明书二核。；39药品通未匹配到候选，需CDE/NMPA/原厂说明书检索。,《国家基本药物目录（2018年版）》第一部分 化学药品和生物制品，国家卫生健康委员会，PDF页码 P.48,256
291,P1,国家基本药物目录扩展,氨甲苯酸氨甲环酸,未匹配说明书,P1扩展条目来自国家基本药物目录；具体适应症/剂量/禁忌需说明书二核。；39药品通未匹配到候选，需CDE/NMPA/原厂说明书检索。,《国家基本药物目录（2018年版）》第一部分 化学药品和生物制品，国家卫生健康委员会，PDF页码 P.48,257
292,P1,国家基本药物目录扩展,氨甲环酸,未匹配说明书,P1扩展条目来自国家基本药物目录；具体适应症/剂量/禁忌需说明书二核。；39药品通未匹配到候选，需CDE/NMPA/原厂说明书检索。,《国家基本药物目录（2018年版）》第一部分 化学药品和生物制品，国家卫生健康委员会，PDF页码 P.48,258
293,P1,抗血栓,鱼精蛋白260 血友病用药 注射用无菌粉末 注释 5（四）抗凝血药及溶栓药肝素,未匹配说明书,P1扩展条目来自国家基本药物目录；具体适应症/剂量/禁忌需说明书二核。；39药品通未匹配到候选，需CDE/NMPA/原厂说明书检索。,《国家基本药物目录（2018年版）》第一部分 化学药品和生物制品，国家卫生健康委员会，PDF页码 P.49,259
294,P1,抗血栓,肝素,未匹配说明书,P1扩展条目来自国家基本药物目录；具体适应症/剂量/禁忌需说明书二核。；39药品通未匹配到候选，需CDE/NMPA/原厂说明书检索。,《国家基本药物目录（2018年版）》第一部分 化学药品和生物制品，国家卫生健康委员会，PDF页码 P.49,261
295,P1,抗血栓,低分子量肝素Low Molecular Heparin 注射液华法林Warfarin 片剂 △尿激酶,未匹配说明书,P1扩展条目来自国家基本药物目录；具体适应症/剂量/禁忌需说明书二核。；39药品通未匹配到候选，需CDE/NMPA/原厂说明书检索。,《国家基本药物目录（2018年版）》第一部分 化学药品和生物制品，国家卫生健康委员会，PDF页码 P.49,262
296,P1,抗血栓,华法林Warfarin 片剂 △尿激酶达比加群酯,未匹配说明书,P1扩展条目来自国家基本药物目录；具体适应症/剂量/禁忌需说明书二核。；39药品通未匹配到候选，需CDE/NMPA/原厂说明书检索。,《国家基本药物目录（2018年版）》第一部分 化学药品和生物制品，国家卫生健康委员会，PDF页码 P.49,263
297,P1,抗血栓,尿激酶达比加群酯,未匹配说明书,P1扩展条目来自国家基本药物目录；具体适应症/剂量/禁忌需说明书二核。；39药品通未匹配到候选，需CDE/NMPA/原厂说明书检索。,《国家基本药物目录（2018年版）》第一部分 化学药品和生物制品，国家卫生健康委员会，PDF页码 P.49,264
298,P1,国家基本药物目录扩展,重组人组织型纤溶酶原激酶衍生物,未匹配说明书,P1扩展条目来自国家基本药物目录；具体适应症/剂量/禁忌需说明书二核。；39药品通未匹配到候选，需CDE/NMPA/原厂说明书检索。,《国家基本药物目录（2018年版）》第一部分 化学药品和生物制品，国家卫生健康委员会，PDF页码 P.49,267
299,P1,国家基本药物目录扩展,羟乙基淀粉 130/0.4,未匹配说明书,P1扩展条目来自国家基本药物目录；具体适应症/剂量/禁忌需说明书二核。；39药品通未匹配到候选，需CDE/NMPA/原厂说明书检索。,《国家基本药物目录（2018年版）》第一部分 化学药品和生物制品，国家卫生健康委员会，PDF页码 P.50,268
300,P1,国家基本药物目录扩展,绒促性素,未匹配说明书,P1扩展条目来自国家基本药物目录；具体适应症/剂量/禁忌需说明书二核。；39药品通未匹配到候选，需CDE/NMPA/原厂说明书检索。,《国家基本药物目录（2018年版）》第一部分 化学药品和生物制品，国家卫生健康委员会，PDF页码 P.50,269
301,P1,国家基本药物目录扩展,去氨加压素,未匹配说明书,P1扩展条目来自国家基本药物目录；具体适应症/剂量/禁忌需说明书二核。；39药品通未匹配到候选，需CDE/NMPA/原厂说明书检索。,《国家基本药物目录（2018年版）》第一部分 化学药品和生物制品，国家卫生健康委员会，PDF页码 P.50,270
302,P1,国家基本药物目录扩展,重组人生长激素,未匹配说明书,P1扩展条目来自国家基本药物目录；具体适应症/剂量/禁忌需说明书二核。；39药品通未匹配到候选，需CDE/NMPA/原厂说明书检索。,《国家基本药物目录（2018年版）》第一部分 化学药品和生物制品，国家卫生健康委员会，PDF页码 P.50,271
303,P1,激素,泼尼松甲泼尼龙,未匹配说明书,P1扩展条目来自国家基本药物目录；具体适应症/剂量/禁忌需说明书二核。；39药品通未匹配到候选，需CDE/NMPA/原厂说明书检索。,《国家基本药物目录（2018年版）》第一部分 化学药品和生物制品，国家卫生健康委员会，PDF页码 P.51,273
304,P1,内分泌,胰岛素,未匹配说明书,P1扩展条目来自国家基本药物目录；具体适应症/剂量/禁忌需说明书二核。；39药品通未匹配到候选，需CDE/NMPA/原厂说明书检索。,《国家基本药物目录（2018年版）》第一部分 化学药品和生物制品，国家卫生健康委员会，PDF页码 P.51,276
305,P1,内分泌,格列本脲格列吡嗪格列美脲,未匹配说明书,P1扩展条目来自国家基本药物目录；具体适应症/剂量/禁忌需说明书二核。；39药品通未匹配到候选，需CDE/NMPA/原厂说明书检索。,《国家基本药物目录（2018年版）》第一部分 化学药品和生物制品，国家卫生健康委员会，PDF页码 P.51,279
306,P1,内分泌,格列吡嗪格列美脲,未匹配说明书,P1扩展条目来自国家基本药物目录；具体适应症/剂量/禁忌需说明书二核。；39药品通未匹配到候选，需CDE/NMPA/原厂说明书检索。,《国家基本药物目录（2018年版）》第一部分 化学药品和生物制品，国家卫生健康委员会，PDF页码 P.51,280
307,P1,国家基本药物目录扩展,格列喹酮,未匹配说明书,P1扩展条目来自国家基本药物目录；具体适应症/剂量/禁忌需说明书二核。；39药品通未匹配到候选，需CDE/NMPA/原厂说明书检索。,《国家基本药物目录（2018年版）》第一部分 化学药品和生物制品，国家卫生健康委员会，PDF页码 P.52,282
308,P1,国家基本药物目录扩展,格列齐特,未匹配说明书,P1扩展条目来自国家基本药物目录；具体适应症/剂量/禁忌需说明书二核。；39药品通未匹配到候选，需CDE/NMPA/原厂说明书检索。,《国家基本药物目录（2018年版）》第一部分 化学药品和生物制品，国家卫生健康委员会，PDF页码 P.52,283
309,P1,内分泌,阿卡波糖达格列净,未匹配说明书,P1扩展条目来自国家基本药物目录；具体适应症/剂量/禁忌需说明书二核。；39药品通未匹配到候选，需CDE/NMPA/原厂说明书检索。,《国家基本药物目录（2018年版）》第一部分 化学药品和生物制品，国家卫生健康委员会，PDF页码 P.52,284
310,P1,国家基本药物目录扩展,瑞格列奈,未匹配说明书,P1扩展条目来自国家基本药物目录；具体适应症/剂量/禁忌需说明书二核。；39药品通未匹配到候选，需CDE/NMPA/原厂说明书检索。,《国家基本药物目录（2018年版）》第一部分 化学药品和生物制品，国家卫生健康委员会，PDF页码 P.52,287
311,P1,国家基本药物目录扩展,吡格列酮,未匹配说明书,P1扩展条目来自国家基本药物目录；具体适应症/剂量/禁忌需说明书二核。；39药品通未匹配到候选，需CDE/NMPA/原厂说明书检索。,《国家基本药物目录（2018年版）》第一部分 化学药品和生物制品，国家卫生健康委员会，PDF页码 P.52,288
312,P1,国家基本药物目录扩展,西格列汀,未匹配说明书,P1扩展条目来自国家基本药物目录；具体适应症/剂量/禁忌需说明书二核。；39药品通未匹配到候选，需CDE/NMPA/原厂说明书检索。,《国家基本药物目录（2018年版）》第一部分 化学药品和生物制品，国家卫生健康委员会，PDF页码 P.52,289
313,P1,国家基本药物目录扩展,利格列汀,未匹配说明书,P1扩展条目来自国家基本药物目录；具体适应症/剂量/禁忌需说明书二核。；39药品通未匹配到候选，需CDE/NMPA/原厂说明书检索。,《国家基本药物目录（2018年版）》第一部分 化学药品和生物制品，国家卫生健康委员会，PDF页码 P.52,290
314,P1,内分泌,甲状腺片左甲状腺素钠甲巯咪唑,未匹配说明书,P1扩展条目来自国家基本药物目录；具体适应症/剂量/禁忌需说明书二核。；39药品通未匹配到候选，需CDE/NMPA/原厂说明书检索。,《国家基本药物目录（2018年版）》第一部分 化学药品和生物制品，国家卫生健康委员会，PDF页码 P.52,291
315,P1,内分泌,左甲状腺素钠甲巯咪唑,未匹配说明书,P1扩展条目来自国家基本药物目录；具体适应症/剂量/禁忌需说明书二核。；39药品通未匹配到候选，需CDE/NMPA/原厂说明书检索。,《国家基本药物目录（2018年版）》第一部分 化学药品和生物制品，国家卫生健康委员会，PDF页码 P.52,292
316,P1,内分泌,丙硫氧嘧啶（五）抗甲状旁腺药西那卡塞,未匹配说明书,P1扩展条目来自国家基本药物目录；具体适应症/剂量/禁忌需说明书二核。；39药品通未匹配到候选，需CDE/NMPA/原厂说明书检索。,《国家基本药物目录（2018年版）》第一部分 化学药品和生物制品，国家卫生健康委员会，PDF页码 P.53,294
317,P1,国家基本药物目录扩展,西那卡塞,未匹配说明书,P1扩展条目来自国家基本药物目录；具体适应症/剂量/禁忌需说明书二核。；39药品通未匹配到候选，需CDE/NMPA/原厂说明书检索。,《国家基本药物目录（2018年版）》第一部分 化学药品和生物制品，国家卫生健康委员会，PDF页码 P.53,295
318,P1,国家基本药物目录扩展,丙酸睾酮十一酸睾酮,未匹配说明书,P1扩展条目来自国家基本药物目录；具体适应症/剂量/禁忌需说明书二核。；39药品通未匹配到候选，需CDE/NMPA/原厂说明书检索。,《国家基本药物目录（2018年版）》第一部分 化学药品和生物制品，国家卫生健康委员会，PDF页码 P.53,296
319,P1,国家基本药物目录扩展,十一酸睾酮,未匹配说明书,P1扩展条目来自国家基本药物目录；具体适应症/剂量/禁忌需说明书二核。；39药品通未匹配到候选，需CDE/NMPA/原厂说明书检索。,《国家基本药物目录（2018年版）》第一部分 化学药品和生物制品，国家卫生健康委员会，PDF页码 P.53,297
320,P1,妇产,黄体酮甲羟孕酮,未匹配说明书,P1扩展条目来自国家基本药物目录；具体适应症/剂量/禁忌需说明书二核。；39药品通未匹配到候选，需CDE/NMPA/原厂说明书检索。,《国家基本药物目录（2018年版）》第一部分 化学药品和生物制品，国家卫生健康委员会，PDF页码 P.53,298
321,P1,国家基本药物目录扩展,甲羟孕酮,未匹配说明书,P1扩展条目来自国家基本药物目录；具体适应症/剂量/禁忌需说明书二核。；39药品通未匹配到候选，需CDE/NMPA/原厂说明书检索。,《国家基本药物目录（2018年版）》第一部分 化学药品和生物制品，国家卫生健康委员会，PDF页码 P.53,299
322,P1,国家基本药物目录扩展,己烯雌酚尼尔雌醇（八）钙代谢调节药及抗骨质疏松药阿法骨化醇,未匹配说明书,P1扩展条目来自国家基本药物目录；具体适应症/剂量/禁忌需说明书二核。；39药品通未匹配到候选，需CDE/NMPA/原厂说明书检索。,《国家基本药物目录（2018年版）》第一部分 化学药品和生物制品，国家卫生健康委员会，PDF页码 P.53,300
323,P1,国家基本药物目录扩展,尼尔雌醇（八）钙代谢调节药及抗骨质疏松药阿法骨化醇,未匹配说明书,P1扩展条目来自国家基本药物目录；具体适应症/剂量/禁忌需说明书二核。；39药品通未匹配到候选，需CDE/NMPA/原厂说明书检索。,《国家基本药物目录（2018年版）》第一部分 化学药品和生物制品，国家卫生健康委员会，PDF页码 P.53,301
324,P1,国家基本药物目录扩展,阿法骨化醇,未匹配说明书,P1扩展条目来自国家基本药物目录；具体适应症/剂量/禁忌需说明书二核。；39药品通未匹配到候选，需CDE/NMPA/原厂说明书检索。,《国家基本药物目录（2018年版）》第一部分 化学药品和生物制品，国家卫生健康委员会，PDF页码 P.53,302
325,P1,国家基本药物目录扩展,维生素 D2,未匹配说明书,P1扩展条目来自国家基本药物目录；具体适应症/剂量/禁忌需说明书二核。；39药品通未匹配到候选，需CDE/NMPA/原厂说明书检索。,《国家基本药物目录（2018年版）》第一部分 化学药品和生物制品，国家卫生健康委员会，PDF页码 P.54,303
326,P1,国家基本药物目录扩展,氯苯那敏苯海拉明,未匹配说明书,P1扩展条目来自国家基本药物目录；具体适应症/剂量/禁忌需说明书二核。；39药品通未匹配到候选，需CDE/NMPA/原厂说明书检索。,《国家基本药物目录（2018年版）》第一部分 化学药品和生物制品，国家卫生健康委员会，PDF页码 P.54,305
327,P1,国家基本药物目录扩展,苯海拉明,未匹配说明书,P1扩展条目来自国家基本药物目录；具体适应症/剂量/禁忌需说明书二核。；39药品通未匹配到候选，需CDE/NMPA/原厂说明书检索。,《国家基本药物目录（2018年版）》第一部分 化学药品和生物制品，国家卫生健康委员会，PDF页码 P.54,306
328,P1,国家基本药物目录扩展,赛庚啶异丙嗪,未匹配说明书,P1扩展条目来自国家基本药物目录；具体适应症/剂量/禁忌需说明书二核。；39药品通未匹配到候选，需CDE/NMPA/原厂说明书检索。,《国家基本药物目录（2018年版）》第一部分 化学药品和生物制品，国家卫生健康委员会，PDF页码 P.54,307
329,P1,国家基本药物目录扩展,异丙嗪,未匹配说明书,P1扩展条目来自国家基本药物目录；具体适应症/剂量/禁忌需说明书二核。；39药品通未匹配到候选，需CDE/NMPA/原厂说明书检索。,《国家基本药物目录（2018年版）》第一部分 化学药品和生物制品，国家卫生健康委员会，PDF页码 P.54,308
330,P1,国家基本药物目录扩展,氯雷他定,未匹配说明书,P1扩展条目来自国家基本药物目录；具体适应症/剂量/禁忌需说明书二核。；39药品通未匹配到候选，需CDE/NMPA/原厂说明书检索。,《国家基本药物目录（2018年版）》第一部分 化学药品和生物制品，国家卫生健康委员会，PDF页码 P.54,309
331,P1,国家基本药物目录扩展,雷公藤多苷,未匹配说明书,P1扩展条目来自国家基本药物目录；具体适应症/剂量/禁忌需说明书二核。；39药品通未匹配到候选，需CDE/NMPA/原厂说明书检索。,《国家基本药物目录（2018年版）》第一部分 化学药品和生物制品，国家卫生健康委员会，PDF页码 P.54,310
332,P1,国家基本药物目录扩展,硫唑嘌呤环孢素Ciclosporin 胶囊、软胶囊、口服溶液剂 △吗替麦考酚酯,未匹配说明书,P1扩展条目来自国家基本药物目录；具体适应症/剂量/禁忌需说明书二核。；39药品通未匹配到候选，需CDE/NMPA/原厂说明书检索。,《国家基本药物目录（2018年版）》第一部分 化学药品和生物制品，国家卫生健康委员会，PDF页码 P.55,311
333,P1,国家基本药物目录扩展,环孢素Ciclosporin 胶囊、软胶囊、口服溶液剂 △吗替麦考酚酯,未匹配说明书,P1扩展条目来自国家基本药物目录；具体适应症/剂量/禁忌需说明书二核。；39药品通未匹配到候选，需CDE/NMPA/原厂说明书检索。,《国家基本药物目录（2018年版）》第一部分 化学药品和生物制品，国家卫生健康委员会，PDF页码 P.55,312
334,P1,国家基本药物目录扩展,吗替麦考酚酯,未匹配说明书,P1扩展条目来自国家基本药物目录；具体适应症/剂量/禁忌需说明书二核。；39药品通未匹配到候选，需CDE/NMPA/原厂说明书检索。,《国家基本药物目录（2018年版）》第一部分 化学药品和生物制品，国家卫生健康委员会，PDF页码 P.55,313
335,P1,国家基本药物目录扩展,司莫司汀环磷酰胺,未匹配说明书,P1扩展条目来自国家基本药物目录；具体适应症/剂量/禁忌需说明书二核。；39药品通未匹配到候选，需CDE/NMPA/原厂说明书检索。,《国家基本药物目录（2018年版）》第一部分 化学药品和生物制品，国家卫生健康委员会，PDF页码 P.55,314
336,P1,国家基本药物目录扩展,环磷酰胺,未匹配说明书,P1扩展条目来自国家基本药物目录；具体适应症/剂量/禁忌需说明书二核。；39药品通未匹配到候选，需CDE/NMPA/原厂说明书检索。,《国家基本药物目录（2018年版）》第一部分 化学药品和生物制品，国家卫生健康委员会，PDF页码 P.55,315
337,P1,国家基本药物目录扩展,异环磷酰胺,未匹配说明书,P1扩展条目来自国家基本药物目录；具体适应症/剂量/禁忌需说明书二核。；39药品通未匹配到候选，需CDE/NMPA/原厂说明书检索。,《国家基本药物目录（2018年版）》第一部分 化学药品和生物制品，国家卫生健康委员会，PDF页码 P.55,316
338,P1,国家基本药物目录扩展,白消安（二）抗 代 谢 药甲氨蝶呤,未匹配说明书,P1扩展条目来自国家基本药物目录；具体适应症/剂量/禁忌需说明书二核。；39药品通未匹配到候选，需CDE/NMPA/原厂说明书检索。,《国家基本药物目录（2018年版）》第一部分 化学药品和生物制品，国家卫生健康委员会，PDF页码 P.55,317
339,P1,国家基本药物目录扩展,甲氨蝶呤,未匹配说明书,P1扩展条目来自国家基本药物目录；具体适应症/剂量/禁忌需说明书二核。；39药品通未匹配到候选，需CDE/NMPA/原厂说明书检索。,《国家基本药物目录（2018年版）》第一部分 化学药品和生物制品，国家卫生健康委员会，PDF页码 P.55,318
340,P1,国家基本药物目录扩展,巯嘌呤阿糖胞苷羟基脲,未匹配说明书,P1扩展条目来自国家基本药物目录；具体适应症/剂量/禁忌需说明书二核。；39药品通未匹配到候选，需CDE/NMPA/原厂说明书检索。,《国家基本药物目录（2018年版）》第一部分 化学药品和生物制品，国家卫生健康委员会，PDF页码 P.56,319
341,P1,国家基本药物目录扩展,阿糖胞苷羟基脲氟尿嘧啶,未匹配说明书,P1扩展条目来自国家基本药物目录；具体适应症/剂量/禁忌需说明书二核。；39药品通未匹配到候选，需CDE/NMPA/原厂说明书检索。,《国家基本药物目录（2018年版）》第一部分 化学药品和生物制品，国家卫生健康委员会，PDF页码 P.56,320
342,P1,国家基本药物目录扩展,羟基脲氟尿嘧啶吉西他滨,未匹配说明书,P1扩展条目来自国家基本药物目录；具体适应症/剂量/禁忌需说明书二核。；39药品通未匹配到候选，需CDE/NMPA/原厂说明书检索。,《国家基本药物目录（2018年版）》第一部分 化学药品和生物制品，国家卫生健康委员会，PDF页码 P.56,321
343,P1,国家基本药物目录扩展,氟尿嘧啶吉西他滨,未匹配说明书,P1扩展条目来自国家基本药物目录；具体适应症/剂量/禁忌需说明书二核。；39药品通未匹配到候选，需CDE/NMPA/原厂说明书检索。,《国家基本药物目录（2018年版）》第一部分 化学药品和生物制品，国家卫生健康委员会，PDF页码 P.56,322
344,P1,国家基本药物目录扩展,吉西他滨,未匹配说明书,P1扩展条目来自国家基本药物目录；具体适应症/剂量/禁忌需说明书二核。；39药品通未匹配到候选，需CDE/NMPA/原厂说明书检索。,《国家基本药物目录（2018年版）》第一部分 化学药品和生物制品，国家卫生健康委员会，PDF页码 P.56,323
345,P1,国家基本药物目录扩展,依托泊苷多柔比星柔红霉素,未匹配说明书,P1扩展条目来自国家基本药物目录；具体适应症/剂量/禁忌需说明书二核。；39药品通未匹配到候选，需CDE/NMPA/原厂说明书检索。,《国家基本药物目录（2018年版）》第一部分 化学药品和生物制品，国家卫生健康委员会，PDF页码 P.56,324
346,P1,国家基本药物目录扩展,多柔比星柔红霉素平阳霉素,未匹配说明书,P1扩展条目来自国家基本药物目录；具体适应症/剂量/禁忌需说明书二核。；39药品通未匹配到候选，需CDE/NMPA/原厂说明书检索。,《国家基本药物目录（2018年版）》第一部分 化学药品和生物制品，国家卫生健康委员会，PDF页码 P.56,325
347,P1,国家基本药物目录扩展,柔红霉素平阳霉素,未匹配说明书,P1扩展条目来自国家基本药物目录；具体适应症/剂量/禁忌需说明书二核。；39药品通未匹配到候选，需CDE/NMPA/原厂说明书检索。,《国家基本药物目录（2018年版）》第一部分 化学药品和生物制品，国家卫生健康委员会，PDF页码 P.56,326
348,P1,国家基本药物目录扩展,平阳霉素,未匹配说明书,P1扩展条目来自国家基本药物目录；具体适应症/剂量/禁忌需说明书二核。；39药品通未匹配到候选，需CDE/NMPA/原厂说明书检索。,《国家基本药物目录（2018年版）》第一部分 化学药品和生物制品，国家卫生健康委员会，PDF页码 P.56,327
349,P1,国家基本药物目录扩展,长春新碱,未匹配说明书,P1扩展条目来自国家基本药物目录；具体适应症/剂量/禁忌需说明书二核。；39药品通未匹配到候选，需CDE/NMPA/原厂说明书检索。,《国家基本药物目录（2018年版）》第一部分 化学药品和生物制品，国家卫生健康委员会，PDF页码 P.56,328
350,P1,国家基本药物目录扩展,紫杉醇高三尖杉酯碱（五）其他抗肿瘤药顺铂,未匹配说明书,P1扩展条目来自国家基本药物目录；具体适应症/剂量/禁忌需说明书二核。；39药品通未匹配到候选，需CDE/NMPA/原厂说明书检索。,《国家基本药物目录（2018年版）》第一部分 化学药品和生物制品，国家卫生健康委员会，PDF页码 P.57,329
351,P1,国家基本药物目录扩展,高三尖杉酯碱（五）其他抗肿瘤药顺铂,未匹配说明书,P1扩展条目来自国家基本药物目录；具体适应症/剂量/禁忌需说明书二核。；39药品通未匹配到候选，需CDE/NMPA/原厂说明书检索。,《国家基本药物目录（2018年版）》第一部分 化学药品和生物制品，国家卫生健康委员会，PDF页码 P.57,330
352,P1,国家基本药物目录扩展,顺铂,未匹配说明书,P1扩展条目来自国家基本药物目录；具体适应症/剂量/禁忌需说明书二核。；39药品通未匹配到候选，需CDE/NMPA/原厂说明书检索。,《国家基本药物目录（2018年版）》第一部分 化学药品和生物制品，国家卫生健康委员会，PDF页码 P.57,331
353,P1,国家基本药物目录扩展,奥沙利铂卡铂亚砷酸（三氧化二砷）,未匹配说明书,P1扩展条目来自国家基本药物目录；具体适应症/剂量/禁忌需说明书二核。；39药品通未匹配到候选，需CDE/NMPA/原厂说明书检索。,《国家基本药物目录（2018年版）》第一部分 化学药品和生物制品，国家卫生健康委员会，PDF页码 P.57,332
354,P1,国家基本药物目录扩展,卡铂亚砷酸（三氧化二砷）,未匹配说明书,P1扩展条目来自国家基本药物目录；具体适应症/剂量/禁忌需说明书二核。；39药品通未匹配到候选，需CDE/NMPA/原厂说明书检索。,《国家基本药物目录（2018年版）》第一部分 化学药品和生物制品，国家卫生健康委员会，PDF页码 P.57,333
355,P1,国家基本药物目录扩展,亚砷酸（三氧化二砷）门冬酰胺酶,未匹配说明书,P1扩展条目来自国家基本药物目录；具体适应症/剂量/禁忌需说明书二核。；39药品通未匹配到候选，需CDE/NMPA/原厂说明书检索。,《国家基本药物目录（2018年版）》第一部分 化学药品和生物制品，国家卫生健康委员会，PDF页码 P.57,334
356,P1,国家基本药物目录扩展,门冬酰胺酶,未匹配说明书,P1扩展条目来自国家基本药物目录；具体适应症/剂量/禁忌需说明书二核。；39药品通未匹配到候选，需CDE/NMPA/原厂说明书检索。,《国家基本药物目录（2018年版）》第一部分 化学药品和生物制品，国家卫生健康委员会，PDF页码 P.57,335
357,P1,国家基本药物目录扩展,亚叶酸钙,未匹配说明书,P1扩展条目来自国家基本药物目录；具体适应症/剂量/禁忌需说明书二核。；39药品通未匹配到候选，需CDE/NMPA/原厂说明书检索。,《国家基本药物目录（2018年版）》第一部分 化学药品和生物制品，国家卫生健康委员会，PDF页码 P.57,336
358,P1,国家基本药物目录扩展,维 A 酸卡培他滨,未匹配说明书,P1扩展条目来自国家基本药物目录；具体适应症/剂量/禁忌需说明书二核。；39药品通未匹配到候选，需CDE/NMPA/原厂说明书检索。,《国家基本药物目录（2018年版）》第一部分 化学药品和生物制品，国家卫生健康委员会，PDF页码 P.57,337
359,P1,国家基本药物目录扩展,卡培他滨,未匹配说明书,P1扩展条目来自国家基本药物目录；具体适应症/剂量/禁忌需说明书二核。；39药品通未匹配到候选，需CDE/NMPA/原厂说明书检索。,《国家基本药物目录（2018年版）》第一部分 化学药品和生物制品，国家卫生健康委员会，PDF页码 P.57,338
360,P1,国家基本药物目录扩展,他莫昔芬来曲唑,未匹配说明书,P1扩展条目来自国家基本药物目录；具体适应症/剂量/禁忌需说明书二核。；39药品通未匹配到候选，需CDE/NMPA/原厂说明书检索。,《国家基本药物目录（2018年版）》第一部分 化学药品和生物制品，国家卫生健康委员会，PDF页码 P.58,339
361,P1,国家基本药物目录扩展,来曲唑,未匹配说明书,P1扩展条目来自国家基本药物目录；具体适应症/剂量/禁忌需说明书二核。；39药品通未匹配到候选，需CDE/NMPA/原厂说明书检索。,《国家基本药物目录（2018年版）》第一部分 化学药品和生物制品，国家卫生健康委员会，PDF页码 P.58,340
362,P1,国家基本药物目录扩展,美司钠昂丹司琼（八）抗肿瘤靶向药吉非替尼,未匹配说明书,P1扩展条目来自国家基本药物目录；具体适应症/剂量/禁忌需说明书二核。；39药品通未匹配到候选，需CDE/NMPA/原厂说明书检索。,《国家基本药物目录（2018年版）》第一部分 化学药品和生物制品，国家卫生健康委员会，PDF页码 P.58,341
363,P1,国家基本药物目录扩展,昂丹司琼（八）抗肿瘤靶向药吉非替尼,未匹配说明书,P1扩展条目来自国家基本药物目录；具体适应症/剂量/禁忌需说明书二核。；39药品通未匹配到候选，需CDE/NMPA/原厂说明书检索。,《国家基本药物目录（2018年版）》第一部分 化学药品和生物制品，国家卫生健康委员会，PDF页码 P.58,342
364,P1,国家基本药物目录扩展,吉非替尼,未匹配说明书,P1扩展条目来自国家基本药物目录；具体适应症/剂量/禁忌需说明书二核。；39药品通未匹配到候选，需CDE/NMPA/原厂说明书检索。,《国家基本药物目录（2018年版）》第一部分 化学药品和生物制品，国家卫生健康委员会，PDF页码 P.58,343
365,P1,国家基本药物目录扩展,伊马替尼,未匹配说明书,P1扩展条目来自国家基本药物目录；具体适应症/剂量/禁忌需说明书二核。；39药品通未匹配到候选，需CDE/NMPA/原厂说明书检索。,《国家基本药物目录（2018年版）》第一部分 化学药品和生物制品，国家卫生健康委员会，PDF页码 P.58,344
366,P1,国家基本药物目录扩展,埃克替尼,未匹配说明书,P1扩展条目来自国家基本药物目录；具体适应症/剂量/禁忌需说明书二核。；39药品通未匹配到候选，需CDE/NMPA/原厂说明书检索。,《国家基本药物目录（2018年版）》第一部分 化学药品和生物制品，国家卫生健康委员会，PDF页码 P.58,345
367,P1,国家基本药物目录扩展,利妥昔单抗,未匹配说明书,P1扩展条目来自国家基本药物目录；具体适应症/剂量/禁忌需说明书二核。；39药品通未匹配到候选，需CDE/NMPA/原厂说明书检索。,《国家基本药物目录（2018年版）》第一部分 化学药品和生物制品，国家卫生健康委员会，PDF页码 P.58,346
368,P1,国家基本药物目录扩展,曲妥珠单抗,未匹配说明书,P1扩展条目来自国家基本药物目录；具体适应症/剂量/禁忌需说明书二核。；39药品通未匹配到候选，需CDE/NMPA/原厂说明书检索。,《国家基本药物目录（2018年版）》第一部分 化学药品和生物制品，国家卫生健康委员会，PDF页码 P.58,347
369,P1,国家基本药物目录扩展,培美曲塞,未匹配说明书,P1扩展条目来自国家基本药物目录；具体适应症/剂量/禁忌需说明书二核。；39药品通未匹配到候选，需CDE/NMPA/原厂说明书检索。,《国家基本药物目录（2018年版）》第一部分 化学药品和生物制品，国家卫生健康委员会，PDF页码 P.58,348
370,P1,国家基本药物目录扩展,维生素 B1维生素 B2维生素 B6,未匹配说明书,P1扩展条目来自国家基本药物目录；具体适应症/剂量/禁忌需说明书二核。；39药品通未匹配到候选，需CDE/NMPA/原厂说明书检索。,《国家基本药物目录（2018年版）》第一部分 化学药品和生物制品，国家卫生健康委员会，PDF页码 P.59,349
371,P1,国家基本药物目录扩展,维生素 B2维生素 B6,未匹配说明书,P1扩展条目来自国家基本药物目录；具体适应症/剂量/禁忌需说明书二核。；39药品通未匹配到候选，需CDE/NMPA/原厂说明书检索。,《国家基本药物目录（2018年版）》第一部分 化学药品和生物制品，国家卫生健康委员会，PDF页码 P.59,350
372,P1,国家基本药物目录扩展,维生素 B6,未匹配说明书,P1扩展条目来自国家基本药物目录；具体适应症/剂量/禁忌需说明书二核。；39药品通未匹配到候选，需CDE/NMPA/原厂说明书检索。,《国家基本药物目录（2018年版）》第一部分 化学药品和生物制品，国家卫生健康委员会，PDF页码 P.59,351
373,P1,国家基本药物目录扩展,维生素 C多种维生素（12）（二）矿  物  质葡萄糖酸钙,未匹配说明书,P1扩展条目来自国家基本药物目录；具体适应症/剂量/禁忌需说明书二核。；39药品通未匹配到候选，需CDE/NMPA/原厂说明书检索。,《国家基本药物目录（2018年版）》第一部分 化学药品和生物制品，国家卫生健康委员会，PDF页码 P.59,352
374,P1,国家基本药物目录扩展,多种维生素（12）（二）矿  物  质葡萄糖酸钙,未匹配说明书,P1扩展条目来自国家基本药物目录；具体适应症/剂量/禁忌需说明书二核。；39药品通未匹配到候选，需CDE/NMPA/原厂说明书检索。,《国家基本药物目录（2018年版）》第一部分 化学药品和生物制品，国家卫生健康委员会，PDF页码 P.59,353
375,P1,国家基本药物目录扩展,葡萄糖酸钙,未匹配说明书,P1扩展条目来自国家基本药物目录；具体适应症/剂量/禁忌需说明书二核。；39药品通未匹配到候选，需CDE/NMPA/原厂说明书检索。,《国家基本药物目录（2018年版）》第一部分 化学药品和生物制品，国家卫生健康委员会，PDF页码 P.59,354
376,P1,国家基本药物目录扩展,复合磷酸氢钾,未匹配说明书,P1扩展条目来自国家基本药物目录；具体适应症/剂量/禁忌需说明书二核。；39药品通未匹配到候选，需CDE/NMPA/原厂说明书检索。,《国家基本药物目录（2018年版）》第一部分 化学药品和生物制品，国家卫生健康委员会，PDF页码 P.59,355
377,P1,国家基本药物目录扩展,复方氨基酸 18AA,未匹配说明书,P1扩展条目来自国家基本药物目录；具体适应症/剂量/禁忌需说明书二核。；39药品通未匹配到候选，需CDE/NMPA/原厂说明书检索。,《国家基本药物目录（2018年版）》第一部分 化学药品和生物制品，国家卫生健康委员会，PDF页码 P.59,356
378,P1,国家基本药物目录扩展,脂肪乳氨基酸葡萄糖,未匹配说明书,P1扩展条目来自国家基本药物目录；具体适应症/剂量/禁忌需说明书二核。；39药品通未匹配到候选，需CDE/NMPA/原厂说明书检索。,《国家基本药物目录（2018年版）》第一部分 化学药品和生物制品，国家卫生健康委员会，PDF页码 P.60,357
379,P1,国家基本药物目录扩展,中/长链脂肪乳（C6-C24）,未匹配说明书,P1扩展条目来自国家基本药物目录；具体适应症/剂量/禁忌需说明书二核。；39药品通未匹配到候选，需CDE/NMPA/原厂说明书检索。,《国家基本药物目录（2018年版）》第一部分 化学药品和生物制品，国家卫生健康委员会，PDF页码 P.60,358
380,P1,国家基本药物目录扩展,整蛋白型肠内营养剂（粉剂）,未匹配说明书,P1扩展条目来自国家基本药物目录；具体适应症/剂量/禁忌需说明书二核。；39药品通未匹配到候选，需CDE/NMPA/原厂说明书检索。,《国家基本药物目录（2018年版）》第一部分 化学药品和生物制品，国家卫生健康委员会，PDF页码 P.60,359
381,P1,儿科常用,口服补液盐Oral Rehydration Salts 散剂（Ⅰ、Ⅱ、Ⅲ）氯化钠,未匹配说明书,P1扩展条目来自国家基本药物目录；具体适应症/剂量/禁忌需说明书二核。；39药品通未匹配到候选，需CDE/NMPA/原厂说明书检索。,《国家基本药物目录（2018年版）》第一部分 化学药品和生物制品，国家卫生健康委员会，PDF页码 P.60,360
382,P1,国家基本药物目录扩展,氯化钠,未匹配说明书,P1扩展条目来自国家基本药物目录；具体适应症/剂量/禁忌需说明书二核。；39药品通未匹配到候选，需CDE/NMPA/原厂说明书检索。,《国家基本药物目录（2018年版）》第一部分 化学药品和生物制品，国家卫生健康委员会，PDF页码 P.60,361
383,P1,国家基本药物目录扩展,葡萄糖氯化钠,未匹配说明书,P1扩展条目来自国家基本药物目录；具体适应症/剂量/禁忌需说明书二核。；39药品通未匹配到候选，需CDE/NMPA/原厂说明书检索。,《国家基本药物目录（2018年版）》第一部分 化学药品和生物制品，国家卫生健康委员会，PDF页码 P.60,362
384,P1,国家基本药物目录扩展,复方氯化钠氯化钾,未匹配说明书,P1扩展条目来自国家基本药物目录；具体适应症/剂量/禁忌需说明书二核。；39药品通未匹配到候选，需CDE/NMPA/原厂说明书检索。,《国家基本药物目录（2018年版）》第一部分 化学药品和生物制品，国家卫生健康委员会，PDF页码 P.61,363
385,P1,国家基本药物目录扩展,氯化钾,未匹配说明书,P1扩展条目来自国家基本药物目录；具体适应症/剂量/禁忌需说明书二核。；39药品通未匹配到候选，需CDE/NMPA/原厂说明书检索。,《国家基本药物目录（2018年版）》第一部分 化学药品和生物制品，国家卫生健康委员会，PDF页码 P.61,364
386,P1,国家基本药物目录扩展,乳酸钠林格碳酸氢钠,未匹配说明书,P1扩展条目来自国家基本药物目录；具体适应症/剂量/禁忌需说明书二核。；39药品通未匹配到候选，需CDE/NMPA/原厂说明书检索。,《国家基本药物目录（2018年版）》第一部分 化学药品和生物制品，国家卫生健康委员会，PDF页码 P.61,365
387,P1,国家基本药物目录扩展,碳酸氢钠,未匹配说明书,P1扩展条目来自国家基本药物目录；具体适应症/剂量/禁忌需说明书二核。；39药品通未匹配到候选，需CDE/NMPA/原厂说明书检索。,《国家基本药物目录（2018年版）》第一部分 化学药品和生物制品，国家卫生健康委员会，PDF页码 P.61,366
388,P1,国家基本药物目录扩展,葡萄糖,未匹配说明书,P1扩展条目来自国家基本药物目录；具体适应症/剂量/禁忌需说明书二核。；39药品通未匹配到候选，需CDE/NMPA/原厂说明书检索。,《国家基本药物目录（2018年版）》第一部分 化学药品和生物制品，国家卫生健康委员会，PDF页码 P.61,367
389,P1,国家基本药物目录扩展,硫代硫酸钠,未匹配说明书,P1扩展条目来自国家基本药物目录；具体适应症/剂量/禁忌需说明书二核。；39药品通未匹配到候选，需CDE/NMPA/原厂说明书检索。,《国家基本药物目录（2018年版）》第一部分 化学药品和生物制品，国家卫生健康委员会，PDF页码 P.61,368
390,P1,国家基本药物目录扩展,氯解磷定碘解磷定戊乙奎醚,未匹配说明书,P1扩展条目来自国家基本药物目录；具体适应症/剂量/禁忌需说明书二核。；39药品通未匹配到候选，需CDE/NMPA/原厂说明书检索。,《国家基本药物目录（2018年版）》第一部分 化学药品和生物制品，国家卫生健康委员会，PDF页码 P.62,369
391,P1,国家基本药物目录扩展,碘解磷定戊乙奎醚,未匹配说明书,P1扩展条目来自国家基本药物目录；具体适应症/剂量/禁忌需说明书二核。；39药品通未匹配到候选，需CDE/NMPA/原厂说明书检索。,《国家基本药物目录（2018年版）》第一部分 化学药品和生物制品，国家卫生健康委员会，PDF页码 P.62,370
392,P1,国家基本药物目录扩展,戊乙奎醚,未匹配说明书,P1扩展条目来自国家基本药物目录；具体适应症/剂量/禁忌需说明书二核。；39药品通未匹配到候选，需CDE/NMPA/原厂说明书检索。,《国家基本药物目录（2018年版）》第一部分 化学药品和生物制品，国家卫生健康委员会，PDF页码 P.62,371
393,P1,国家基本药物目录扩展,亚甲蓝,未匹配说明书,P1扩展条目来自国家基本药物目录；具体适应症/剂量/禁忌需说明书二核。；39药品通未匹配到候选，需CDE/NMPA/原厂说明书检索。,《国家基本药物目录（2018年版）》第一部分 化学药品和生物制品，国家卫生健康委员会，PDF页码 P.62,372
394,P1,国家基本药物目录扩展,纳洛酮,未匹配说明书,P1扩展条目来自国家基本药物目录；具体适应症/剂量/禁忌需说明书二核。；39药品通未匹配到候选，需CDE/NMPA/原厂说明书检索。,《国家基本药物目录（2018年版）》第一部分 化学药品和生物制品，国家卫生健康委员会，PDF页码 P.62,373
395,P1,国家基本药物目录扩展,乙酰胺,未匹配说明书,P1扩展条目来自国家基本药物目录；具体适应症/剂量/禁忌需说明书二核。；39药品通未匹配到候选，需CDE/NMPA/原厂说明书检索。,《国家基本药物目录（2018年版）》第一部分 化学药品和生物制品，国家卫生健康委员会，PDF页码 P.62,374
396,P1,国家基本药物目录扩展,破伤风抗毒素,未匹配说明书,P1扩展条目来自国家基本药物目录；具体适应症/剂量/禁忌需说明书二核。；39药品通未匹配到候选，需CDE/NMPA/原厂说明书检索。,《国家基本药物目录（2018年版）》第一部分 化学药品和生物制品，国家卫生健康委员会，PDF页码 P.63,376
397,P1,国家基本药物目录扩展,抗狂犬病血清抗蛇毒血清Snake Antivenin 注射液、注射用无菌粉末 注释 6破伤风人免疫球蛋白,未匹配说明书,P1扩展条目来自国家基本药物目录；具体适应症/剂量/禁忌需说明书二核。；39药品通未匹配到候选，需CDE/NMPA/原厂说明书检索。,《国家基本药物目录（2018年版）》第一部分 化学药品和生物制品，国家卫生健康委员会，PDF页码 P.63,377
398,P1,国家基本药物目录扩展,抗蛇毒血清Snake Antivenin 注射液、注射用无菌粉末 注释 6破伤风人免疫球蛋白,未匹配说明书,P1扩展条目来自国家基本药物目录；具体适应症/剂量/禁忌需说明书二核。；39药品通未匹配到候选，需CDE/NMPA/原厂说明书检索。,《国家基本药物目录（2018年版）》第一部分 化学药品和生物制品，国家卫生健康委员会，PDF页码 P.63,378
399,P1,国家基本药物目录扩展,破伤风人免疫球蛋白,未匹配说明书,P1扩展条目来自国家基本药物目录；具体适应症/剂量/禁忌需说明书二核。；39药品通未匹配到候选，需CDE/NMPA/原厂说明书检索。,《国家基本药物目录（2018年版）》第一部分 化学药品和生物制品，国家卫生健康委员会，PDF页码 P.63,379
400,P1,国家基本药物目录扩展,碘海醇,未匹配说明书,P1扩展条目来自国家基本药物目录；具体适应症/剂量/禁忌需说明书二核。；39药品通未匹配到候选，需CDE/NMPA/原厂说明书检索。,《国家基本药物目录（2018年版）》第一部分 化学药品和生物制品，国家卫生健康委员会，PDF页码 P.64,384
