序号,优先级,类别,药品通用名,别名/商品名,适应症,规格,成人剂量,特殊人群剂量,用法,禁忌,不良反应,注意事项,来源,QA状态,QA问题,NEML编号,NEML英文名
1,P0,抗感染,青霉素G,,,（钾盐）注射用无菌粉末：0.25g（40万；单位）、0.5g（80 万单位）；（钠盐）注射用无菌粉末：0.24g（40万；单位）、0.48g（80 万单位）、0.96g；（160 万单位）,,,,,,,《国家基本药物目录（2018年版）》第一部分 化学药品和生物制品，国家卫生健康委员会，PDF页码 P.17,待说明书补全,P0高风险条目，剂量需使用国家基本药物临床应用指南/CDE/NMPA/原厂说明书二核。,1,Benzylpenicillin
2,P0,抗感染,阿莫西林,,,Ampicillin 注射用无菌粉末：0.5g、1.0g,,,,,,,《国家基本药物目录（2018年版）》第一部分 化学药品和生物制品，国家卫生健康委员会，PDF页码 P.17,待说明书补全,P0高风险条目，剂量需使用国家基本药物临床应用指南/CDE/NMPA/原厂说明书二核。,4,Amoxicillin
3,P0,抗感染,阿莫西林克拉维酸钾,,,片剂、胶囊、颗粒剂、干混悬剂：；0.125g、0.25g,,,,,,,《国家基本药物目录（2018年版）》第一部分 化学药品和生物制品，国家卫生健康委员会，PDF页码 P.17,待说明书补全,P0高风险条目，剂量需使用国家基本药物临床应用指南/CDE/NMPA/原厂说明书二核。,6,Amoxicillin
4,P0,抗感染,头孢呋辛,,,（头孢呋辛酯）片剂、胶囊、分散片：；0.125g、0.25g；（钠盐）注射用无菌粉末： 0.25g、；0.5g、0.75g、1.5g,,,,,,,《国家基本药物目录（2018年版）》第一部分 化学药品和生物制品，国家卫生健康委员会，PDF页码 P.18,待说明书补全,P0高风险条目，剂量需使用国家基本药物临床应用指南/CDE/NMPA/原厂说明书二核。,12,Cefuroxime
5,P0,抗感染,头孢曲松,,,注射用无菌粉末：0.25g、0.5g、1.0g、；2.0g,,,,,,,《国家基本药物目录（2018年版）》第一部分 化学药品和生物制品，国家卫生健康委员会，PDF页码 P.19,待说明书补全,P0高风险条目，剂量需使用国家基本药物临床应用指南/CDE/NMPA/原厂说明书二核。,13,Ceftriaxone
6,P0,抗感染,头孢哌酮舒巴坦,,,,,,,,,,P0清单；未在《国家基本药物目录（2018年版）》解析结果中定位，需说明书核对,待说明书补全,P0高风险条目，剂量需使用国家基本药物临床应用指南/CDE/NMPA/原厂说明书二核。,,
7,P0,抗感染,阿奇霉素,,,片剂、胶囊、肠溶（片剂、胶囊） ：；0.25g（25 万单位）；颗粒剂：0.1g（10 万单位）,,,,,,,《国家基本药物目录（2018年版）》第一部分 化学药品和生物制品，国家卫生健康委员会，PDF页码 P.20,待说明书补全,P0高风险条目，剂量需使用国家基本药物临床应用指南/CDE/NMPA/原厂说明书二核。,20,Azithromycin
8,P0,抗感染,克拉霉素,,,Clarithromycin 片剂、 胶囊、 颗粒剂：0.125g、0.25g,,,,,,,《国家基本药物目录（2018年版）》第一部分 化学药品和生物制品，国家卫生健康委员会，PDF页码 P.20,待说明书补全,P0高风险条目，剂量需使用国家基本药物临床应用指南/CDE/NMPA/原厂说明书二核。,21,Clindamycin
9,P0,抗感染,左氧氟沙星,,,（盐酸盐、乳酸盐）片剂、胶囊：0.2g、；0.5g；（盐酸盐、乳酸盐）注射液：；2ml:0.2g、5ml:0.5g；（盐酸盐、乳酸盐）氯化钠注射液：；100ml:0.2g、250ml:0.5g,,,,,,,《国家基本药物目录（2018年版）》第一部分 化学药品和生物制品，国家卫生健康委员会，PDF页码 P.21,待说明书补全,P0高风险条目，剂量需使用国家基本药物临床应用指南/CDE/NMPA/原厂说明书二核。,28,Levofloxacin
10,P0,抗感染,莫西沙星,,,片剂：0.4g；氯化钠注射液： 250ml（莫西沙星；0.4g 与氯化钠 2.0g）；（九）硝基咪唑类,,,,,,,《国家基本药物目录（2018年版）》第一部分 化学药品和生物制品，国家卫生健康委员会，PDF页码 P.21,待说明书补全,P0高风险条目，剂量需使用国家基本药物临床应用指南/CDE/NMPA/原厂说明书二核。,29,Moxifloxacin
11,P0,抗感染,甲硝唑,,,片剂、胶囊：0.2g；氯化钠注射液：100ml:0.5g,,,,,,,《国家基本药物目录（2018年版）》第一部分 化学药品和生物制品，国家卫生健康委员会，PDF页码 P.21,待说明书补全,P0高风险条目，剂量需使用国家基本药物临床应用指南/CDE/NMPA/原厂说明书二核。,30,Metronidazole
12,P0,抗感染,万古霉素,,,,,,,,,,P0清单；未在《国家基本药物目录（2018年版）》解析结果中定位，需说明书核对,待说明书补全,P0高风险条目，剂量需使用国家基本药物临床应用指南/CDE/NMPA/原厂说明书二核。,,
13,P0,心血管/降压,氨氯地平,,,Valsartan 胶囊：80mg,,,,,,,《国家基本药物目录（2018年版）》第一部分 化学药品和生物制品，国家卫生健康委员会，PDF页码 P.38,待说明书补全,P0高风险条目，剂量需使用国家基本药物临床应用指南/CDE/NMPA/原厂说明书二核。,164,Valsartan and Amlodipine
14,P0,心血管/降压,硝苯地平控释片,,,Nifedipine 片剂：5mg、10mg,,,,,,,《国家基本药物目录（2018年版）》第一部分 化学药品和生物制品，国家卫生健康委员会，PDF页码 P.36,待说明书补全,P0高风险条目，剂量需使用国家基本药物临床应用指南/CDE/NMPA/原厂说明书二核。,144,Nicorandil
15,P0,心血管/降压,依那普利,,,Captopril 片剂：12.5mg、25mg,,,,,,,《国家基本药物目录（2018年版）》第一部分 化学药品和生物制品，国家卫生健康委员会，PDF页码 P.37,待说明书补全,P0高风险条目，剂量需使用国家基本药物临床应用指南/CDE/NMPA/原厂说明书二核。,161,Lisinopril
16,P0,心血管/降压,缬沙坦,,,Valsartan 胶囊：80mg,,,,,,,《国家基本药物目录（2018年版）》第一部分 化学药品和生物制品，国家卫生健康委员会，PDF页码 P.38,待说明书补全,P0高风险条目，剂量需使用国家基本药物临床应用指南/CDE/NMPA/原厂说明书二核。,164,Valsartan and Amlodipine
17,P0,心血管/降压,厄贝沙坦,,,,,,,,,,P0清单；未在《国家基本药物目录（2018年版）》解析结果中定位，需说明书核对,待说明书补全,P0高风险条目，剂量需使用国家基本药物临床应用指南/CDE/NMPA/原厂说明书二核。,,
18,P0,心血管/降压,美托洛尔缓释片,,,Propranolol 片剂：10mg,,,,,,,《国家基本药物目录（2018年版）》第一部分 化学药品和生物制品，国家卫生健康委员会，PDF页码 P.36,待说明书补全,P0高风险条目，剂量需使用国家基本药物临床应用指南/CDE/NMPA/原厂说明书二核。,149,Metoprolol
19,P0,心血管/降压,比索洛尔,,,Bisoprolol 片剂、胶囊：2.5mg、5mg,,,,,,,《国家基本药物目录（2018年版）》第一部分 化学药品和生物制品，国家卫生健康委员会，PDF页码 P.38,待说明书补全,P0高风险条目，剂量需使用国家基本药物临床应用指南/CDE/NMPA/原厂说明书二核。,172,Labetalol
20,P0,心血管/降压,拉贝洛尔,,,Bisoprolol 片剂、胶囊：2.5mg、5mg,,,,,,,《国家基本药物目录（2018年版）》第一部分 化学药品和生物制品，国家卫生健康委员会，PDF页码 P.38,待说明书补全,P0高风险条目，剂量需使用国家基本药物临床应用指南/CDE/NMPA/原厂说明书二核。,172,Labetalol
21,P0,心血管/降压,氢氯噻嗪,,,,,,,,,,P0清单；未在《国家基本药物目录（2018年版）》解析结果中定位，需说明书核对,待说明书补全,P0高风险条目，剂量需使用国家基本药物临床应用指南/CDE/NMPA/原厂说明书二核。,,
22,P0,心血管/降压,呋塞米,,,,,,,,,,P0清单；未在《国家基本药物目录（2018年版）》解析结果中定位，需说明书核对,待说明书补全,P0高风险条目，剂量需使用国家基本药物临床应用指南/CDE/NMPA/原厂说明书二核。,,
23,P0,内分泌,二甲双胍,,,片剂、肠溶（片剂、胶囊）、缓释；片：0.25g、0.5g；胶囊：0.25g；缓释胶囊：0.25g,,,,,,,《国家基本药物目录（2018年版）》第一部分 化学药品和生物制品，国家卫生健康委员会，PDF页码 P.51,待说明书补全,P0高风险条目，剂量需使用国家基本药物临床应用指南/CDE/NMPA/原厂说明书二核。,278,Metformin
24,P0,内分泌,格列美脲,,,Glibenclamide 片剂：2.5mg,,,,,,,《国家基本药物目录（2018年版）》第一部分 化学药品和生物制品，国家卫生健康委员会，PDF页码 P.51,待说明书补全,P0高风险条目，剂量需使用国家基本药物临床应用指南/CDE/NMPA/原厂说明书二核。,279,
25,P0,内分泌,阿卡波糖,,,Acarbose 片剂、胶囊：50mg,,,,,,,《国家基本药物目录（2018年版）》第一部分 化学药品和生物制品，国家卫生健康委员会，PDF页码 P.52,待说明书补全,P0高风险条目，剂量需使用国家基本药物临床应用指南/CDE/NMPA/原厂说明书二核。,284,Dapagliflozin
26,P0,内分泌,达格列净,,,Acarbose 片剂、胶囊：50mg,,,,,,,《国家基本药物目录（2018年版）》第一部分 化学药品和生物制品，国家卫生健康委员会，PDF页码 P.52,待说明书补全,P0高风险条目，剂量需使用国家基本药物临床应用指南/CDE/NMPA/原厂说明书二核。,284,Dapagliflozin
27,P0,内分泌,恩格列净,,,,,,,,,,P0清单；未在《国家基本药物目录（2018年版）》解析结果中定位，需说明书核对,待说明书补全,P0高风险条目，剂量需使用国家基本药物临床应用指南/CDE/NMPA/原厂说明书二核。,,
28,P0,内分泌,利拉鲁肽,,,注射液：3ml:18mg,,,,,,,《国家基本药物目录（2018年版）》第一部分 化学药品和生物制品，国家卫生健康委员会，PDF页码 P.52,待说明书补全,P0高风险条目，剂量需使用国家基本药物临床应用指南/CDE/NMPA/原厂说明书二核。,286,Liraglutide
29,P0,内分泌,甘精胰岛素,,,动物源胰岛素注射液（短效、中效、；长效和预混）：300 单位、400 单位；重组人胰岛素注射液（短效、中效；和预混 30R）：300 单位、400 单位,,,,,,,《国家基本药物目录（2018年版）》第一部分 化学药品和生物制品，国家卫生健康委员会，PDF页码 P.51,待说明书补全,P0高风险条目，剂量需使用国家基本药物临床应用指南/CDE/NMPA/原厂说明书二核。,276,Insulin
30,P0,内分泌,门冬胰岛素,,,动物源胰岛素注射液（短效、中效、；长效和预混）：300 单位、400 单位；重组人胰岛素注射液（短效、中效；和预混 30R）：300 单位、400 单位,,,,,,,《国家基本药物目录（2018年版）》第一部分 化学药品和生物制品，国家卫生健康委员会，PDF页码 P.51,待说明书补全,P0高风险条目，剂量需使用国家基本药物临床应用指南/CDE/NMPA/原厂说明书二核。,276,Insulin
31,P0,调脂,阿托伐他汀,,,片剂：10mg、20mg,,,,,,,《国家基本药物目录（2018年版）》第一部分 化学药品和生物制品，国家卫生健康委员会，PDF页码 P.40,待说明书补全,P0高风险条目，剂量需使用国家基本药物临床应用指南/CDE/NMPA/原厂说明书二核。,186,Atorvastatin
32,P0,调脂,瑞舒伐他汀,,,片剂：5mg、10mg、20mg；胶囊：5mg、10mg、20mg,,,,,,,《国家基本药物目录（2018年版）》第一部分 化学药品和生物制品，国家卫生健康委员会，PDF页码 P.40,待说明书补全,P0高风险条目，剂量需使用国家基本药物临床应用指南/CDE/NMPA/原厂说明书二核。,187,Rosuvastatin
33,P0,调脂,依折麦布,,,,,,,,,,P0清单；未在《国家基本药物目录（2018年版）》解析结果中定位，需说明书核对,待说明书补全,P0高风险条目，剂量需使用国家基本药物临床应用指南/CDE/NMPA/原厂说明书二核。,,
34,P0,调脂,依洛尤单抗,,,,,,,,,,P0清单；未在《国家基本药物目录（2018年版）》解析结果中定位，需说明书核对,待说明书补全,P0高风险条目，剂量需使用国家基本药物临床应用指南/CDE/NMPA/原厂说明书二核。,,
35,P0,抗血栓,阿司匹林肠溶片,,,片剂：0.3g、0.5g；肠溶片：0.3g,,,,,,,《国家基本药物目录（2018年版）》第一部分 化学药品和生物制品，国家卫生健康委员会，PDF页码 P.28,待说明书补全,P0高风险条目，剂量需使用国家基本药物临床应用指南/CDE/NMPA/原厂说明书二核。,78,Aspirin
36,P0,抗血栓,氯吡格雷,,,Clopidogrel 片剂：25mg、75mg,,,,,,,《国家基本药物目录（2018年版）》第一部分 化学药品和生物制品，国家卫生健康委员会，PDF页码 P.48,待说明书补全,P0高风险条目，剂量需使用国家基本药物临床应用指南/CDE/NMPA/原厂说明书二核。,251,Indobufen
37,P0,抗血栓,替格瑞洛,,,片剂：60mg、90mg；（三）促 凝 血 药,,,,,,,《国家基本药物目录（2018年版）》第一部分 化学药品和生物制品，国家卫生健康委员会，PDF页码 P.48,待说明书补全,P0高风险条目，剂量需使用国家基本药物临床应用指南/CDE/NMPA/原厂说明书二核。,253,Ticagrelor
38,P0,抗血栓,华法林,,,,,,,,,,《国家基本药物目录（2018年版）》第一部分 化学药品和生物制品，国家卫生健康委员会，PDF页码 P.49,待说明书补全,P0高风险条目，剂量需使用国家基本药物临床应用指南/CDE/NMPA/原厂说明书二核。,262,
39,P0,抗血栓,利伐沙班,,,片剂：10mg、15mg、20mg,,,,,,,《国家基本药物目录（2018年版）》第一部分 化学药品和生物制品，国家卫生健康委员会，PDF页码 P.49,待说明书补全,P0高风险条目，剂量需使用国家基本药物临床应用指南/CDE/NMPA/原厂说明书二核。,266,Rivaroxaban
40,P0,抗血栓,达比加群酯,,,,,,,,,,《国家基本药物目录（2018年版）》第一部分 化学药品和生物制品，国家卫生健康委员会，PDF页码 P.49,待说明书补全,P0高风险条目，剂量需使用国家基本药物临床应用指南/CDE/NMPA/原厂说明书二核。,263,Dabigatran Etexilate
41,P0,抗血栓,依诺肝素,,,（钙）注射液： 1ml:5000 单位、；1ml:10000 单位；（钠）注射液： 2ml:5000 单位、；2ml:12500 单位,,,,,,,《国家基本药物目录（2018年版）》第一部分 化学药品和生物制品，国家卫生健康委员会，PDF页码 P.49,待说明书补全,P0高风险条目，剂量需使用国家基本药物临床应用指南/CDE/NMPA/原厂说明书二核。,261,Heparin
42,P0,镇痛/解热,对乙酰氨基酚,,,,,,,,,,《国家基本药物目录（2018年版）》第一部分 化学药品和生物制品，国家卫生健康委员会，PDF页码 P.27,待说明书补全,P0高风险条目，剂量需使用国家基本药物临床应用指南/CDE/NMPA/原厂说明书二核。,75,Paracetamol
43,P0,镇痛/解热,布洛芬,,,片剂、颗粒剂：0.1g、0.2g；胶囊：0.2g；缓释（片剂、胶囊）：0.3g；混悬液：60ml:1.2g、100ml:2g,,,,,,,《国家基本药物目录（2018年版）》第一部分 化学药品和生物制品，国家卫生健康委员会，PDF页码 P.28,待说明书补全,P0高风险条目，剂量需使用国家基本药物临床应用指南/CDE/NMPA/原厂说明书二核。,79,Ibuprofen
44,P0,镇痛/解热,塞来昔布,,,,,,,,,,P0清单；未在《国家基本药物目录（2018年版）》解析结果中定位，需说明书核对,待说明书补全,P0高风险条目，剂量需使用国家基本药物临床应用指南/CDE/NMPA/原厂说明书二核。,,
45,P0,镇痛/解热,吗啡,,,Fentanyl 注射液：2ml:0.1mg △,,,,,,,《国家基本药物目录（2018年版）》第一部分 化学药品和生物制品，国家卫生健康委员会，PDF页码 P.27,待说明书补全,P0高风险条目，剂量需使用国家基本药物临床应用指南/CDE/NMPA/原厂说明书二核。,73,
46,P0,镇痛/解热,芬太尼贴剂,,,Ketamine 注射液：2ml:0.1g、10ml:0.1g △,,,,,,,《国家基本药物目录（2018年版）》第一部分 化学药品和生物制品，国家卫生健康委员会，PDF页码 P.26,待说明书补全,P0高风险条目，剂量需使用国家基本药物临床应用指南/CDE/NMPA/原厂说明书二核。,66,Remifentanil
47,P0,镇痛/解热,曲马多,,,,,,,,,,P0清单；未在《国家基本药物目录（2018年版）》解析结果中定位，需说明书核对,待说明书补全,P0高风险条目，剂量需使用国家基本药物临床应用指南/CDE/NMPA/原厂说明书二核。,,
48,P0,呼吸,沙丁胺醇气雾剂,,,Theophylline 缓释片：0.1g,,,,,,,《国家基本药物目录（2018年版）》第一部分 化学药品和生物制品，国家卫生健康委员会，PDF页码 P.41,待说明书补全,P0高风险条目，剂量需使用国家基本药物临床应用指南/CDE/NMPA/原厂说明书二核。,198,Salbutamol
49,P0,呼吸,布地奈德吸入剂,,,气雾剂：每瓶 100 揿，每揿含布地；奈德 200μg；每瓶含布地奈德 20mg，；每瓶 200揿，每揿含布地奈德 0.1mg；吸入粉雾剂： 0.1mg/吸； 0.2mg；；200μg/吸，200吸/支；混悬液：2ml:1mg,,,,,,,《国家基本药物目录（2018年版）》第一部分 化学药品和生物制品，国家卫生健康委员会，PDF页码 P.42,待说明书补全,P0高风险条目，剂量需使用国家基本药物临床应用指南/CDE/NMPA/原厂说明书二核。,203,Budesonide
50,P0,呼吸,孟鲁司特,,,,,,,,,,P0清单；未在《国家基本药物目录（2018年版）》解析结果中定位，需说明书核对,待说明书补全,P0高风险条目，剂量需使用国家基本药物临床应用指南/CDE/NMPA/原厂说明书二核。,,
51,P0,呼吸,异丙托溴铵,,,Ipratropium Bromide 气雾剂：14g:8.4mg（每揿 40μg）,,,,,,,《国家基本药物目录（2018年版）》第一部分 化学药品和生物制品，国家卫生健康委员会，PDF页码 P.41,待说明书补全,P0高风险条目，剂量需使用国家基本药物临床应用指南/CDE/NMPA/原厂说明书二核。,200,Tiotropium Bromide
52,P0,呼吸,噻托溴铵,,,Ipratropium Bromide 气雾剂：14g:8.4mg（每揿 40μg）,,,,,,,《国家基本药物目录（2018年版）》第一部分 化学药品和生物制品，国家卫生健康委员会，PDF页码 P.41,待说明书补全,P0高风险条目，剂量需使用国家基本药物临床应用指南/CDE/NMPA/原厂说明书二核。,200,Tiotropium Bromide
53,P0,消化,奥美拉唑,,,肠溶（片剂、胶囊）：10mg、20mg；注射用无菌粉末：40mg,,,,,,,《国家基本药物目录（2018年版）》第一部分 化学药品和生物制品，国家卫生健康委员会，PDF页码 P.43,待说明书补全,P0高风险条目，剂量需使用国家基本药物临床应用指南/CDE/NMPA/原厂说明书二核。,208,Omeprazole
54,P0,消化,雷贝拉唑,,,,,,,,,,P0清单；未在《国家基本药物目录（2018年版）》解析结果中定位，需说明书核对,待说明书补全,P0高风险条目，剂量需使用国家基本药物临床应用指南/CDE/NMPA/原厂说明书二核。,,
55,P0,消化,枸橼酸铋钾,,,片剂、胶囊：0.3g（含 0.11g 铋）；颗粒剂：每袋含 0.11g 铋,,,,,,,《国家基本药物目录（2018年版）》第一部分 化学药品和生物制品，国家卫生健康委员会，PDF页码 P.43,待说明书补全,P0高风险条目，剂量需使用国家基本药物临床应用指南/CDE/NMPA/原厂说明书二核。,209,Bismuth Potassium Citrate
56,P0,消化,莫沙必利,,,片剂：5mg,,,,,,,《国家基本药物目录（2018年版）》第一部分 化学药品和生物制品，国家卫生健康委员会，PDF页码 P.44,待说明书补全,P0高风险条目，剂量需使用国家基本药物临床应用指南/CDE/NMPA/原厂说明书二核。,218,Mosapride
57,P0,消化,蒙脱石散,,,,,,,,,,P0清单；未在《国家基本药物目录（2018年版）》解析结果中定位，需说明书核对,待说明书补全,P0高风险条目，剂量需使用国家基本药物临床应用指南/CDE/NMPA/原厂说明书二核。,,
58,P0,精神/神经,舍曲林,,,,,,,,,,P0清单；未在《国家基本药物目录（2018年版）》解析结果中定位，需说明书核对,待说明书补全,P0高风险条目，剂量需使用国家基本药物临床应用指南/CDE/NMPA/原厂说明书二核。,,
59,P0,精神/神经,艾司西酞普兰,,,片剂：5mg、10mg、20mg △,,,,,,,《国家基本药物目录（2018年版）》第一部分 化学药品和生物制品，国家卫生健康委员会，PDF页码 P.34,待说明书补全,P0高风险条目，剂量需使用国家基本药物临床应用指南/CDE/NMPA/原厂说明书二核。,128,Escitalopram
60,P0,精神/神经,文拉法辛,,,片剂：25mg、50mg；胶囊：25mg、50mg；缓释片：75mg；缓释胶囊：75mg、150mg；△；（三）抗 焦 虑 药；130 地西泮；Diazepam,,,,,,,《国家基本药物目录（2018年版）》第一部分 化学药品和生物制品，国家卫生健康委员会，PDF页码 P.34,待说明书补全,P0高风险条目，剂量需使用国家基本药物临床应用指南/CDE/NMPA/原厂说明书二核。,129,Venlafaxine
61,P0,精神/神经,地西泮,,,,,,,,,,P0清单；未在《国家基本药物目录（2018年版）》解析结果中定位，需说明书核对,待说明书补全,P0高风险条目，剂量需使用国家基本药物临床应用指南/CDE/NMPA/原厂说明书二核。,,
62,P0,精神/神经,奥氮平,,,Fluphenazine Decanoate 注射液：1ml:25mg △,,,,,,,《国家基本药物目录（2018年版）》第一部分 化学药品和生物制品，国家卫生健康委员会，PDF页码 P.32,待说明书补全,P0高风险条目，剂量需使用国家基本药物临床应用指南/CDE/NMPA/原厂说明书二核。,114,Olanzapine
63,P0,精神/神经,利培酮,,,Risperidone 片剂：1mg、2mg △,,,,,,,《国家基本药物目录（2018年版）》第一部分 化学药品和生物制品，国家卫生健康委员会，PDF页码 P.32,待说明书补全,P0高风险条目，剂量需使用国家基本药物临床应用指南/CDE/NMPA/原厂说明书二核。,117,
64,P0,激素,泼尼松,,,Prednisone 片剂：5mg,,,,,,,《国家基本药物目录（2018年版）》第一部分 化学药品和生物制品，国家卫生健康委员会，PDF页码 P.51,待说明书补全,P0高风险条目，剂量需使用国家基本药物临床应用指南/CDE/NMPA/原厂说明书二核。,273,Methylprednisolone
65,P0,激素,甲泼尼龙,,,Prednisone 片剂：5mg,,,,,,,《国家基本药物目录（2018年版）》第一部分 化学药品和生物制品，国家卫生健康委员会，PDF页码 P.51,待说明书补全,P0高风险条目，剂量需使用国家基本药物临床应用指南/CDE/NMPA/原厂说明书二核。,273,Methylprednisolone
66,P0,激素,地塞米松,,,片剂：0.75mg；注射液：1ml:2mg、1ml:5mg；（三）胰岛素及口服降血糖药,,,,,,,《国家基本药物目录（2018年版）》第一部分 化学药品和生物制品，国家卫生健康委员会，PDF页码 P.51,待说明书补全,P0高风险条目，剂量需使用国家基本药物临床应用指南/CDE/NMPA/原厂说明书二核。,275,Dexamethasone
67,P0,激素,氢化可的松,,,片剂：10mg、20mg；注射液： 2ml:10mg、 5ml:25mg、；20ml:100mg；（琥珀酸钠）注射用无菌粉末：；50mg、100mg,,,,,,,《国家基本药物目录（2018年版）》第一部分 化学药品和生物制品，国家卫生健康委员会，PDF页码 P.50,待说明书补全,P0高风险条目，剂量需使用国家基本药物临床应用指南/CDE/NMPA/原厂说明书二核。,272,Hydrocortisone
68,P0,内分泌,左甲状腺素钠,,,Thyroid Tablets 片剂：40mg,,,,,,,《国家基本药物目录（2018年版）》第一部分 化学药品和生物制品，国家卫生健康委员会，PDF页码 P.52,待说明书补全,P0高风险条目，剂量需使用国家基本药物临床应用指南/CDE/NMPA/原厂说明书二核。,291,
69,P0,内分泌,甲巯咪唑,,,Thyroid Tablets 片剂：40mg,,,,,,,《国家基本药物目录（2018年版）》第一部分 化学药品和生物制品，国家卫生健康委员会，PDF页码 P.52,待说明书补全,P0高风险条目，剂量需使用国家基本药物临床应用指南/CDE/NMPA/原厂说明书二核。,291,
70,P0,内分泌,丙硫氧嘧啶,,,Propylthiouracil 片剂：50mg、100mg,,,,,,,《国家基本药物目录（2018年版）》第一部分 化学药品和生物制品，国家卫生健康委员会，PDF页码 P.53,待说明书补全,P0高风险条目，剂量需使用国家基本药物临床应用指南/CDE/NMPA/原厂说明书二核。,294,Cinacalcet
71,P0,妇产,米非司酮,,,Ergometrine 注射液：1ml:0.2mg、1ml:0.5mg,,,,,,,《国家基本药物目录（2018年版）》第一部分 化学药品和生物制品，国家卫生健康委员会，PDF页码 P.68,待说明书补全,P0高风险条目，剂量需使用国家基本药物临床应用指南/CDE/NMPA/原厂说明书二核。,408,
72,P0,妇产,米索前列醇,,,Posterior Pituitary Injection 注射液：0.5ml:3单位、1ml:6 单位,,,,,,,《国家基本药物目录（2018年版）》第一部分 化学药品和生物制品，国家卫生健康委员会，PDF页码 P.68,待说明书补全,P0高风险条目，剂量需使用国家基本药物临床应用指南/CDE/NMPA/原厂说明书二核。,409,
73,P0,妇产,缩宫素,,,Oxytocin 注射液：1ml:5 单位、1ml:10 单位,,,,,,,《国家基本药物目录（2018年版）》第一部分 化学药品和生物制品，国家卫生健康委员会，PDF页码 P.68,待说明书补全,P0高风险条目，剂量需使用国家基本药物临床应用指南/CDE/NMPA/原厂说明书二核。,407,
74,P0,抗血栓,低分子肝素,,,（钙）注射液： 1ml:5000 单位、；1ml:10000 单位；（钠）注射液： 2ml:5000 单位、；2ml:12500 单位,,,,,,,《国家基本药物目录（2018年版）》第一部分 化学药品和生物制品，国家卫生健康委员会，PDF页码 P.49,待说明书补全,P0高风险条目，剂量需使用国家基本药物临床应用指南/CDE/NMPA/原厂说明书二核。,261,Heparin
75,P0,儿科常用,口服补液盐III,,,,,,,,,,《国家基本药物目录（2018年版）》第一部分 化学药品和生物制品，国家卫生健康委员会，PDF页码 P.60,待说明书补全,P0高风险条目，剂量需使用国家基本药物临床应用指南/CDE/NMPA/原厂说明书二核。,360,Sodium Chloride
76,P0,消化,蒙脱石散(小儿),,,,,,,,,,P0清单；未在《国家基本药物目录（2018年版）》解析结果中定位，需说明书核对,待说明书补全,P0高风险条目，剂量需使用国家基本药物临床应用指南/CDE/NMPA/原厂说明书二核。,,
77,P0,镇痛/解热,布洛芬混悬液(小儿剂量),,,片剂、颗粒剂：0.1g、0.2g；胶囊：0.2g；缓释（片剂、胶囊）：0.3g；混悬液：60ml:1.2g、100ml:2g,,,,,,,《国家基本药物目录（2018年版）》第一部分 化学药品和生物制品，国家卫生健康委员会，PDF页码 P.28,待说明书补全,P0高风险条目，剂量需使用国家基本药物临床应用指南/CDE/NMPA/原厂说明书二核。,79,Ibuprofen
78,P0,老年/慢病,碳酸钙D3,,,,,,,,,,P0清单；未在《国家基本药物目录（2018年版）》解析结果中定位，需说明书核对,待说明书补全,P0高风险条目，剂量需使用国家基本药物临床应用指南/CDE/NMPA/原厂说明书二核。,,
79,P0,老年/慢病,骨化三醇,,,,,,,,,,P0清单；未在《国家基本药物目录（2018年版）》解析结果中定位，需说明书核对,待说明书补全,P0高风险条目，剂量需使用国家基本药物临床应用指南/CDE/NMPA/原厂说明书二核。,,
80,P0,老年/慢病,阿仑膦酸钠,,,片剂：10mg、70mg △,,,,,,,《国家基本药物目录（2018年版）》第一部分 化学药品和生物制品，国家卫生健康委员会，PDF页码 P.54,待说明书补全,P0高风险条目，剂量需使用国家基本药物临床应用指南/CDE/NMPA/原厂说明书二核。,304,Alendronate Sodium
81,P1,抗感染,苄星青霉素,,,注射用无菌粉末：30 万单位、60 万；单位、120 万单位,,,,,,,《国家基本药物目录（2018年版）》第一部分 化学药品和生物制品，国家卫生健康委员会，PDF页码 P.17,待说明书补全,P1扩展条目来自国家基本药物目录；具体适应症/剂量/禁忌需说明书二核。,2,Benzathine Benzylpenicillin
82,P1,国家基本药物目录扩展,苯唑西林,,,片剂、胶囊：0.25g；注射用无菌粉末：0.5g、1.0g,,,,,,,《国家基本药物目录（2018年版）》第一部分 化学药品和生物制品，国家卫生健康委员会，PDF页码 P.17,待说明书补全,P1扩展条目来自国家基本药物目录；具体适应症/剂量/禁忌需说明书二核。,3,Oxacillin
83,P1,抗感染,氨苄西林哌拉西林阿莫西林,,,Ampicillin 注射用无菌粉末：0.5g、1.0g,,,,,,,《国家基本药物目录（2018年版）》第一部分 化学药品和生物制品，国家卫生健康委员会，PDF页码 P.17,待说明书补全,P1扩展条目来自国家基本药物目录；具体适应症/剂量/禁忌需说明书二核。,4,Amoxicillin
84,P1,抗感染,哌拉西林阿莫西林,,,Piperacillin 注射用无菌粉末：0.5g、1.0g、2.0g,,,,,,,《国家基本药物目录（2018年版）》第一部分 化学药品和生物制品，国家卫生健康委员会，PDF页码 P.17,待说明书补全,P1扩展条目来自国家基本药物目录；具体适应症/剂量/禁忌需说明书二核。,5,Amoxicillin
85,P1,国家基本药物目录扩展,哌拉西林钠他唑巴坦钠,,,注射用无菌粉末：2.25g（哌拉西林；2.0g 与他唑巴坦 0.25g）、4.5g（哌；拉西林 4.0g 与他唑巴坦 0.5g）；（二）头孢菌素类,,,,,,,《国家基本药物目录（2018年版）》第一部分 化学药品和生物制品，国家卫生健康委员会，PDF页码 P.18,待说明书补全,P1扩展条目来自国家基本药物目录；具体适应症/剂量/禁忌需说明书二核。,8,Piperacillin Sodium and Tazobactam Sodium
86,P1,抗感染,头孢唑林头孢拉定头孢氨苄,,,Cefazolin 注射用无菌粉末：0.5g、1.0g,,,,,,,《国家基本药物目录（2018年版）》第一部分 化学药品和生物制品，国家卫生健康委员会，PDF页码 P.18,待说明书补全,P1扩展条目来自国家基本药物目录；具体适应症/剂量/禁忌需说明书二核。,9,Cefalexin
87,P1,抗感染,头孢拉定头孢氨苄,,,Cefradine 片剂、胶囊：0.25g、0.5g,,,,,,,《国家基本药物目录（2018年版）》第一部分 化学药品和生物制品，国家卫生健康委员会，PDF页码 P.18,待说明书补全,P1扩展条目来自国家基本药物目录；具体适应症/剂量/禁忌需说明书二核。,10,Cefalexin
88,P1,抗感染,头孢氨苄,,,片剂、胶囊：0.125g、0.25g；颗粒剂：0.05g、0.125g,,,,,,,《国家基本药物目录（2018年版）》第一部分 化学药品和生物制品，国家卫生健康委员会，PDF页码 P.18,待说明书补全,P1扩展条目来自国家基本药物目录；具体适应症/剂量/禁忌需说明书二核。,11,Cefalexin
89,P1,抗感染,头孢他啶,,,注射用无菌粉末：0.5g、1.0g △；（三）氨基糖苷类,,,,,,,《国家基本药物目录（2018年版）》第一部分 化学药品和生物制品，国家卫生健康委员会，PDF页码 P.19,待说明书补全,P1扩展条目来自国家基本药物目录；具体适应症/剂量/禁忌需说明书二核。,14,Ceftazidime
90,P1,抗感染,阿米卡星,,,注射液： 1ml:0.1g（10 万单位）、；2ml:0.2g（20万单位）,,,,,,,《国家基本药物目录（2018年版）》第一部分 化学药品和生物制品，国家卫生健康委员会，PDF页码 P.19,待说明书补全,P1扩展条目来自国家基本药物目录；具体适应症/剂量/禁忌需说明书二核。,15,Amikacin
91,P1,抗感染,庆大霉素,,,注射液： 1ml:40mg（4 万单位）、；2ml:80mg（8 万单位）；（四）四 环 素 类,,,,,,,《国家基本药物目录（2018年版）》第一部分 化学药品和生物制品，国家卫生健康委员会，PDF页码 P.19,待说明书补全,P1扩展条目来自国家基本药物目录；具体适应症/剂量/禁忌需说明书二核。,16,Gentamycin
92,P1,抗感染,多西环素米诺环素,,,Doxycycline 片剂：50mg、100mg,,,,,,,《国家基本药物目录（2018年版）》第一部分 化学药品和生物制品，国家卫生健康委员会，PDF页码 P.19,待说明书补全,P1扩展条目来自国家基本药物目录；具体适应症/剂量/禁忌需说明书二核。,17,Minocycline
93,P1,抗感染,米诺环素,,,片剂：50mg；胶囊：50mg、100mg；（五）大环内酯类,,,,,,,《国家基本药物目录（2018年版）》第一部分 化学药品和生物制品，国家卫生健康委员会，PDF页码 P.19,待说明书补全,P1扩展条目来自国家基本药物目录；具体适应症/剂量/禁忌需说明书二核。,18,Minocycline
94,P1,国家基本药物目录扩展,红霉素,,,肠溶（片剂、胶囊）、（琥珀酸乙酯）；片剂、胶囊：0.125g（12.5万单位）、；0.25g（25 万单位）；注射用无菌粉末：0.25g（25万单位）、；0.3g（30 万单位）,,,,,,,《国家基本药物目录（2018年版）》第一部分 化学药品和生物制品，国家卫生健康委员会，PDF页码 P.19,待说明书补全,P1扩展条目来自国家基本药物目录；具体适应症/剂量/禁忌需说明书二核。,19,Erythromycin
95,P1,抗感染,克拉霉素（六）其他抗生素克林霉素,,,Clarithromycin 片剂、 胶囊、 颗粒剂：0.125g、0.25g,,,,,,,《国家基本药物目录（2018年版）》第一部分 化学药品和生物制品，国家卫生健康委员会，PDF页码 P.20,待说明书补全,P1扩展条目来自国家基本药物目录；具体适应症/剂量/禁忌需说明书二核。,21,Clindamycin
96,P1,抗感染,克林霉素,,,（盐酸盐） 片剂、 胶囊：0.075g、0.15g；（盐酸盐棕榈酸酯） 分散片：0.075g、；0.15g；（盐酸盐）注射液：2ml:0.15g；（盐酸盐）注射用无菌粉末：0.15g,,,,,,,《国家基本药物目录（2018年版）》第一部分 化学药品和生物制品，国家卫生健康委员会，PDF页码 P.20,待说明书补全,P1扩展条目来自国家基本药物目录；具体适应症/剂量/禁忌需说明书二核。,22,Clindamycin
97,P1,抗感染,磷霉素,,,（钠 盐 ） 注 射 用 无 菌粉 末 ：1.0g（100万；单位）、2.0g（200 万单位）、4.0g；（400 万单位）；（氨丁三醇）散剂：3.0g；（七）磺  胺  类,,,,,,,《国家基本药物目录（2018年版）》第一部分 化学药品和生物制品，国家卫生健康委员会，PDF页码 P.20,待说明书补全,P1扩展条目来自国家基本药物目录；具体适应症/剂量/禁忌需说明书二核。,23,Fosfomycin
98,P1,国家基本药物目录扩展,复斱磺胺甲唑,,,片剂：100mg:20mg、400mg:80mg；（磺胺甲；唑:甲氧苄啶）,,,,,,,《国家基本药物目录（2018年版）》第一部分 化学药品和生物制品，国家卫生健康委员会，PDF页码 P.20,待说明书补全,P1扩展条目来自国家基本药物目录；具体适应症/剂量/禁忌需说明书二核。,24,Compound Sulfamethoxazole
99,P1,国家基本药物目录扩展,磺胺嘧啶,,,片剂：0.2g、0.5g；注射液：2ml:0.4g、5ml:1g,,,,,,,《国家基本药物目录（2018年版）》第一部分 化学药品和生物制品，国家卫生健康委员会，PDF页码 P.20,待说明书补全,P1扩展条目来自国家基本药物目录；具体适应症/剂量/禁忌需说明书二核。,25,Sulfadiazine
100,P1,抗感染,诺氟沙星环丙沙星,,,Norfloxacin 片剂、胶囊：0.1g,,,,,,,《国家基本药物目录（2018年版）》第一部分 化学药品和生物制品，国家卫生健康委员会，PDF页码 P.21,待说明书补全,P1扩展条目来自国家基本药物目录；具体适应症/剂量/禁忌需说明书二核。,26,Ciprofloxacin
101,P1,抗感染,环丙沙星,,,（盐酸盐）片剂、胶囊：0.25g、0.5g；（乳酸盐）注射液：2ml:0.1g；（乳酸盐）氯化钠注射液：100ml:0.2g,,,,,,,《国家基本药物目录（2018年版）》第一部分 化学药品和生物制品，国家卫生健康委员会，PDF页码 P.21,待说明书补全,P1扩展条目来自国家基本药物目录；具体适应症/剂量/禁忌需说明书二核。,27,Ciprofloxacin
102,P1,抗感染,替硝唑（十）硝基呋喃类呋喃妥因,,,Tinidazole 片剂、胶囊：0.5g,,,,,,,《国家基本药物目录（2018年版）》第一部分 化学药品和生物制品，国家卫生健康委员会，PDF页码 P.21,待说明书补全,P1扩展条目来自国家基本药物目录；具体适应症/剂量/禁忌需说明书二核。,31,
103,P1,抗感染,呋喃妥因,,,Nitrofurantoin 肠溶片：50mg,,,,,,,《国家基本药物目录（2018年版）》第一部分 化学药品和生物制品，国家卫生健康委员会，PDF页码 P.21,待说明书补全,P1扩展条目来自国家基本药物目录；具体适应症/剂量/禁忌需说明书二核。,32,
104,P1,抗感染,异烟肼,,,片剂：50mg、100mg、300mg；注射液：2ml:50mg、2ml:100mg,,,,,,,《国家基本药物目录（2018年版）》第一部分 化学药品和生物制品，国家卫生健康委员会，PDF页码 P.22,待说明书补全,P1扩展条目来自国家基本药物目录；具体适应症/剂量/禁忌需说明书二核。,33,Isoniazid
105,P1,抗感染,利福平,,,片剂：0.15g；胶囊：0.15g、0.3g,,,,,,,《国家基本药物目录（2018年版）》第一部分 化学药品和生物制品，国家卫生健康委员会，PDF页码 P.22,待说明书补全,P1扩展条目来自国家基本药物目录；具体适应症/剂量/禁忌需说明书二核。,34,Rifampicin
106,P1,抗感染,吡嗪酰胺乙胺丁醇链霉素,,,Pyrazinamide 片剂、胶囊：0.25g,,,,,,,《国家基本药物目录（2018年版）》第一部分 化学药品和生物制品，国家卫生健康委员会，PDF页码 P.22,待说明书补全,P1扩展条目来自国家基本药物目录；具体适应症/剂量/禁忌需说明书二核。,35,Streptomycin
107,P1,抗感染,乙胺丁醇链霉素,,,Ethambutol 片剂、胶囊：0.25g,,,,,,,《国家基本药物目录（2018年版）》第一部分 化学药品和生物制品，国家卫生健康委员会，PDF页码 P.22,待说明书补全,P1扩展条目来自国家基本药物目录；具体适应症/剂量/禁忌需说明书二核。,36,Streptomycin
108,P1,国家基本药物目录扩展,链霉素,,,注射用无菌粉末： 0.75g（75 万单；位）、1.0g（100 万单位）,,,,,,,《国家基本药物目录（2018年版）》第一部分 化学药品和生物制品，国家卫生健康委员会，PDF页码 P.22,待说明书补全,P1扩展条目来自国家基本药物目录；具体适应症/剂量/禁忌需说明书二核。,37,Streptomycin
109,P1,国家基本药物目录扩展,对氨基水杨酸钠,,,肠溶片：0.5g；注射用无菌粉末：2.0g；39 耐多药肺结核用药；注释 1；△；（十二）抗麻风病药,,,,,,,《国家基本药物目录（2018年版）》第一部分 化学药品和生物制品，国家卫生健康委员会，PDF页码 P.22,待说明书补全,P1扩展条目来自国家基本药物目录；具体适应症/剂量/禁忌需说明书二核。,38,Sodium Aminosalicylate
110,P1,抗感染,氨苯砜（十三）抗 真 菌 药氟康唑,,,Dapsone 片剂：50mg、100mg,,,,,,,《国家基本药物目录（2018年版）》第一部分 化学药品和生物制品，国家卫生健康委员会，PDF页码 P.22,待说明书补全,P1扩展条目来自国家基本药物目录；具体适应症/剂量/禁忌需说明书二核。,40,Fluconazole
111,P1,抗感染,氟康唑,,,片剂、 胶囊、分散片：50mg、100mg；氯化钠注射液：100ml:0.2g,,,,,,,《国家基本药物目录（2018年版）》第一部分 化学药品和生物制品，国家卫生健康委员会，PDF页码 P.22,待说明书补全,P1扩展条目来自国家基本药物目录；具体适应症/剂量/禁忌需说明书二核。,41,Fluconazole
112,P1,国家基本药物目录扩展,伊曲康唑,,,分散片：0.1g；颗粒剂：0.1g；胶囊：0.1g；注射液：25ml:0.25g；口服溶液剂：150ml:1.5g,,,,,,,《国家基本药物目录（2018年版）》第一部分 化学药品和生物制品，国家卫生健康委员会，PDF页码 P.23,待说明书补全,P1扩展条目来自国家基本药物目录；具体适应症/剂量/禁忌需说明书二核。,42,Itraconazole
113,P1,国家基本药物目录扩展,两性霉素 B,,,注射用无菌粉末：5mg（5000 单位）、；25mg（2.5 万单位）、50mg（5 万；单位）,,,,,,,《国家基本药物目录（2018年版）》第一部分 化学药品和生物制品，国家卫生健康委员会，PDF页码 P.23,待说明书补全,P1扩展条目来自国家基本药物目录；具体适应症/剂量/禁忌需说明书二核。,43,Amphotericin B
114,P1,国家基本药物目录扩展,卡泊芬净,,,注射用无菌粉末：50mg、70mg；（十四）其他抗菌药,,,,,,,《国家基本药物目录（2018年版）》第一部分 化学药品和生物制品，国家卫生健康委员会，PDF页码 P.23,待说明书补全,P1扩展条目来自国家基本药物目录；具体适应症/剂量/禁忌需说明书二核。,44,Caspofungin
115,P1,国家基本药物目录扩展,小檗碱（黄连素）,,,片剂：50mg、100mg；（十五）抗 病 毒 药,,,,,,,《国家基本药物目录（2018年版）》第一部分 化学药品和生物制品，国家卫生健康委员会，PDF页码 P.23,待说明书补全,P1扩展条目来自国家基本药物目录；具体适应症/剂量/禁忌需说明书二核。,45,Berberine
116,P1,抗感染,阿昔洛韦更昔洛韦,,,Aciclovir 片剂、胶囊：0.2g,,,,,,,《国家基本药物目录（2018年版）》第一部分 化学药品和生物制品，国家卫生健康委员会，PDF页码 P.23,待说明书补全,P1扩展条目来自国家基本药物目录；具体适应症/剂量/禁忌需说明书二核。,46,Ganciclovir
117,P1,国家基本药物目录扩展,更昔洛韦,,,注射用无菌粉末： 0.05g、0.15g、；0.25g,,,,,,,《国家基本药物目录（2018年版）》第一部分 化学药品和生物制品，国家卫生健康委员会，PDF页码 P.23,待说明书补全,P1扩展条目来自国家基本药物目录；具体适应症/剂量/禁忌需说明书二核。,47,Ganciclovir
118,P1,抗感染,奥司他韦,,,胶囊：30mg、45mg、75mg；颗粒剂：15mg、25mg,,,,,,,《国家基本药物目录（2018年版）》第一部分 化学药品和生物制品，国家卫生健康委员会，PDF页码 P.23,待说明书补全,P1扩展条目来自国家基本药物目录；具体适应症/剂量/禁忌需说明书二核。,48,Oseltamivir
119,P1,国家基本药物目录扩展,恩替卡韦,,,片剂：0.5mg、1.0mg；分散片：0.5mg、1.0mg；胶囊：0.5mg；△,,,,,,,《国家基本药物目录（2018年版）》第一部分 化学药品和生物制品，国家卫生健康委员会，PDF页码 P.23,待说明书补全,P1扩展条目来自国家基本药物目录；具体适应症/剂量/禁忌需说明书二核。,49,Entecavir
120,P1,国家基本药物目录扩展,利巴韦林,,,Ribavirin 片剂、胶囊：0.1g,,,,,,,《国家基本药物目录（2018年版）》第一部分 化学药品和生物制品，国家卫生健康委员会，PDF页码 P.23,待说明书补全,P1扩展条目来自国家基本药物目录；具体适应症/剂量/禁忌需说明书二核。,50,
121,P1,国家基本药物目录扩展,索磷布韦维帕他韦,,,片剂：每片含 400mg 索磷布韦和；100mg 维帕他韦；△,,,,,,,《国家基本药物目录（2018年版）》第一部分 化学药品和生物制品，国家卫生健康委员会，PDF页码 P.24,待说明书补全,P1扩展条目来自国家基本药物目录；具体适应症/剂量/禁忌需说明书二核。,51,Sofosbuvir and Velpatasvir
122,P1,国家基本药物目录扩展,替诺福韦二吡呋酯,,,片剂：0.3g；胶囊：0.3g；△,,,,,,,《国家基本药物目录（2018年版）》第一部分 化学药品和生物制品，国家卫生健康委员会，PDF页码 P.24,待说明书补全,P1扩展条目来自国家基本药物目录；具体适应症/剂量/禁忌需说明书二核。,52,Tenofovir Disoproxil
123,P1,国家基本药物目录扩展,重组人干扰素,,,重组人干扰素 α1b 注射液：；10μg:0.5ml、30μg:1ml；注射用重组人干扰素 α1b：10μg、；30μg；重组人干扰素 α2a 注射液、注射用；重组人干扰素 α2a：300万 IU、500；万 IU；重组人干扰素 α2b 注射液、重组人,,,,,,,《国家基本药物目录（2018年版）》第一部分 化学药品和生物制品，国家卫生健康委员会，PDF页码 P.24,待说明书补全,P1扩展条目来自国家基本药物目录；具体适应症/剂量/禁忌需说明书二核。,53,Recombinant Human Interferon
124,P1,国家基本药物目录扩展,氯喹,,,片剂：75mg、250mg；注射液：2ml:80mg、5ml:322mg,,,,,,,《国家基本药物目录（2018年版）》第一部分 化学药品和生物制品，国家卫生健康委员会，PDF页码 P.24,待说明书补全,P1扩展条目来自国家基本药物目录；具体适应症/剂量/禁忌需说明书二核。,55,Chloroquine
125,P1,国家基本药物目录扩展,羟氯喹,,,片剂：0.1g、0.2g △,,,,,,,《国家基本药物目录（2018年版）》第一部分 化学药品和生物制品，国家卫生健康委员会，PDF页码 P.25,待说明书补全,P1扩展条目来自国家基本药物目录；具体适应症/剂量/禁忌需说明书二核。,56,Hydroxychloroquine
126,P1,抗感染,伯氨喹乙胺嘧啶59 青蒿素类药物   注释 3（二）抗阿米巴病药及抗滴虫病药甲硝唑,,,Primaquine 片剂：13.2mg,,,,,,,《国家基本药物目录（2018年版）》第一部分 化学药品和生物制品，国家卫生健康委员会，PDF页码 P.25,待说明书补全,P1扩展条目来自国家基本药物目录；具体适应症/剂量/禁忌需说明书二核。,57,
127,P1,抗感染,乙胺嘧啶59 青蒿素类药物   注释 3（二）抗阿米巴病药及抗滴虫病药甲硝唑,,,Pyrimethamine 片剂：6.25mg；*(30)；片剂、胶囊：0.2g；氯化钠注射液：100ml:0.5g；（三）抗利什曼原虫病药,,,,,,,《国家基本药物目录（2018年版）》第一部分 化学药品和生物制品，国家卫生健康委员会，PDF页码 P.25,待说明书补全,P1扩展条目来自国家基本药物目录；具体适应症/剂量/禁忌需说明书二核。,58,Metronidazole
128,P1,国家基本药物目录扩展,葡萄糖酸锑钠,,,注射液：6ml（按锑计 0.6g，约相当；于葡萄糖酸锑钠 1.9g）；（四）抗血吸虫病药,,,,,,,《国家基本药物目录（2018年版）》第一部分 化学药品和生物制品，国家卫生健康委员会，PDF页码 P.25,待说明书补全,P1扩展条目来自国家基本药物目录；具体适应症/剂量/禁忌需说明书二核。,60,Sodium Stibogluconate
129,P1,国家基本药物目录扩展,吡喹酮（五）驱 肠 虫 药阿苯达唑,,,Praziquantel 片剂：0.2g,,,,,,,《国家基本药物目录（2018年版）》第一部分 化学药品和生物制品，国家卫生健康委员会，PDF页码 P.25,待说明书补全,P1扩展条目来自国家基本药物目录；具体适应症/剂量/禁忌需说明书二核。,61,
130,P1,国家基本药物目录扩展,阿苯达唑,,,Albendazole 片剂、胶囊：0.1g、0.2g,,,,,,,《国家基本药物目录（2018年版）》第一部分 化学药品和生物制品，国家卫生健康委员会，PDF页码 P.25,待说明书补全,P1扩展条目来自国家基本药物目录；具体适应症/剂量/禁忌需说明书二核。,62,
131,P1,国家基本药物目录扩展,利多卡因,,,（碳酸盐 ） 注射液：5ml:86.5mg、；10ml:0.173g；（盐酸盐）注射液：2ml:4mg、5ml:0.1g、；10ml:0.2g；胶浆剂：10g:0.2g,,,,,,,《国家基本药物目录（2018年版）》第一部分 化学药品和生物制品，国家卫生健康委员会，PDF页码 P.26,待说明书补全,P1扩展条目来自国家基本药物目录；具体适应症/剂量/禁忌需说明书二核。,63,Lidocaine
132,P1,国家基本药物目录扩展,布比卡因罗哌卡因,,,Bupivacaine 注射液：5ml:25mg、5ml:37.5mg △,,,,,,,《国家基本药物目录（2018年版）》第一部分 化学药品和生物制品，国家卫生健康委员会，PDF页码 P.26,待说明书补全,P1扩展条目来自国家基本药物目录；具体适应症/剂量/禁忌需说明书二核。,64,Ropivacaine
133,P1,国家基本药物目录扩展,罗哌卡因,,,（盐酸盐）注射液：10ml:75mg、；10ml:100mg；△；（二）全身麻醉药,,,,,,,《国家基本药物目录（2018年版）》第一部分 化学药品和生物制品，国家卫生健康委员会，PDF页码 P.26,待说明书补全,P1扩展条目来自国家基本药物目录；具体适应症/剂量/禁忌需说明书二核。,65,Ropivacaine
134,P1,镇痛/解热,氯胺酮丙泊酚瑞芬太尼,,,Ketamine 注射液：2ml:0.1g、10ml:0.1g △,,,,,,,《国家基本药物目录（2018年版）》第一部分 化学药品和生物制品，国家卫生健康委员会，PDF页码 P.26,待说明书补全,P1扩展条目来自国家基本药物目录；具体适应症/剂量/禁忌需说明书二核。,66,Remifentanil
135,P1,镇痛/解热,丙泊酚瑞芬太尼,,,Propofol 注射液：20ml:0.2g、50ml:0.5g △,,,,,,,《国家基本药物目录（2018年版）》第一部分 化学药品和生物制品，国家卫生健康委员会，PDF页码 P.26,待说明书补全,P1扩展条目来自国家基本药物目录；具体适应症/剂量/禁忌需说明书二核。,67,Remifentanil
136,P1,镇痛/解热,瑞芬太尼,,,注射用无菌粉末：1mg、2mg、5mg △,,,,,,,《国家基本药物目录（2018年版）》第一部分 化学药品和生物制品，国家卫生健康委员会，PDF页码 P.26,待说明书补全,P1扩展条目来自国家基本药物目录；具体适应症/剂量/禁忌需说明书二核。,68,Remifentanil
137,P1,国家基本药物目录扩展,七氟烷,,,吸入溶液剂：100ml、120ml、250ml △,,,,,,,《国家基本药物目录（2018年版）》第一部分 化学药品和生物制品，国家卫生健康委员会，PDF页码 P.26,待说明书补全,P1扩展条目来自国家基本药物目录；具体适应症/剂量/禁忌需说明书二核。,69,Sevoflurane
138,P1,国家基本药物目录扩展,罗库溴铵,,,注射液：2.5ml:25mg、5ml:50mg △,,,,,,,《国家基本药物目录（2018年版）》第一部分 化学药品和生物制品，国家卫生健康委员会，PDF页码 P.26,待说明书补全,P1扩展条目来自国家基本药物目录；具体适应症/剂量/禁忌需说明书二核。,70,Rocuronium Bromide
139,P1,国家基本药物目录扩展,氯化琥珀胆碱维库溴铵（一）镇痛药,,,Suxamethonium Chloride 注射液：1ml:50mg、2ml:100mg,,,,,,,《国家基本药物目录（2018年版）》第一部分 化学药品和生物制品，国家卫生健康委员会，PDF页码 P.27,待说明书补全,P1扩展条目来自国家基本药物目录；具体适应症/剂量/禁忌需说明书二核。,71,
140,P1,镇痛/解热,维库溴铵（一）镇痛药芬太尼,,,Vecuronium Bromide 注射用无菌粉末：4mg,,,,,,,《国家基本药物目录（2018年版）》第一部分 化学药品和生物制品，国家卫生健康委员会，PDF页码 P.27,待说明书补全,P1扩展条目来自国家基本药物目录；具体适应症/剂量/禁忌需说明书二核。,72,
141,P1,镇痛/解热,芬太尼哌替啶吗啡Morphine 片剂、缓释片、注射液 △,,,Fentanyl 注射液：2ml:0.1mg △,,,,,,,《国家基本药物目录（2018年版）》第一部分 化学药品和生物制品，国家卫生健康委员会，PDF页码 P.27,待说明书补全,P1扩展条目来自国家基本药物目录；具体适应症/剂量/禁忌需说明书二核。,73,
142,P1,镇痛/解热,哌替啶吗啡Morphine 片剂、缓释片、注射液 △普瑞巴林（二）解热镇痛、抗炎、抗风湿药,,,Pethidine 注射液：1ml:50mg、2ml:100mg △,,,,,,,《国家基本药物目录（2018年版）》第一部分 化学药品和生物制品，国家卫生健康委员会，PDF页码 P.27,待说明书补全,P1扩展条目来自国家基本药物目录；具体适应症/剂量/禁忌需说明书二核。,74,
143,P1,镇痛/解热,吗啡Morphine 片剂、缓释片、注射液 △普瑞巴林（二）解热镇痛、抗炎、抗风湿药对乙酰氨基酚,,,,,,,,,,《国家基本药物目录（2018年版）》第一部分 化学药品和生物制品，国家卫生健康委员会，PDF页码 P.27,待说明书补全,P1扩展条目来自国家基本药物目录；具体适应症/剂量/禁忌需说明书二核。,75,Paracetamol
144,P1,镇痛/解热,普瑞巴林（二）解热镇痛、抗炎、抗风湿药对乙酰氨基酚,,,Pregabalin 胶囊：75mg、150mg,,,,,,,《国家基本药物目录（2018年版）》第一部分 化学药品和生物制品，国家卫生健康委员会，PDF页码 P.27,待说明书补全,P1扩展条目来自国家基本药物目录；具体适应症/剂量/禁忌需说明书二核。,76,Paracetamol
145,P1,镇痛/解热,双氯芬酸钠,,,肠溶片：25mg；缓释（片剂、胶囊）：50mg、100mg,,,,,,,《国家基本药物目录（2018年版）》第一部分 化学药品和生物制品，国家卫生健康委员会，PDF页码 P.28,待说明书补全,P1扩展条目来自国家基本药物目录；具体适应症/剂量/禁忌需说明书二核。,80,Sodium Diclofenac
146,P1,镇痛/解热,吲哚美辛羟氯喹,,,Indometacin 栓剂：25mg、50mg、100mg；*(56)；片剂：0.1g、0.2g △,,,,,,,《国家基本药物目录（2018年版）》第一部分 化学药品和生物制品，国家卫生健康委员会，PDF页码 P.28,待说明书补全,P1扩展条目来自国家基本药物目录；具体适应症/剂量/禁忌需说明书二核。,81,Hydroxychloroquine
147,P1,国家基本药物目录扩展,来氟米特,,,片剂：5mg、10mg、20mg △,,,,,,,《国家基本药物目录（2018年版）》第一部分 化学药品和生物制品，国家卫生健康委员会，PDF页码 P.28,待说明书补全,P1扩展条目来自国家基本药物目录；具体适应症/剂量/禁忌需说明书二核。,82,Leflunomide
148,P1,国家基本药物目录扩展,美沙拉秦（嗪）,,,肠溶片：0.5g；缓释片：0.5g；栓剂：0.5g、1g；缓释颗粒：0.5g；灌肠剂：60g:4g,,,,,,,《国家基本药物目录（2018年版）》第一部分 化学药品和生物制品，国家卫生健康委员会，PDF页码 P.28,待说明书补全,P1扩展条目来自国家基本药物目录；具体适应症/剂量/禁忌需说明书二核。,83,Mesalazine
149,P1,国家基本药物目录扩展,青霉胺（三）抗 痛 风 药别嘌醇,,,Penicillamine 片剂：0.125g △,,,,,,,《国家基本药物目录（2018年版）》第一部分 化学药品和生物制品，国家卫生健康委员会，PDF页码 P.28,待说明书补全,P1扩展条目来自国家基本药物目录；具体适应症/剂量/禁忌需说明书二核。,84,
150,P1,国家基本药物目录扩展,别嘌醇,,,Allopurinol 片剂：0.1g,,,,,,,《国家基本药物目录（2018年版）》第一部分 化学药品和生物制品，国家卫生健康委员会，PDF页码 P.28,待说明书补全,P1扩展条目来自国家基本药物目录；具体适应症/剂量/禁忌需说明书二核。,85,
151,P1,国家基本药物目录扩展,秋水仙碱苯溴马隆,,,Colchicine 片剂：0.5mg,,,,,,,《国家基本药物目录（2018年版）》第一部分 化学药品和生物制品，国家卫生健康委员会，PDF页码 P.29,待说明书补全,P1扩展条目来自国家基本药物目录；具体适应症/剂量/禁忌需说明书二核。,86,Benzbromarone
152,P1,国家基本药物目录扩展,苯溴马隆,,,片剂：50mg；胶囊：50mg,,,,,,,《国家基本药物目录（2018年版）》第一部分 化学药品和生物制品，国家卫生健康委员会，PDF页码 P.29,待说明书补全,P1扩展条目来自国家基本药物目录；具体适应症/剂量/禁忌需说明书二核。,87,Benzbromarone
153,P1,国家基本药物目录扩展,金刚烷胺苯海索多巴丝肼,,,Amantadine 片剂：0.1g,,,,,,,《国家基本药物目录（2018年版）》第一部分 化学药品和生物制品，国家卫生健康委员会，PDF页码 P.29,待说明书补全,P1扩展条目来自国家基本药物目录；具体适应症/剂量/禁忌需说明书二核。,88,Levodopa and Benserazide Hydrochloride
154,P1,国家基本药物目录扩展,苯海索多巴丝肼,,,Trihexyphenidyl 片剂：2mg,,,,,,,《国家基本药物目录（2018年版）》第一部分 化学药品和生物制品，国家卫生健康委员会，PDF页码 P.29,待说明书补全,P1扩展条目来自国家基本药物目录；具体适应症/剂量/禁忌需说明书二核。,89,Levodopa and Benserazide Hydrochloride
155,P1,国家基本药物目录扩展,多巴丝肼,,,片剂：0.25g（0.2g:0.05g）（左旋多；巴:苄丝肼）；胶囊：0.25g（0.2g:0.05g）、0.125g；（0.1g:0.025g）（左旋多巴:苄丝肼）,,,,,,,《国家基本药物目录（2018年版）》第一部分 化学药品和生物制品，国家卫生健康委员会，PDF页码 P.29,待说明书补全,P1扩展条目来自国家基本药物目录；具体适应症/剂量/禁忌需说明书二核。,90,Levodopa and Benserazide Hydrochloride
156,P1,国家基本药物目录扩展,普拉克索,,,片剂：0.125mg、0.25mg、1.0mg；缓释片：0.375mg、0.75mg、1.5mg、；3.0mg、4.5mg；△,,,,,,,《国家基本药物目录（2018年版）》第一部分 化学药品和生物制品，国家卫生健康委员会，PDF页码 P.29,待说明书补全,P1扩展条目来自国家基本药物目录；具体适应症/剂量/禁忌需说明书二核。,91,Pramipexole
157,P1,国家基本药物目录扩展,溴隐亭,,,片剂：2.5mg,,,,,,,《国家基本药物目录（2018年版）》第一部分 化学药品和生物制品，国家卫生健康委员会，PDF页码 P.29,待说明书补全,P1扩展条目来自国家基本药物目录；具体适应症/剂量/禁忌需说明书二核。,92,Bromocriptine
158,P1,精神/神经,新斯的明溴吡斯的明（三）抗 癫 痫 药卡马西平,,,Neostigmine 注射液：1ml:0.5mg、2ml:1mg,,,,,,,《国家基本药物目录（2018年版）》第一部分 化学药品和生物制品，国家卫生健康委员会，PDF页码 P.30,待说明书补全,P1扩展条目来自国家基本药物目录；具体适应症/剂量/禁忌需说明书二核。,93,
159,P1,精神/神经,溴吡斯的明（三）抗 癫 痫 药卡马西平奥卡西平,,,Pyridostigmine Bromide 片剂：60mg,,,,,,,《国家基本药物目录（2018年版）》第一部分 化学药品和生物制品，国家卫生健康委员会，PDF页码 P.30,待说明书补全,P1扩展条目来自国家基本药物目录；具体适应症/剂量/禁忌需说明书二核。,94,Oxcarbazepine
160,P1,精神/神经,卡马西平奥卡西平,,,Carbamazepine 片剂：0.1g、0.2g,,,,,,,《国家基本药物目录（2018年版）》第一部分 化学药品和生物制品，国家卫生健康委员会，PDF页码 P.30,待说明书补全,P1扩展条目来自国家基本药物目录；具体适应症/剂量/禁忌需说明书二核。,95,Oxcarbazepine
161,P1,国家基本药物目录扩展,奥卡西平,,,片剂：0.15g、0.3g；混悬液：60mg/ml,,,,,,,《国家基本药物目录（2018年版）》第一部分 化学药品和生物制品，国家卫生健康委员会，PDF页码 P.30,待说明书补全,P1扩展条目来自国家基本药物目录；具体适应症/剂量/禁忌需说明书二核。,96,Oxcarbazepine
162,P1,精神/神经,丙戊酸钠,,,片剂：0.1g、0.2g；口服溶液剂：300ml:12g；注射用无菌粉末：0.4g,,,,,,,《国家基本药物目录（2018年版）》第一部分 化学药品和生物制品，国家卫生健康委员会，PDF页码 P.30,待说明书补全,P1扩展条目来自国家基本药物目录；具体适应症/剂量/禁忌需说明书二核。,97,Sodium Valproate
163,P1,精神/神经,苯妥英钠,,,片剂：50mg、100mg；注射用无菌粉末：0.1g、0.25g,,,,,,,《国家基本药物目录（2018年版）》第一部分 化学药品和生物制品，国家卫生健康委员会，PDF页码 P.30,待说明书补全,P1扩展条目来自国家基本药物目录；具体适应症/剂量/禁忌需说明书二核。,98,Phenytoin Sodium
164,P1,精神/神经,苯巴比妥,,,片剂：15mg、30mg、100mg；注射液：1ml:0.1g、2ml:0.2g；注射用无菌粉末：0.1g,,,,,,,《国家基本药物目录（2018年版）》第一部分 化学药品和生物制品，国家卫生健康委员会，PDF页码 P.30,待说明书补全,P1扩展条目来自国家基本药物目录；具体适应症/剂量/禁忌需说明书二核。,99,Phenobarbital
165,P1,国家基本药物目录扩展,拉莫三嗪,,,片剂：25mg、50mg、100mg；分散片：25mg、50mg,,,,,,,《国家基本药物目录（2018年版）》第一部分 化学药品和生物制品，国家卫生健康委员会，PDF页码 P.30,待说明书补全,P1扩展条目来自国家基本药物目录；具体适应症/剂量/禁忌需说明书二核。,100,Lamotrigine
166,P1,国家基本药物目录扩展,尼莫地平甘露醇,,,Nimodipine 片剂、胶囊：20mg、30mg,,,,,,,《国家基本药物目录（2018年版）》第一部分 化学药品和生物制品，国家卫生健康委员会，PDF页码 P.31,待说明书补全,P1扩展条目来自国家基本药物目录；具体适应症/剂量/禁忌需说明书二核。,101,Mannitol
167,P1,国家基本药物目录扩展,甘露醇,,,注射液： 20ml:4g 、 50ml:10g 、；100ml:20g、250ml:50g；注射液：3000ml:150g（冲洗用）,,,,,,,《国家基本药物目录（2018年版）》第一部分 化学药品和生物制品，国家卫生健康委员会，PDF页码 P.31,待说明书补全,P1扩展条目来自国家基本药物目录；具体适应症/剂量/禁忌需说明书二核。,102,Mannitol
168,P1,国家基本药物目录扩展,倍他司汀氟桂利嗪（五）中枢兴奋药胞磷胆碱钠,,,Betahistine （盐酸盐）片剂：4mg,,,,,,,《国家基本药物目录（2018年版）》第一部分 化学药品和生物制品，国家卫生健康委员会，PDF页码 P.31,待说明书补全,P1扩展条目来自国家基本药物目录；具体适应症/剂量/禁忌需说明书二核。,103,Citicoline Sodium
169,P1,国家基本药物目录扩展,氟桂利嗪（五）中枢兴奋药胞磷胆碱钠,,,Flunarizine 片剂、胶囊：5mg,,,,,,,《国家基本药物目录（2018年版）》第一部分 化学药品和生物制品，国家卫生健康委员会，PDF页码 P.31,待说明书补全,P1扩展条目来自国家基本药物目录；具体适应症/剂量/禁忌需说明书二核。,104,Citicoline Sodium
170,P1,国家基本药物目录扩展,胞磷胆碱钠,,,注射液：2ml:0.25g；氯化钠注射液、葡萄糖注射液：；100ml:0.25g,,,,,,,《国家基本药物目录（2018年版）》第一部分 化学药品和生物制品，国家卫生健康委员会，PDF页码 P.31,待说明书补全,P1扩展条目来自国家基本药物目录；具体适应症/剂量/禁忌需说明书二核。,105,Citicoline Sodium
171,P1,国家基本药物目录扩展,尼可刹米洛贝林（六）抗 痴 呆 药石杉碱甲,,,Nikethamide 注射液：1.5ml:0.375g、2ml:0.5g,,,,,,,《国家基本药物目录（2018年版）》第一部分 化学药品和生物制品，国家卫生健康委员会，PDF页码 P.31,待说明书补全,P1扩展条目来自国家基本药物目录；具体适应症/剂量/禁忌需说明书二核。,106,
172,P1,国家基本药物目录扩展,洛贝林（六）抗 痴 呆 药石杉碱甲,,,Lobeline 注射液：1ml:3mg、1ml:10mg,,,,,,,《国家基本药物目录（2018年版）》第一部分 化学药品和生物制品，国家卫生健康委员会，PDF页码 P.31,待说明书补全,P1扩展条目来自国家基本药物目录；具体适应症/剂量/禁忌需说明书二核。,107,
173,P1,国家基本药物目录扩展,石杉碱甲,,,Huperzine A 片剂、胶囊：50μg,,,,,,,《国家基本药物目录（2018年版）》第一部分 化学药品和生物制品，国家卫生健康委员会，PDF页码 P.31,待说明书补全,P1扩展条目来自国家基本药物目录；具体适应症/剂量/禁忌需说明书二核。,108,
174,P1,国家基本药物目录扩展,奋乃静,,,片剂：2mg、4mg；注射液：1ml:5mg；△,,,,,,,《国家基本药物目录（2018年版）》第一部分 化学药品和生物制品，国家卫生健康委员会，PDF页码 P.32,待说明书补全,P1扩展条目来自国家基本药物目录；具体适应症/剂量/禁忌需说明书二核。,109,Perphenazine
175,P1,国家基本药物目录扩展,氯丙嗪,,,片剂：12.5mg、25mg、50mg；注射液： 1ml:10mg、 1ml:25mg、；2ml:50mg,,,,,,,《国家基本药物目录（2018年版）》第一部分 化学药品和生物制品，国家卫生健康委员会，PDF页码 P.32,待说明书补全,P1扩展条目来自国家基本药物目录；具体适应症/剂量/禁忌需说明书二核。,110,Chlorpromazine
176,P1,国家基本药物目录扩展,氟哌啶醇,,,片剂：2mg、4mg；注射液：1ml:5mg；△,,,,,,,《国家基本药物目录（2018年版）》第一部分 化学药品和生物制品，国家卫生健康委员会，PDF页码 P.32,待说明书补全,P1扩展条目来自国家基本药物目录；具体适应症/剂量/禁忌需说明书二核。,111,Haloperidol
177,P1,国家基本药物目录扩展,舒必利氨磺必利,,,Sulpiride 片剂：10mg、50mg、100mg,,,,,,,《国家基本药物目录（2018年版）》第一部分 化学药品和生物制品，国家卫生健康委员会，PDF页码 P.32,待说明书补全,P1扩展条目来自国家基本药物目录；具体适应症/剂量/禁忌需说明书二核。,112,Amisulpride
178,P1,国家基本药物目录扩展,氨磺必利,,,片剂：50mg、200mg △,,,,,,,《国家基本药物目录（2018年版）》第一部分 化学药品和生物制品，国家卫生健康委员会，PDF页码 P.32,待说明书补全,P1扩展条目来自国家基本药物目录；具体适应症/剂量/禁忌需说明书二核。,113,Amisulpride
179,P1,精神/神经,癸氟奋乃静氯氮平奥氮平,,,Fluphenazine Decanoate 注射液：1ml:25mg △,,,,,,,《国家基本药物目录（2018年版）》第一部分 化学药品和生物制品，国家卫生健康委员会，PDF页码 P.32,待说明书补全,P1扩展条目来自国家基本药物目录；具体适应症/剂量/禁忌需说明书二核。,114,Olanzapine
180,P1,精神/神经,氯氮平奥氮平,,,Clozapine 片剂：25mg、50mg △,,,,,,,《国家基本药物目录（2018年版）》第一部分 化学药品和生物制品，国家卫生健康委员会，PDF页码 P.32,待说明书补全,P1扩展条目来自国家基本药物目录；具体适应症/剂量/禁忌需说明书二核。,115,Olanzapine
181,P1,国家基本药物目录扩展,帕利哌酮,,,缓释片：3mg、6mg、9mg；（棕榈酸酯）注射液：0.75ml:75mg、；1.0ml:100mg、1.5ml:150mg；△,,,,,,,《国家基本药物目录（2018年版）》第一部分 化学药品和生物制品，国家卫生健康委员会，PDF页码 P.33,待说明书补全,P1扩展条目来自国家基本药物目录；具体适应症/剂量/禁忌需说明书二核。,118,Paliperidone
182,P1,国家基本药物目录扩展,喹硫平阿立哌唑,,,Quetiapine 片剂：25mg、100mg △,,,,,,,《国家基本药物目录（2018年版）》第一部分 化学药品和生物制品，国家卫生健康委员会，PDF页码 P.33,待说明书补全,P1扩展条目来自国家基本药物目录；具体适应症/剂量/禁忌需说明书二核。,119,Aripiprazole
183,P1,国家基本药物目录扩展,阿立哌唑,,,片剂、胶囊、口腔崩解片： 5mg、；10mg；△,,,,,,,《国家基本药物目录（2018年版）》第一部分 化学药品和生物制品，国家卫生健康委员会，PDF页码 P.33,待说明书补全,P1扩展条目来自国家基本药物目录；具体适应症/剂量/禁忌需说明书二核。,120,Aripiprazole
184,P1,国家基本药物目录扩展,五氟利多（二）抗 抑 郁 药帕罗西汀氟西汀,,,Penfluridol 片剂：20mg △,,,,,,,《国家基本药物目录（2018年版）》第一部分 化学药品和生物制品，国家卫生健康委员会，PDF页码 P.33,待说明书补全,P1扩展条目来自国家基本药物目录；具体适应症/剂量/禁忌需说明书二核。,121,Fluoxetine
185,P1,国家基本药物目录扩展,帕罗西汀氟西汀,,,Paroxetine 片剂：20mg    △,,,,,,,《国家基本药物目录（2018年版）》第一部分 化学药品和生物制品，国家卫生健康委员会，PDF页码 P.33,待说明书补全,P1扩展条目来自国家基本药物目录；具体适应症/剂量/禁忌需说明书二核。,122,Fluoxetine
186,P1,国家基本药物目录扩展,氟西汀,,,片剂：10mg；胶囊：20mg；分散片：20mg；△,,,,,,,《国家基本药物目录（2018年版）》第一部分 化学药品和生物制品，国家卫生健康委员会，PDF页码 P.33,待说明书补全,P1扩展条目来自国家基本药物目录；具体适应症/剂量/禁忌需说明书二核。,123,Fluoxetine
187,P1,国家基本药物目录扩展,阿米替林多塞平米氮平,,,Amitriptyline 片剂：25mg,,,,,,,《国家基本药物目录（2018年版）》第一部分 化学药品和生物制品，国家卫生健康委员会，PDF页码 P.33,待说明书补全,P1扩展条目来自国家基本药物目录；具体适应症/剂量/禁忌需说明书二核。,124,
188,P1,国家基本药物目录扩展,多塞平米氮平氯米帕明,,,Doxepin 片剂：25mg △,,,,,,,《国家基本药物目录（2018年版）》第一部分 化学药品和生物制品，国家卫生健康委员会，PDF页码 P.33,待说明书补全,P1扩展条目来自国家基本药物目录；具体适应症/剂量/禁忌需说明书二核。,125,Clomipramine
189,P1,国家基本药物目录扩展,米氮平氯米帕明,,,Mirtazapine 片剂：15mg、30mg △,,,,,,,《国家基本药物目录（2018年版）》第一部分 化学药品和生物制品，国家卫生健康委员会，PDF页码 P.33,待说明书补全,P1扩展条目来自国家基本药物目录；具体适应症/剂量/禁忌需说明书二核。,126,Clomipramine
190,P1,国家基本药物目录扩展,氯米帕明,,,片剂：10mg、25mg；注射液：2ml：25mg △,,,,,,,《国家基本药物目录（2018年版）》第一部分 化学药品和生物制品，国家卫生健康委员会，PDF页码 P.33,待说明书补全,P1扩展条目来自国家基本药物目录；具体适应症/剂量/禁忌需说明书二核。,127,Clomipramine
191,P1,国家基本药物目录扩展,碳酸锂,,,Lithium Carbonate 片剂：0.25g △,,,,,,,《国家基本药物目录（2018年版）》第一部分 化学药品和生物制品，国家卫生健康委员会，PDF页码 P.34,待说明书补全,P1扩展条目来自国家基本药物目录；具体适应症/剂量/禁忌需说明书二核。,137,
192,P1,国家基本药物目录扩展,佐匹克隆咪达唑仑唑吡坦,,,Zopiclone 片剂：3.75mg、7.5mg,,,,,,,《国家基本药物目录（2018年版）》第一部分 化学药品和生物制品，国家卫生健康委员会，PDF页码 P.35,待说明书补全,P1扩展条目来自国家基本药物目录；具体适应症/剂量/禁忌需说明书二核。,138,
193,P1,国家基本药物目录扩展,咪达唑仑唑吡坦（一）抗心绞痛药,,,Midazolam 注射液：1ml:5mg、2ml:10mg △,,,,,,,《国家基本药物目录（2018年版）》第一部分 化学药品和生物制品，国家卫生健康委员会，PDF页码 P.35,待说明书补全,P1扩展条目来自国家基本药物目录；具体适应症/剂量/禁忌需说明书二核。,139,
194,P1,国家基本药物目录扩展,唑吡坦（一）抗心绞痛药硝酸甘油,,,Zolpidem 片剂：5mg、10mg △,,,,,,,《国家基本药物目录（2018年版）》第一部分 化学药品和生物制品，国家卫生健康委员会，PDF页码 P.35,待说明书补全,P1扩展条目来自国家基本药物目录；具体适应症/剂量/禁忌需说明书二核。,140,Nitroglycerin
195,P1,国家基本药物目录扩展,硝酸甘油,,,片剂：0.5mg；注射液：1ml:5mg,,,,,,,《国家基本药物目录（2018年版）》第一部分 化学药品和生物制品，国家卫生健康委员会，PDF页码 P.35,待说明书补全,P1扩展条目来自国家基本药物目录；具体适应症/剂量/禁忌需说明书二核。,141,Nitroglycerin
196,P1,国家基本药物目录扩展,硝酸异山梨酯,,,片剂：5mg；氯化钠注射液、葡萄糖注射液：；100ml:10mg,,,,,,,《国家基本药物目录（2018年版）》第一部分 化学药品和生物制品，国家卫生健康委员会，PDF页码 P.35,待说明书补全,P1扩展条目来自国家基本药物目录；具体适应症/剂量/禁忌需说明书二核。,142,Isosorbide Dinitrate
197,P1,国家基本药物目录扩展,单硝酸异山梨酯,,,片剂：10mg、20mg；缓释片：30mg、40mg、50mg、60mg；注射液：1ml:10mg、5ml:20mg,,,,,,,《国家基本药物目录（2018年版）》第一部分 化学药品和生物制品，国家卫生健康委员会，PDF页码 P.35,待说明书补全,P1扩展条目来自国家基本药物目录；具体适应症/剂量/禁忌需说明书二核。,143,Isosorbide Mononitrate
198,P1,心血管/降压,硝苯地平地尔硫尼可地尔,,,Nifedipine 片剂：5mg、10mg,,,,,,,《国家基本药物目录（2018年版）》第一部分 化学药品和生物制品，国家卫生健康委员会，PDF页码 P.36,待说明书补全,P1扩展条目来自国家基本药物目录；具体适应症/剂量/禁忌需说明书二核。,144,Nicorandil
199,P1,国家基本药物目录扩展,地尔硫尼可地尔,,,Diltiazem 片剂：30mg,,,,,,,《国家基本药物目录（2018年版）》第一部分 化学药品和生物制品，国家卫生健康委员会，PDF页码 P.36,待说明书补全,P1扩展条目来自国家基本药物目录；具体适应症/剂量/禁忌需说明书二核。,145,Nicorandil
200,P1,国家基本药物目录扩展,尼可地尔,,,片剂：5mg；（二）抗心律失常药,,,,,,,《国家基本药物目录（2018年版）》第一部分 化学药品和生物制品，国家卫生健康委员会，PDF页码 P.36,待说明书补全,P1扩展条目来自国家基本药物目录；具体适应症/剂量/禁忌需说明书二核。,146,Nicorandil
201,P1,国家基本药物目录扩展,美西律普罗帕酮,,,Mexiletine 片剂：50mg、100mg,,,,,,,《国家基本药物目录（2018年版）》第一部分 化学药品和生物制品，国家卫生健康委员会，PDF页码 P.36,待说明书补全,P1扩展条目来自国家基本药物目录；具体适应症/剂量/禁忌需说明书二核。,147,Propafenone
202,P1,国家基本药物目录扩展,普罗帕酮,,,片剂：50mg、100mg；注射液：10ml:35mg,,,,,,,《国家基本药物目录（2018年版）》第一部分 化学药品和生物制品，国家卫生健康委员会，PDF页码 P.36,待说明书补全,P1扩展条目来自国家基本药物目录；具体适应症/剂量/禁忌需说明书二核。,148,Propafenone
203,P1,心血管/降压,普萘洛尔阿替洛尔美托洛尔,,,Propranolol 片剂：10mg,,,,,,,《国家基本药物目录（2018年版）》第一部分 化学药品和生物制品，国家卫生健康委员会，PDF页码 P.36,待说明书补全,P1扩展条目来自国家基本药物目录；具体适应症/剂量/禁忌需说明书二核。,149,Metoprolol
204,P1,心血管/降压,阿替洛尔美托洛尔,,,Atenolol 片剂：12.5mg、25mg、50mg,,,,,,,《国家基本药物目录（2018年版）》第一部分 化学药品和生物制品，国家卫生健康委员会，PDF页码 P.36,待说明书补全,P1扩展条目来自国家基本药物目录；具体适应症/剂量/禁忌需说明书二核。,150,Metoprolol
205,P1,国家基本药物目录扩展,艾司洛尔,,,注射液：1ml:0.1g、2ml:0.2g、；10ml:0.1g,,,,,,,《国家基本药物目录（2018年版）》第一部分 化学药品和生物制品，国家卫生健康委员会，PDF页码 P.36,待说明书补全,P1扩展条目来自国家基本药物目录；具体适应症/剂量/禁忌需说明书二核。,152,Esmolol
206,P1,国家基本药物目录扩展,索他洛尔,,,片剂：80mg,,,,,,,《国家基本药物目录（2018年版）》第一部分 化学药品和生物制品，国家卫生健康委员会，PDF页码 P.36,待说明书补全,P1扩展条目来自国家基本药物目录；具体适应症/剂量/禁忌需说明书二核。,153,Sotalol
207,P1,国家基本药物目录扩展,胺碘酮,,,片剂：0.2g；注射液：2ml:0.15g,,,,,,,《国家基本药物目录（2018年版）》第一部分 化学药品和生物制品，国家卫生健康委员会，PDF页码 P.36,待说明书补全,P1扩展条目来自国家基本药物目录；具体适应症/剂量/禁忌需说明书二核。,154,Amiodarone
208,P1,国家基本药物目录扩展,维拉帕米,,,片剂：40mg；注射液：2ml:5mg,,,,,,,《国家基本药物目录（2018年版）》第一部分 化学药品和生物制品，国家卫生健康委员会，PDF页码 P.37,待说明书补全,P1扩展条目来自国家基本药物目录；具体适应症/剂量/禁忌需说明书二核。,155,Verapamil
209,P1,国家基本药物目录扩展,伊布利特,,,注射液：10ml:1mg △,,,,,,,《国家基本药物目录（2018年版）》第一部分 化学药品和生物制品，国家卫生健康委员会，PDF页码 P.37,待说明书补全,P1扩展条目来自国家基本药物目录；具体适应症/剂量/禁忌需说明书二核。,156,Ibutilide
210,P1,国家基本药物目录扩展,莫雷西嗪,,,片剂：50mg；（三）抗心力衰竭药,,,,,,,《国家基本药物目录（2018年版）》第一部分 化学药品和生物制品，国家卫生健康委员会，PDF页码 P.37,待说明书补全,P1扩展条目来自国家基本药物目录；具体适应症/剂量/禁忌需说明书二核。,157,Moricizine
211,P1,国家基本药物目录扩展,地高辛,,,片剂：0.25mg；口服溶液剂：10ml:0.5mg、；30ml:1.5mg、50ml:2.5mg、；100ml:5mg；注射液：2ml:0.5mg；△,,,,,,,《国家基本药物目录（2018年版）》第一部分 化学药品和生物制品，国家卫生健康委员会，PDF页码 P.37,待说明书补全,P1扩展条目来自国家基本药物目录；具体适应症/剂量/禁忌需说明书二核。,158,Digoxin
212,P1,国家基本药物目录扩展,去乙酰毛花苷伊伐布雷定,,,Deslanoside 注射液：2ml:0.4mg,,,,,,,《国家基本药物目录（2018年版）》第一部分 化学药品和生物制品，国家卫生健康委员会，PDF页码 P.37,待说明书补全,P1扩展条目来自国家基本药物目录；具体适应症/剂量/禁忌需说明书二核。,159,Ivabradine
213,P1,国家基本药物目录扩展,伊伐布雷定,,,片剂：5mg、7.5mg；（四）抗高血压药,,,,,,,《国家基本药物目录（2018年版）》第一部分 化学药品和生物制品，国家卫生健康委员会，PDF页码 P.37,待说明书补全,P1扩展条目来自国家基本药物目录；具体适应症/剂量/禁忌需说明书二核。,160,Ivabradine
214,P1,心血管/降压,卡托普利依那普利赖诺普利,,,Captopril 片剂：12.5mg、25mg,,,,,,,《国家基本药物目录（2018年版）》第一部分 化学药品和生物制品，国家卫生健康委员会，PDF页码 P.37,待说明书补全,P1扩展条目来自国家基本药物目录；具体适应症/剂量/禁忌需说明书二核。,161,Lisinopril
215,P1,心血管/降压,依那普利赖诺普利,,,Enalapril 片剂：2.5mg、5mg、10mg 注释 4,,,,,,,《国家基本药物目录（2018年版）》第一部分 化学药品和生物制品，国家卫生健康委员会，PDF页码 P.37,待说明书补全,P1扩展条目来自国家基本药物目录；具体适应症/剂量/禁忌需说明书二核。,162,Lisinopril
216,P1,国家基本药物目录扩展,赖诺普利,,,片剂：5mg、10mg；胶囊：5mg、10mg,,,,,,,《国家基本药物目录（2018年版）》第一部分 化学药品和生物制品，国家卫生健康委员会，PDF页码 P.37,待说明书补全,P1扩展条目来自国家基本药物目录；具体适应症/剂量/禁忌需说明书二核。,163,Lisinopril
217,P1,心血管/降压,缬沙坦缬沙坦氨氯地平,,,Valsartan 胶囊：80mg,,,,,,,《国家基本药物目录（2018年版）》第一部分 化学药品和生物制品，国家卫生健康委员会，PDF页码 P.38,待说明书补全,P1扩展条目来自国家基本药物目录；具体适应症/剂量/禁忌需说明书二核。,164,Valsartan and Amlodipine
218,P1,心血管/降压,缬沙坦氨氯地平,,,片剂（Ⅰ）：每片含缬沙坦 80mg、；氨氯地平 5mg,,,,,,,《国家基本药物目录（2018年版）》第一部分 化学药品和生物制品，国家卫生健康委员会，PDF页码 P.38,待说明书补全,P1扩展条目来自国家基本药物目录；具体适应症/剂量/禁忌需说明书二核。,165,Valsartan and Amlodipine
219,P1,心血管/降压,硝普钠硫酸镁尼群地平,,,Sodium Nitroprusside 注射用无菌粉末：50mg,,,,,,,《国家基本药物目录（2018年版）》第一部分 化学药品和生物制品，国家卫生健康委员会，PDF页码 P.38,待说明书补全,P1扩展条目来自国家基本药物目录；具体适应症/剂量/禁忌需说明书二核。,166,
220,P1,心血管/降压,硫酸镁尼群地平硝苯地平,,,Magnesium Sulfate 注射液：10ml:1.0g，10ml:2.5g,,,,,,,《国家基本药物目录（2018年版）》第一部分 化学药品和生物制品，国家卫生健康委员会，PDF页码 P.38,待说明书补全,P1扩展条目来自国家基本药物目录；具体适应症/剂量/禁忌需说明书二核。,167,Nifedipine
221,P1,心血管/降压,尼群地平硝苯地平,,,Nitrendipine 片剂：10mg；*(144)；片剂：5mg、10mg；缓释片：20mg、30mg,,,,,,,《国家基本药物目录（2018年版）》第一部分 化学药品和生物制品，国家卫生健康委员会，PDF页码 P.38,待说明书补全,P1扩展条目来自国家基本药物目录；具体适应症/剂量/禁忌需说明书二核。,168,Nifedipine
222,P1,国家基本药物目录扩展,非洛地平,,,片剂：2.5mg、5mg；缓释片：2.5mg、5mg,,,,,,,《国家基本药物目录（2018年版）》第一部分 化学药品和生物制品，国家卫生健康委员会，PDF页码 P.38,待说明书补全,P1扩展条目来自国家基本药物目录；具体适应症/剂量/禁忌需说明书二核。,169,Felodipine
223,P1,心血管/降压,氨氯地平左氨氯地平,,,Amlodipine （苯磺酸盐、马来酸盐）片剂：5mg,,,,,,,《国家基本药物目录（2018年版）》第一部分 化学药品和生物制品，国家卫生健康委员会，PDF页码 P.38,待说明书补全,P1扩展条目来自国家基本药物目录；具体适应症/剂量/禁忌需说明书二核。,170,levamlodipine
224,P1,心血管/降压,左氨氯地平,,,（苯磺酸盐、马来酸盐）片剂：2.5mg；曾用名：；左旋氨氯；地平,,,,,,,《国家基本药物目录（2018年版）》第一部分 化学药品和生物制品，国家卫生健康委员会，PDF页码 P.38,待说明书补全,P1扩展条目来自国家基本药物目录；具体适应症/剂量/禁忌需说明书二核。,171,levamlodipine
225,P1,心血管/降压,比索洛尔拉贝洛尔,,,Bisoprolol 片剂、胶囊：2.5mg、5mg,,,,,,,《国家基本药物目录（2018年版）》第一部分 化学药品和生物制品，国家卫生健康委员会，PDF页码 P.38,待说明书补全,P1扩展条目来自国家基本药物目录；具体适应症/剂量/禁忌需说明书二核。,172,Labetalol
226,P1,国家基本药物目录扩展,乌拉地尔,,,缓释片：30mg；缓释胶囊：30mg；注射液：5ml:25mg,,,,,,,《国家基本药物目录（2018年版）》第一部分 化学药品和生物制品，国家卫生健康委员会，PDF页码 P.38,待说明书补全,P1扩展条目来自国家基本药物目录；具体适应症/剂量/禁忌需说明书二核。,174,Urapidil
227,P1,心血管/降压,吲达帕胺,,,片剂：2.5mg；缓释片：1.5mg,,,,,,,《国家基本药物目录（2018年版）》第一部分 化学药品和生物制品，国家卫生健康委员会，PDF页码 P.39,待说明书补全,P1扩展条目来自国家基本药物目录；具体适应症/剂量/禁忌需说明书二核。,175,Indapamide
228,P1,国家基本药物目录扩展,酚妥拉明,,,注射液：1ml:10mg；注射用无菌粉末：10mg,,,,,,,《国家基本药物目录（2018年版）》第一部分 化学药品和生物制品，国家卫生健康委员会，PDF页码 P.39,待说明书补全,P1扩展条目来自国家基本药物目录；具体适应症/剂量/禁忌需说明书二核。,176,Phentolamine
229,P1,国家基本药物目录扩展,哌唑嗪波生坦,,,Prazosin 片剂：1mg、2mg,,,,,,,《国家基本药物目录（2018年版）》第一部分 化学药品和生物制品，国家卫生健康委员会，PDF页码 P.39,待说明书补全,P1扩展条目来自国家基本药物目录；具体适应症/剂量/禁忌需说明书二核。,177,Bosentan
230,P1,国家基本药物目录扩展,波生坦,,,片剂：125mg △；（五）抗 休 克 药,,,,,,,《国家基本药物目录（2018年版）》第一部分 化学药品和生物制品，国家卫生健康委员会，PDF页码 P.39,待说明书补全,P1扩展条目来自国家基本药物目录；具体适应症/剂量/禁忌需说明书二核。,178,Bosentan
231,P1,国家基本药物目录扩展,肾上腺素去甲肾上腺素异丙肾上腺素,,,Adrenaline 注射液：1ml:1mg,,,,,,,《国家基本药物目录（2018年版）》第一部分 化学药品和生物制品，国家卫生健康委员会，PDF页码 P.39,待说明书补全,P1扩展条目来自国家基本药物目录；具体适应症/剂量/禁忌需说明书二核。,179,
232,P1,国家基本药物目录扩展,去甲肾上腺素异丙肾上腺素间羟胺,,,Noradrenaline 注射液：1ml:2mg、2ml:10mg,,,,,,,《国家基本药物目录（2018年版）》第一部分 化学药品和生物制品，国家卫生健康委员会，PDF页码 P.39,待说明书补全,P1扩展条目来自国家基本药物目录；具体适应症/剂量/禁忌需说明书二核。,180,
233,P1,国家基本药物目录扩展,异丙肾上腺素间羟胺多巴胺,,,Isoprenaline 注射液：2ml:1mg,,,,,,,《国家基本药物目录（2018年版）》第一部分 化学药品和生物制品，国家卫生健康委员会，PDF页码 P.39,待说明书补全,P1扩展条目来自国家基本药物目录；具体适应症/剂量/禁忌需说明书二核。,181,
234,P1,国家基本药物目录扩展,间羟胺多巴胺多巴酚丁胺（六）调脂及抗动脉粥样硬化药,,,Metaraminol 注射液：1ml:10mg、5ml:50mg,,,,,,,《国家基本药物目录（2018年版）》第一部分 化学药品和生物制品，国家卫生健康委员会，PDF页码 P.39,待说明书补全,P1扩展条目来自国家基本药物目录；具体适应症/剂量/禁忌需说明书二核。,182,
235,P1,调脂,多巴胺多巴酚丁胺（六）调脂及抗动脉粥样硬化药辛伐他汀,,,Dopamine 注射液：2ml:20mg,,,,,,,《国家基本药物目录（2018年版）》第一部分 化学药品和生物制品，国家卫生健康委员会，PDF页码 P.39,待说明书补全,P1扩展条目来自国家基本药物目录；具体适应症/剂量/禁忌需说明书二核。,183,
236,P1,调脂,多巴酚丁胺（六）调脂及抗动脉粥样硬化药辛伐他汀,,,Dobutamine 注射液：2ml:20mg,,,,,,,《国家基本药物目录（2018年版）》第一部分 化学药品和生物制品，国家卫生健康委员会，PDF页码 P.39,待说明书补全,P1扩展条目来自国家基本药物目录；具体适应症/剂量/禁忌需说明书二核。,184,
237,P1,调脂,辛伐他汀,,,Simvastatin 片剂：10mg、20mg,,,,,,,《国家基本药物目录（2018年版）》第一部分 化学药品和生物制品，国家卫生健康委员会，PDF页码 P.39,待说明书补全,P1扩展条目来自国家基本药物目录；具体适应症/剂量/禁忌需说明书二核。,185,
238,P1,国家基本药物目录扩展,非诺贝特,,,片剂：0.1g；胶囊：0.1g、0.2g；分散片：0.1g,,,,,,,《国家基本药物目录（2018年版）》第一部分 化学药品和生物制品，国家卫生健康委员会，PDF页码 P.40,待说明书补全,P1扩展条目来自国家基本药物目录；具体适应症/剂量/禁忌需说明书二核。,188,Fenofibrate
239,P1,国家基本药物目录扩展,溴己新氨溴索,,,Bromhexine 片剂：8mg,,,,,,,《国家基本药物目录（2018年版）》第一部分 化学药品和生物制品，国家卫生健康委员会，PDF页码 P.40,待说明书补全,P1扩展条目来自国家基本药物目录；具体适应症/剂量/禁忌需说明书二核。,189,Ambroxol
240,P1,国家基本药物目录扩展,氨溴索,,,片剂、胶囊、分散片：30mg；口服溶液剂：100ml:0.3g,,,,,,,《国家基本药物目录（2018年版）》第一部分 化学药品和生物制品，国家卫生健康委员会，PDF页码 P.40,待说明书补全,P1扩展条目来自国家基本药物目录；具体适应症/剂量/禁忌需说明书二核。,190,Ambroxol
241,P1,国家基本药物目录扩展,桉柠蒎,,,肠溶软胶囊：0.12g、0.3g,,,,,,,《国家基本药物目录（2018年版）》第一部分 化学药品和生物制品，国家卫生健康委员会，PDF页码 P.40,待说明书补全,P1扩展条目来自国家基本药物目录；具体适应症/剂量/禁忌需说明书二核。,191,"Eucalyptol, Limonene and Pinene"
242,P1,呼吸,羧甲司坦,,,片剂：0.1g、0.25g；口服溶液剂：10ml:0.2g、10ml:0.5g,,,,,,,《国家基本药物目录（2018年版）》第一部分 化学药品和生物制品，国家卫生健康委员会，PDF页码 P.40,待说明书补全,P1扩展条目来自国家基本药物目录；具体适应症/剂量/禁忌需说明书二核。,192,Carbocisteine
243,P1,呼吸,乙酰半胱氨酸,,,颗粒剂：0.1g、0.2g,,,,,,,《国家基本药物目录（2018年版）》第一部分 化学药品和生物制品，国家卫生健康委员会，PDF页码 P.40,待说明书补全,P1扩展条目来自国家基本药物目录；具体适应症/剂量/禁忌需说明书二核。,193,Acetylcysteine
244,P1,国家基本药物目录扩展,复方甘草Compound Liquorice 片剂、口服溶液剂喷托维林可待因（三）平 喘 药,,,,,,,,,,《国家基本药物目录（2018年版）》第一部分 化学药品和生物制品，国家卫生健康委员会，PDF页码 P.41,待说明书补全,P1扩展条目来自国家基本药物目录；具体适应症/剂量/禁忌需说明书二核。,194,
245,P1,呼吸,喷托维林可待因（三）平 喘 药氨茶碱,,,Pentoxyverine 片剂：25mg,,,,,,,《国家基本药物目录（2018年版）》第一部分 化学药品和生物制品，国家卫生健康委员会，PDF页码 P.41,待说明书补全,P1扩展条目来自国家基本药物目录；具体适应症/剂量/禁忌需说明书二核。,195,Aminophylline
246,P1,呼吸,可待因（三）平 喘 药氨茶碱,,,Codeine 片剂：15mg、30mg △,,,,,,,《国家基本药物目录（2018年版）》第一部分 化学药品和生物制品，国家卫生健康委员会，PDF页码 P.41,待说明书补全,P1扩展条目来自国家基本药物目录；具体适应症/剂量/禁忌需说明书二核。,196,Aminophylline
247,P1,呼吸,氨茶碱,,,片剂：0.1g、0.2g；缓释片：0.1g；注射液：2ml:0.25g、2ml:0.5g,,,,,,,《国家基本药物目录（2018年版）》第一部分 化学药品和生物制品，国家卫生健康委员会，PDF页码 P.41,待说明书补全,P1扩展条目来自国家基本药物目录；具体适应症/剂量/禁忌需说明书二核。,197,Aminophylline
248,P1,呼吸,茶碱沙丁胺醇,,,Theophylline 缓释片：0.1g,,,,,,,《国家基本药物目录（2018年版）》第一部分 化学药品和生物制品，国家卫生健康委员会，PDF页码 P.41,待说明书补全,P1扩展条目来自国家基本药物目录；具体适应症/剂量/禁忌需说明书二核。,198,Salbutamol
249,P1,呼吸,异丙托溴铵噻托溴铵,,,Ipratropium Bromide 气雾剂：14g:8.4mg（每揿 40μg）,,,,,,,《国家基本药物目录（2018年版）》第一部分 化学药品和生物制品，国家卫生健康委员会，PDF页码 P.41,待说明书补全,P1扩展条目来自国家基本药物目录；具体适应症/剂量/禁忌需说明书二核。,200,Tiotropium Bromide
250,P1,国家基本药物目录扩展,丙酸氟替卡松,,,气雾剂：50μg/揿、125μg/揿,,,,,,,《国家基本药物目录（2018年版）》第一部分 化学药品和生物制品，国家卫生健康委员会，PDF页码 P.42,待说明书补全,P1扩展条目来自国家基本药物目录；具体适应症/剂量/禁忌需说明书二核。,202,Fluticasone Propionate
251,P1,呼吸,布地奈德福莫特罗,,,吸入粉雾剂：80μg/4.5μg/吸、；160μg/4.5μg/吸、320μg/9μg/吸,,,,,,,《国家基本药物目录（2018年版）》第一部分 化学药品和生物制品，国家卫生健康委员会，PDF页码 P.42,待说明书补全,P1扩展条目来自国家基本药物目录；具体适应症/剂量/禁忌需说明书二核。,204,Budesonide and Formoterol
252,P1,国家基本药物目录扩展,复方氢氧化铝,,,片剂,,,,,,,《国家基本药物目录（2018年版）》第一部分 化学药品和生物制品，国家卫生健康委员会，PDF页码 P.42,待说明书补全,P1扩展条目来自国家基本药物目录；具体适应症/剂量/禁忌需说明书二核。,205,Compound Aluminium Hydroxide
253,P1,国家基本药物目录扩展,雷尼替丁,,,片剂、胶囊：0.15g；注射液：2ml:50mg,,,,,,,《国家基本药物目录（2018年版）》第一部分 化学药品和生物制品，国家卫生健康委员会，PDF页码 P.42,待说明书补全,P1扩展条目来自国家基本药物目录；具体适应症/剂量/禁忌需说明书二核。,206,Ranitidine
254,P1,国家基本药物目录扩展,法莫替丁,,,片剂、胶囊：20mg；注射液：2ml:20mg；注射用无菌粉末：20mg,,,,,,,《国家基本药物目录（2018年版）》第一部分 化学药品和生物制品，国家卫生健康委员会，PDF页码 P.42,待说明书补全,P1扩展条目来自国家基本药物目录；具体适应症/剂量/禁忌需说明书二核。,207,Famotidine
255,P1,消化,胶体果胶铋铝碳酸镁,,,Colloidal Bismuth Pectin 胶囊：50mg（以铋计）,,,,,,,《国家基本药物目录（2018年版）》第一部分 化学药品和生物制品，国家卫生健康委员会，PDF页码 P.43,待说明书补全,P1扩展条目来自国家基本药物目录；具体适应症/剂量/禁忌需说明书二核。,210,Hydrotalcite
256,P1,国家基本药物目录扩展,铝碳酸镁,,,咀嚼片：0.5g；（二）助 消 化 药,,,,,,,《国家基本药物目录（2018年版）》第一部分 化学药品和生物制品，国家卫生健康委员会，PDF页码 P.43,待说明书补全,P1扩展条目来自国家基本药物目录；具体适应症/剂量/禁忌需说明书二核。,211,Hydrotalcite
257,P1,国家基本药物目录扩展,乳酶生（三）胃肠解痉药及胃动力药颠茄山莨菪碱,,,Lactasin 片剂：0.15g、0.3g,,,,,,,《国家基本药物目录（2018年版）》第一部分 化学药品和生物制品，国家卫生健康委员会，PDF页码 P.43,待说明书补全,P1扩展条目来自国家基本药物目录；具体适应症/剂量/禁忌需说明书二核。,212,Anisodamine
258,P1,国家基本药物目录扩展,颠茄山莨菪碱,,,Belladonna 片剂：每片含颠茄浸膏 10mg,,,,,,,《国家基本药物目录（2018年版）》第一部分 化学药品和生物制品，国家卫生健康委员会，PDF页码 P.43,待说明书补全,P1扩展条目来自国家基本药物目录；具体适应症/剂量/禁忌需说明书二核。,213,Anisodamine
259,P1,国家基本药物目录扩展,山莨菪碱,,,片剂（含消旋）：5mg、10mg；注射液（含消旋）： 1ml:2mg、；1ml:10mg,,,,,,,《国家基本药物目录（2018年版）》第一部分 化学药品和生物制品，国家卫生健康委员会，PDF页码 P.43,待说明书补全,P1扩展条目来自国家基本药物目录；具体适应症/剂量/禁忌需说明书二核。,214,Anisodamine
260,P1,国家基本药物目录扩展,阿托品,,,片剂：0.3mg；注射液： 1ml:0.5mg、 1ml:1mg、；1ml:5mg,,,,,,,《国家基本药物目录（2018年版）》第一部分 化学药品和生物制品，国家卫生健康委员会，PDF页码 P.43,待说明书补全,P1扩展条目来自国家基本药物目录；具体适应症/剂量/禁忌需说明书二核。,215,Atropine
261,P1,消化,多潘立酮甲氧氯普胺,,,Domperidone 片剂：10mg,,,,,,,《国家基本药物目录（2018年版）》第一部分 化学药品和生物制品，国家卫生健康委员会，PDF页码 P.44,待说明书补全,P1扩展条目来自国家基本药物目录；具体适应症/剂量/禁忌需说明书二核。,216,Metoclopramide
262,P1,消化,甲氧氯普胺,,,片剂：5mg；注射液：1ml:10mg,,,,,,,《国家基本药物目录（2018年版）》第一部分 化学药品和生物制品，国家卫生健康委员会，PDF页码 P.44,待说明书补全,P1扩展条目来自国家基本药物目录；具体适应症/剂量/禁忌需说明书二核。,217,Metoclopramide
263,P1,国家基本药物目录扩展,匹维溴铵,,,片剂：50mg；（四）泻药及止泻药,,,,,,,《国家基本药物目录（2018年版）》第一部分 化学药品和生物制品，国家卫生健康委员会，PDF页码 P.44,待说明书补全,P1扩展条目来自国家基本药物目录；具体适应症/剂量/禁忌需说明书二核。,219,Pinaverium Bromide
264,P1,消化,开塞露（含甘油、山梨醇）,,,灌肠剂,,,,,,,《国家基本药物目录（2018年版）》第一部分 化学药品和生物制品，国家卫生健康委员会，PDF页码 P.44,待说明书补全,P1扩展条目来自国家基本药物目录；具体适应症/剂量/禁忌需说明书二核。,220,Glycerine Enema or Sorbitol Enema
265,P1,消化,乳果糖,,,口服溶液剂：15ml:10g、；100ml:66.7g、200ml:133.4g,,,,,,,《国家基本药物目录（2018年版）》第一部分 化学药品和生物制品，国家卫生健康委员会，PDF页码 P.44,待说明书补全,P1扩展条目来自国家基本药物目录；具体适应症/剂量/禁忌需说明书二核。,221,Lactulose
266,P1,国家基本药物目录扩展,洛哌丁胺,,,胶囊：2mg,,,,,,,《国家基本药物目录（2018年版）》第一部分 化学药品和生物制品，国家卫生健康委员会，PDF页码 P.44,待说明书补全,P1扩展条目来自国家基本药物目录；具体适应症/剂量/禁忌需说明书二核。,222,Loperamide
267,P1,消化,蒙脱石聚乙二醇Macrogol 散剂（五）肝病辅助治疗药联苯双酯,,,Smectite 散剂：3g,,,,,,,《国家基本药物目录（2018年版）》第一部分 化学药品和生物制品，国家卫生健康委员会，PDF页码 P.44,待说明书补全,P1扩展条目来自国家基本药物目录；具体适应症/剂量/禁忌需说明书二核。,223,Bifendate
268,P1,国家基本药物目录扩展,聚乙二醇Macrogol 散剂（五）肝病辅助治疗药联苯双酯,,,,,,,,,,《国家基本药物目录（2018年版）》第一部分 化学药品和生物制品，国家卫生健康委员会，PDF页码 P.44,待说明书补全,P1扩展条目来自国家基本药物目录；具体适应症/剂量/禁忌需说明书二核。,224,Bifendate
269,P1,国家基本药物目录扩展,联苯双酯,,,滴丸剂：1.5mg；片剂：25mg,,,,,,,《国家基本药物目录（2018年版）》第一部分 化学药品和生物制品，国家卫生健康委员会，PDF页码 P.44,待说明书补全,P1扩展条目来自国家基本药物目录；具体适应症/剂量/禁忌需说明书二核。,225,Bifendate
270,P1,国家基本药物目录扩展,甘草酸二铵,,,胶囊：50mg；228 水飞蓟素；Silymarin；片剂：70mg；胶囊：140mg；（六）微生态制剂,,,,,,,《国家基本药物目录（2018年版）》第一部分 化学药品和生物制品，国家卫生健康委员会，PDF页码 P.45,待说明书补全,P1扩展条目来自国家基本药物目录；具体适应症/剂量/禁忌需说明书二核。,227,Diammonium Glycyrrhizinate
271,P1,国家基本药物目录扩展,地衣芽孢杆菌活菌,,,胶囊：0.25g；颗粒剂：0.5g,,,,,,,《国家基本药物目录（2018年版）》第一部分 化学药品和生物制品，国家卫生健康委员会，PDF页码 P.45,待说明书补全,P1扩展条目来自国家基本药物目录；具体适应症/剂量/禁忌需说明书二核。,229,Live Bacillus Licheniformis
272,P1,国家基本药物目录扩展,双歧杆菌三联活菌,,,胶囊、肠溶胶囊：0.21g,,,,,,,《国家基本药物目录（2018年版）》第一部分 化学药品和生物制品，国家卫生健康委员会，PDF页码 P.45,待说明书补全,P1扩展条目来自国家基本药物目录；具体适应症/剂量/禁忌需说明书二核。,230,"Live Combined Bifidobacterrium, Lactobacillus and Enterococcus"
273,P1,国家基本药物目录扩展,枯草杆菌二联活菌,,,肠溶胶囊：250mg；（七）利  胆  药,,,,,,,《国家基本药物目录（2018年版）》第一部分 化学药品和生物制品，国家卫生健康委员会，PDF页码 P.45,待说明书补全,P1扩展条目来自国家基本药物目录；具体适应症/剂量/禁忌需说明书二核。,231,Live Combined Bacillus Subtilis and Enterociccus Faecium
274,P1,国家基本药物目录扩展,熊去氧胆酸,,,Ursodeoxycholic Acid 片剂：50mg,,,,,,,《国家基本药物目录（2018年版）》第一部分 化学药品和生物制品，国家卫生健康委员会，PDF页码 P.45,待说明书补全,P1扩展条目来自国家基本药物目录；具体适应症/剂量/禁忌需说明书二核。,232,
275,P1,国家基本药物目录扩展,柳氮磺吡啶,,,肠溶片：0.25g；栓剂：0.5g,,,,,,,《国家基本药物目录（2018年版）》第一部分 化学药品和生物制品，国家卫生健康委员会，PDF页码 P.46,待说明书补全,P1扩展条目来自国家基本药物目录；具体适应症/剂量/禁忌需说明书二核。,233,Sulfasalazine
276,P1,国家基本药物目录扩展,非那雄胺,,,片剂：5mg；胶囊：5mg；（三）透 析 用 药,,,,,,,《国家基本药物目录（2018年版）》第一部分 化学药品和生物制品，国家卫生健康委员会，PDF页码 P.47,待说明书补全,P1扩展条目来自国家基本药物目录；具体适应症/剂量/禁忌需说明书二核。,241,Finasteride
277,P1,国家基本药物目录扩展,腹膜透析液Peritoneal Dialysis Solution （乳酸盐）注射液（腹腔用药）（一）抗 贫 血 药硫酸亚铁,,,,,,,,,,《国家基本药物目录（2018年版）》第一部分 化学药品和生物制品，国家卫生健康委员会，PDF页码 P.47,待说明书补全,P1扩展条目来自国家基本药物目录；具体适应症/剂量/禁忌需说明书二核。,242,Ferrous Sulfate
278,P1,国家基本药物目录扩展,硫酸亚铁,,,片剂：0.3g；缓释片：0.45g,,,,,,,《国家基本药物目录（2018年版）》第一部分 化学药品和生物制品，国家卫生健康委员会，PDF页码 P.47,待说明书补全,P1扩展条目来自国家基本药物目录；具体适应症/剂量/禁忌需说明书二核。,243,Ferrous Sulfate
279,P1,国家基本药物目录扩展,右旋糖酐铁,,,口服溶液剂： 5ml:25mg（Fe）、；10ml:50mg（Fe）；注射液：2ml:50mg、2ml:100mg,,,,,,,《国家基本药物目录（2018年版）》第一部分 化学药品和生物制品，国家卫生健康委员会，PDF页码 P.47,待说明书补全,P1扩展条目来自国家基本药物目录；具体适应症/剂量/禁忌需说明书二核。,244,Iron dextran
280,P1,国家基本药物目录扩展,琥珀酸亚铁维生素 B12叶酸,,,Ferrous Succinate  片剂：0.1g,,,,,,,《国家基本药物目录（2018年版）》第一部分 化学药品和生物制品，国家卫生健康委员会，PDF页码 P.47,待说明书补全,P1扩展条目来自国家基本药物目录；具体适应症/剂量/禁忌需说明书二核。,245,
281,P1,国家基本药物目录扩展,维生素 B12叶酸腺苷钴胺,,,Vitamin B12 注射液：1ml:0.25mg、1ml:0.5mg,,,,,,,《国家基本药物目录（2018年版）》第一部分 化学药品和生物制品，国家卫生健康委员会，PDF页码 P.47,待说明书补全,P1扩展条目来自国家基本药物目录；具体适应症/剂量/禁忌需说明书二核。,246,
282,P1,国家基本药物目录扩展,叶酸腺苷钴胺,,,Folic Acid 片剂：0.4mg、5mg,,,,,,,《国家基本药物目录（2018年版）》第一部分 化学药品和生物制品，国家卫生健康委员会，PDF页码 P.47,待说明书补全,P1扩展条目来自国家基本药物目录；具体适应症/剂量/禁忌需说明书二核。,247,
283,P1,国家基本药物目录扩展,腺苷钴胺,,,Cobamamide 片剂：0.25mg,,,,,,,《国家基本药物目录（2018年版）》第一部分 化学药品和生物制品，国家卫生健康委员会，PDF页码 P.47,待说明书补全,P1扩展条目来自国家基本药物目录；具体适应症/剂量/禁忌需说明书二核。,248,
284,P1,国家基本药物目录扩展,甲钴胺,,,胶囊：0.5mg,,,,,,,《国家基本药物目录（2018年版）》第一部分 化学药品和生物制品，国家卫生健康委员会，PDF页码 P.48,待说明书补全,P1扩展条目来自国家基本药物目录；具体适应症/剂量/禁忌需说明书二核。,249,Mecobalamin
285,P1,国家基本药物目录扩展,重组人促红素（CHO 细胞）,,,Erythropoietin（CHO Cell）；注射液：2000IU、3000IU、10000IU；（二）抗血小板药；*(78)；阿司匹林；Aspirin 肠溶片：25mg、50mg、0.1g、0.3g,,,,,,,《国家基本药物目录（2018年版）》第一部分 化学药品和生物制品，国家卫生健康委员会，PDF页码 P.48,待说明书补全,P1扩展条目来自国家基本药物目录；具体适应症/剂量/禁忌需说明书二核。,250,Recombinant Human
286,P1,抗血栓,氯吡格雷吲哚布芬,,,Clopidogrel 片剂：25mg、75mg,,,,,,,《国家基本药物目录（2018年版）》第一部分 化学药品和生物制品，国家卫生健康委员会，PDF页码 P.48,待说明书补全,P1扩展条目来自国家基本药物目录；具体适应症/剂量/禁忌需说明书二核。,251,Indobufen
287,P1,国家基本药物目录扩展,吲哚布芬,,,片剂：0.2g,,,,,,,《国家基本药物目录（2018年版）》第一部分 化学药品和生物制品，国家卫生健康委员会，PDF页码 P.48,待说明书补全,P1扩展条目来自国家基本药物目录；具体适应症/剂量/禁忌需说明书二核。,252,Indobufen
288,P1,国家基本药物目录扩展,凝血酶,,,冻干粉：200 单位、500 单位、2000；单位,,,,,,,《国家基本药物目录（2018年版）》第一部分 化学药品和生物制品，国家卫生健康委员会，PDF页码 P.48,待说明书补全,P1扩展条目来自国家基本药物目录；具体适应症/剂量/禁忌需说明书二核。,254,Thrombin
289,P1,国家基本药物目录扩展,维生素 K1甲萘氢醌氨甲苯酸,,,Vitamin K1 注射液：1ml:10mg,,,,,,,《国家基本药物目录（2018年版）》第一部分 化学药品和生物制品，国家卫生健康委员会，PDF页码 P.48,待说明书补全,P1扩展条目来自国家基本药物目录；具体适应症/剂量/禁忌需说明书二核。,255,
290,P1,国家基本药物目录扩展,甲萘氢醌氨甲苯酸氨甲环酸,,,Menadiol 片剂：2mg、4mg,,,,,,,《国家基本药物目录（2018年版）》第一部分 化学药品和生物制品，国家卫生健康委员会，PDF页码 P.48,待说明书补全,P1扩展条目来自国家基本药物目录；具体适应症/剂量/禁忌需说明书二核。,256,
291,P1,国家基本药物目录扩展,氨甲苯酸氨甲环酸,,,Aminomethylbenzoic Acid 注射液：10ml:0.1g、5ml:50mg,,,,,,,《国家基本药物目录（2018年版）》第一部分 化学药品和生物制品，国家卫生健康委员会，PDF页码 P.48,待说明书补全,P1扩展条目来自国家基本药物目录；具体适应症/剂量/禁忌需说明书二核。,257,
292,P1,国家基本药物目录扩展,氨甲环酸,,,Tranexamic Acid 注射液：5ml:0.25g、5ml:0.5g,,,,,,,《国家基本药物目录（2018年版）》第一部分 化学药品和生物制品，国家卫生健康委员会，PDF页码 P.48,待说明书补全,P1扩展条目来自国家基本药物目录；具体适应症/剂量/禁忌需说明书二核。,258,
293,P1,抗血栓,鱼精蛋白260 血友病用药 注射用无菌粉末 注释 5（四）抗凝血药及溶栓药肝素,,,Protamine 注射液：5ml:50mg、10ml:0.1g；△,,,,,,,《国家基本药物目录（2018年版）》第一部分 化学药品和生物制品，国家卫生健康委员会，PDF页码 P.49,待说明书补全,P1扩展条目来自国家基本药物目录；具体适应症/剂量/禁忌需说明书二核。,259,Heparin
294,P1,抗血栓,肝素,,,（钙）注射液： 1ml:5000 单位、；1ml:10000 单位；（钠）注射液： 2ml:5000 单位、；2ml:12500 单位,,,,,,,《国家基本药物目录（2018年版）》第一部分 化学药品和生物制品，国家卫生健康委员会，PDF页码 P.49,待说明书补全,P1扩展条目来自国家基本药物目录；具体适应症/剂量/禁忌需说明书二核。,261,Heparin
295,P1,抗血栓,低分子量肝素Low Molecular Heparin 注射液华法林Warfarin 片剂 △尿激酶,,,,,,,,,,《国家基本药物目录（2018年版）》第一部分 化学药品和生物制品，国家卫生健康委员会，PDF页码 P.49,待说明书补全,P1扩展条目来自国家基本药物目录；具体适应症/剂量/禁忌需说明书二核。,262,
296,P1,抗血栓,华法林Warfarin 片剂 △尿激酶达比加群酯,,,,,,,,,,《国家基本药物目录（2018年版）》第一部分 化学药品和生物制品，国家卫生健康委员会，PDF页码 P.49,待说明书补全,P1扩展条目来自国家基本药物目录；具体适应症/剂量/禁忌需说明书二核。,263,Dabigatran Etexilate
297,P1,抗血栓,尿激酶达比加群酯,,,Urokinase 注射用无菌粉末：25 万单位 △,,,,,,,《国家基本药物目录（2018年版）》第一部分 化学药品和生物制品，国家卫生健康委员会，PDF页码 P.49,待说明书补全,P1扩展条目来自国家基本药物目录；具体适应症/剂量/禁忌需说明书二核。,264,Dabigatran Etexilate
298,P1,国家基本药物目录扩展,重组人组织型纤溶酶原激酶衍生物,,,注射用无菌粉末：18mg △,,,,,,,《国家基本药物目录（2018年版）》第一部分 化学药品和生物制品，国家卫生健康委员会，PDF页码 P.49,待说明书补全,P1扩展条目来自国家基本药物目录；具体适应症/剂量/禁忌需说明书二核。,267,Recombinant Human Tissue-type Plasminogen Activator Derivative
299,P1,国家基本药物目录扩展,羟乙基淀粉 130/0.4,,,130/0.4；氯化钠注射液： 250ml:15g 、；500ml:30g,,,,,,,《国家基本药物目录（2018年版）》第一部分 化学药品和生物制品，国家卫生健康委员会，PDF页码 P.50,待说明书补全,P1扩展条目来自国家基本药物目录；具体适应症/剂量/禁忌需说明书二核。,268,Hydroxyethyl Starch
300,P1,国家基本药物目录扩展,绒促性素,,,注射用无菌粉末：500 单位、1000；单位、2000 单位、5000 单位,,,,,,,《国家基本药物目录（2018年版）》第一部分 化学药品和生物制品，国家卫生健康委员会，PDF页码 P.50,待说明书补全,P1扩展条目来自国家基本药物目录；具体适应症/剂量/禁忌需说明书二核。,269,Chorionic Gonadotrophin
301,P1,国家基本药物目录扩展,去氨加压素,,,片剂：0.1mg、0.2mg；注射液：1ml:4μg、1ml:15μg,,,,,,,《国家基本药物目录（2018年版）》第一部分 化学药品和生物制品，国家卫生健康委员会，PDF页码 P.50,待说明书补全,P1扩展条目来自国家基本药物目录；具体适应症/剂量/禁忌需说明书二核。,270,Desmopressin
302,P1,国家基本药物目录扩展,重组人生长激素,,,注射用无菌粉末：0.85mg、1.0mg、；1.2mg、1.33mg、1.6mg、2.0mg、；3.7mg、4.0mg；△；（二）肾上腺皮质激素类药,,,,,,,《国家基本药物目录（2018年版）》第一部分 化学药品和生物制品，国家卫生健康委员会，PDF页码 P.50,待说明书补全,P1扩展条目来自国家基本药物目录；具体适应症/剂量/禁忌需说明书二核。,271,Recombinant Human Growth Hormone
303,P1,激素,泼尼松甲泼尼龙,,,Prednisone 片剂：5mg,,,,,,,《国家基本药物目录（2018年版）》第一部分 化学药品和生物制品，国家卫生健康委员会，PDF页码 P.51,待说明书补全,P1扩展条目来自国家基本药物目录；具体适应症/剂量/禁忌需说明书二核。,273,Methylprednisolone
304,P1,内分泌,胰岛素,,,动物源胰岛素注射液（短效、中效、；长效和预混）：300 单位、400 单位；重组人胰岛素注射液（短效、中效；和预混 30R）：300 单位、400 单位,,,,,,,《国家基本药物目录（2018年版）》第一部分 化学药品和生物制品，国家卫生健康委员会，PDF页码 P.51,待说明书补全,P1扩展条目来自国家基本药物目录；具体适应症/剂量/禁忌需说明书二核。,276,Insulin
305,P1,内分泌,格列本脲格列吡嗪格列美脲,,,Glibenclamide 片剂：2.5mg,,,,,,,《国家基本药物目录（2018年版）》第一部分 化学药品和生物制品，国家卫生健康委员会，PDF页码 P.51,待说明书补全,P1扩展条目来自国家基本药物目录；具体适应症/剂量/禁忌需说明书二核。,279,
306,P1,内分泌,格列吡嗪格列美脲,,,Glipizide 片剂、胶囊：5mg,,,,,,,《国家基本药物目录（2018年版）》第一部分 化学药品和生物制品，国家卫生健康委员会，PDF页码 P.51,待说明书补全,P1扩展条目来自国家基本药物目录；具体适应症/剂量/禁忌需说明书二核。,280,
307,P1,国家基本药物目录扩展,格列喹酮,,,片剂：30mg,,,,,,,《国家基本药物目录（2018年版）》第一部分 化学药品和生物制品，国家卫生健康委员会，PDF页码 P.52,待说明书补全,P1扩展条目来自国家基本药物目录；具体适应症/剂量/禁忌需说明书二核。,282,Gliquidone
308,P1,国家基本药物目录扩展,格列齐特,,,片剂（Ⅱ）：80mg,,,,,,,《国家基本药物目录（2018年版）》第一部分 化学药品和生物制品，国家卫生健康委员会，PDF页码 P.52,待说明书补全,P1扩展条目来自国家基本药物目录；具体适应症/剂量/禁忌需说明书二核。,283,Gliclazide
309,P1,内分泌,阿卡波糖达格列净,,,Acarbose 片剂、胶囊：50mg,,,,,,,《国家基本药物目录（2018年版）》第一部分 化学药品和生物制品，国家卫生健康委员会，PDF页码 P.52,待说明书补全,P1扩展条目来自国家基本药物目录；具体适应症/剂量/禁忌需说明书二核。,284,Dapagliflozin
310,P1,国家基本药物目录扩展,瑞格列奈,,,片剂：0.5mg、1mg、2mg,,,,,,,《国家基本药物目录（2018年版）》第一部分 化学药品和生物制品，国家卫生健康委员会，PDF页码 P.52,待说明书补全,P1扩展条目来自国家基本药物目录；具体适应症/剂量/禁忌需说明书二核。,287,Repaglinide
311,P1,国家基本药物目录扩展,吡格列酮,,,片剂：15mg、30mg；胶囊：15mg、30mg,,,,,,,《国家基本药物目录（2018年版）》第一部分 化学药品和生物制品，国家卫生健康委员会，PDF页码 P.52,待说明书补全,P1扩展条目来自国家基本药物目录；具体适应症/剂量/禁忌需说明书二核。,288,Pioglitazone
312,P1,国家基本药物目录扩展,西格列汀,,,片剂：25mg、50mg、100mg,,,,,,,《国家基本药物目录（2018年版）》第一部分 化学药品和生物制品，国家卫生健康委员会，PDF页码 P.52,待说明书补全,P1扩展条目来自国家基本药物目录；具体适应症/剂量/禁忌需说明书二核。,289,Sitagliptin
313,P1,国家基本药物目录扩展,利格列汀,,,片剂：5mg；（四）甲状腺激素及抗甲状腺药,,,,,,,《国家基本药物目录（2018年版）》第一部分 化学药品和生物制品，国家卫生健康委员会，PDF页码 P.52,待说明书补全,P1扩展条目来自国家基本药物目录；具体适应症/剂量/禁忌需说明书二核。,290,Linagliptin
314,P1,内分泌,甲状腺片左甲状腺素钠甲巯咪唑,,,Thyroid Tablets 片剂：40mg,,,,,,,《国家基本药物目录（2018年版）》第一部分 化学药品和生物制品，国家卫生健康委员会，PDF页码 P.52,待说明书补全,P1扩展条目来自国家基本药物目录；具体适应症/剂量/禁忌需说明书二核。,291,
315,P1,内分泌,左甲状腺素钠甲巯咪唑,,,Levothyroxine Sodium 片剂：50μg,,,,,,,《国家基本药物目录（2018年版）》第一部分 化学药品和生物制品，国家卫生健康委员会，PDF页码 P.52,待说明书补全,P1扩展条目来自国家基本药物目录；具体适应症/剂量/禁忌需说明书二核。,292,
316,P1,内分泌,丙硫氧嘧啶（五）抗甲状旁腺药西那卡塞,,,Propylthiouracil 片剂：50mg、100mg,,,,,,,《国家基本药物目录（2018年版）》第一部分 化学药品和生物制品，国家卫生健康委员会，PDF页码 P.53,待说明书补全,P1扩展条目来自国家基本药物目录；具体适应症/剂量/禁忌需说明书二核。,294,Cinacalcet
317,P1,国家基本药物目录扩展,西那卡塞,,,片剂：25mg、75mg △；（六）雄激素及同化激素,,,,,,,《国家基本药物目录（2018年版）》第一部分 化学药品和生物制品，国家卫生健康委员会，PDF页码 P.53,待说明书补全,P1扩展条目来自国家基本药物目录；具体适应症/剂量/禁忌需说明书二核。,295,Cinacalcet
318,P1,国家基本药物目录扩展,丙酸睾酮十一酸睾酮,,,Testosterone Propionate 注射液：1ml:25mg,,,,,,,《国家基本药物目录（2018年版）》第一部分 化学药品和生物制品，国家卫生健康委员会，PDF页码 P.53,待说明书补全,P1扩展条目来自国家基本药物目录；具体适应症/剂量/禁忌需说明书二核。,296,Testosterone Undecanoate
319,P1,国家基本药物目录扩展,十一酸睾酮,,,软胶囊：40mg；注射液：2ml:0.25g；（七）雌激素、孕激素及抗孕激素,,,,,,,《国家基本药物目录（2018年版）》第一部分 化学药品和生物制品，国家卫生健康委员会，PDF页码 P.53,待说明书补全,P1扩展条目来自国家基本药物目录；具体适应症/剂量/禁忌需说明书二核。,297,Testosterone Undecanoate
320,P1,妇产,黄体酮甲羟孕酮,,,Progesterone 注射液：1ml:10mg、1ml:20mg,,,,,,,《国家基本药物目录（2018年版）》第一部分 化学药品和生物制品，国家卫生健康委员会，PDF页码 P.53,待说明书补全,P1扩展条目来自国家基本药物目录；具体适应症/剂量/禁忌需说明书二核。,298,Medroxyprogesterone
321,P1,国家基本药物目录扩展,甲羟孕酮,,,片剂：2mg、4mg、100mg、250mg；胶囊：100mg；△,,,,,,,《国家基本药物目录（2018年版）》第一部分 化学药品和生物制品，国家卫生健康委员会，PDF页码 P.53,待说明书补全,P1扩展条目来自国家基本药物目录；具体适应症/剂量/禁忌需说明书二核。,299,Medroxyprogesterone
322,P1,国家基本药物目录扩展,己烯雌酚尼尔雌醇（八）钙代谢调节药及抗骨质疏松药阿法骨化醇,,,Diethylstilbestrol 片剂：0.5mg、1mg、2mg,,,,,,,《国家基本药物目录（2018年版）》第一部分 化学药品和生物制品，国家卫生健康委员会，PDF页码 P.53,待说明书补全,P1扩展条目来自国家基本药物目录；具体适应症/剂量/禁忌需说明书二核。,300,Alfacalcidol
323,P1,国家基本药物目录扩展,尼尔雌醇（八）钙代谢调节药及抗骨质疏松药阿法骨化醇,,,Nilestriol 片剂：1mg、2mg、5mg,,,,,,,《国家基本药物目录（2018年版）》第一部分 化学药品和生物制品，国家卫生健康委员会，PDF页码 P.53,待说明书补全,P1扩展条目来自国家基本药物目录；具体适应症/剂量/禁忌需说明书二核。,301,Alfacalcidol
324,P1,国家基本药物目录扩展,阿法骨化醇,,,片剂、胶囊、软胶囊：0.25μg、0.5μg；滴剂：20ml:40μg；滴剂△,,,,,,,《国家基本药物目录（2018年版）》第一部分 化学药品和生物制品，国家卫生健康委员会，PDF页码 P.53,待说明书补全,P1扩展条目来自国家基本药物目录；具体适应症/剂量/禁忌需说明书二核。,302,Alfacalcidol
325,P1,国家基本药物目录扩展,维生素 D2,,,软胶囊：5000 单位、10000单位；注射液：1ml:5mg（20 万单位）、；1ml:10mg（40 万单位）,,,,,,,《国家基本药物目录（2018年版）》第一部分 化学药品和生物制品，国家卫生健康委员会，PDF页码 P.54,待说明书补全,P1扩展条目来自国家基本药物目录；具体适应症/剂量/禁忌需说明书二核。,303,Vitamin D2
326,P1,国家基本药物目录扩展,氯苯那敏苯海拉明,,,Chlorphenamine 片剂：1mg、4mg,,,,,,,《国家基本药物目录（2018年版）》第一部分 化学药品和生物制品，国家卫生健康委员会，PDF页码 P.54,待说明书补全,P1扩展条目来自国家基本药物目录；具体适应症/剂量/禁忌需说明书二核。,305,Diphenhydramine
327,P1,国家基本药物目录扩展,苯海拉明,,,片剂：25mg；注射液：1ml:20mg,,,,,,,《国家基本药物目录（2018年版）》第一部分 化学药品和生物制品，国家卫生健康委员会，PDF页码 P.54,待说明书补全,P1扩展条目来自国家基本药物目录；具体适应症/剂量/禁忌需说明书二核。,306,Diphenhydramine
328,P1,国家基本药物目录扩展,赛庚啶异丙嗪,,,Cyproheptadine 片剂：2mg,,,,,,,《国家基本药物目录（2018年版）》第一部分 化学药品和生物制品，国家卫生健康委员会，PDF页码 P.54,待说明书补全,P1扩展条目来自国家基本药物目录；具体适应症/剂量/禁忌需说明书二核。,307,Promethazine
329,P1,国家基本药物目录扩展,异丙嗪,,,片剂：12.5mg、25mg；注射液：1ml:25mg、2ml:50mg,,,,,,,《国家基本药物目录（2018年版）》第一部分 化学药品和生物制品，国家卫生健康委员会，PDF页码 P.54,待说明书补全,P1扩展条目来自国家基本药物目录；具体适应症/剂量/禁忌需说明书二核。,308,Promethazine
330,P1,国家基本药物目录扩展,氯雷他定,,,片剂：10mg；胶囊：5mg、10mg,,,,,,,《国家基本药物目录（2018年版）》第一部分 化学药品和生物制品，国家卫生健康委员会，PDF页码 P.54,待说明书补全,P1扩展条目来自国家基本药物目录；具体适应症/剂量/禁忌需说明书二核。,309,Loratadine
331,P1,国家基本药物目录扩展,雷公藤多苷,,,Tripterysium Glycosides 片剂：10mg,,,,,,,《国家基本药物目录（2018年版）》第一部分 化学药品和生物制品，国家卫生健康委员会，PDF页码 P.54,待说明书补全,P1扩展条目来自国家基本药物目录；具体适应症/剂量/禁忌需说明书二核。,310,
332,P1,国家基本药物目录扩展,硫唑嘌呤环孢素Ciclosporin 胶囊、软胶囊、口服溶液剂 △吗替麦考酚酯,,,Azathioprine 片剂：50mg、100mg,,,,,,,《国家基本药物目录（2018年版）》第一部分 化学药品和生物制品，国家卫生健康委员会，PDF页码 P.55,待说明书补全,P1扩展条目来自国家基本药物目录；具体适应症/剂量/禁忌需说明书二核。,311,Mycophenolate Mofetil
333,P1,国家基本药物目录扩展,环孢素Ciclosporin 胶囊、软胶囊、口服溶液剂 △吗替麦考酚酯,,,,,,,,,,《国家基本药物目录（2018年版）》第一部分 化学药品和生物制品，国家卫生健康委员会，PDF页码 P.55,待说明书补全,P1扩展条目来自国家基本药物目录；具体适应症/剂量/禁忌需说明书二核。,312,Mycophenolate Mofetil
334,P1,国家基本药物目录扩展,吗替麦考酚酯,,,片剂：0.25g、0.5g；胶囊：0.25g；分散片：0.25g、0.5g；△,,,,,,,《国家基本药物目录（2018年版）》第一部分 化学药品和生物制品，国家卫生健康委员会，PDF页码 P.55,待说明书补全,P1扩展条目来自国家基本药物目录；具体适应症/剂量/禁忌需说明书二核。,313,Mycophenolate Mofetil
335,P1,国家基本药物目录扩展,司莫司汀环磷酰胺,,,Semustine 胶囊：10mg、50mg △,,,,,,,《国家基本药物目录（2018年版）》第一部分 化学药品和生物制品，国家卫生健康委员会，PDF页码 P.55,待说明书补全,P1扩展条目来自国家基本药物目录；具体适应症/剂量/禁忌需说明书二核。,314,Cyclophosphamide
336,P1,国家基本药物目录扩展,环磷酰胺,,,片剂：50mg；注射用无菌粉末：100mg、200mg、；500mg；△,,,,,,,《国家基本药物目录（2018年版）》第一部分 化学药品和生物制品，国家卫生健康委员会，PDF页码 P.55,待说明书补全,P1扩展条目来自国家基本药物目录；具体适应症/剂量/禁忌需说明书二核。,315,Cyclophosphamide
337,P1,国家基本药物目录扩展,异环磷酰胺,,,注射用无菌粉末：0.5g、1.0g △,,,,,,,《国家基本药物目录（2018年版）》第一部分 化学药品和生物制品，国家卫生健康委员会，PDF页码 P.55,待说明书补全,P1扩展条目来自国家基本药物目录；具体适应症/剂量/禁忌需说明书二核。,316,Ifosfamide
338,P1,国家基本药物目录扩展,白消安（二）抗 代 谢 药甲氨蝶呤,,,Busulfan 片剂：0.5mg、2mg △,,,,,,,《国家基本药物目录（2018年版）》第一部分 化学药品和生物制品，国家卫生健康委员会，PDF页码 P.55,待说明书补全,P1扩展条目来自国家基本药物目录；具体适应症/剂量/禁忌需说明书二核。,317,Methotrexate
339,P1,国家基本药物目录扩展,甲氨蝶呤,,,片剂：2.5mg；注射用无菌粉末：5mg、100mg；△,,,,,,,《国家基本药物目录（2018年版）》第一部分 化学药品和生物制品，国家卫生健康委员会，PDF页码 P.55,待说明书补全,P1扩展条目来自国家基本药物目录；具体适应症/剂量/禁忌需说明书二核。,318,Methotrexate
340,P1,国家基本药物目录扩展,巯嘌呤阿糖胞苷羟基脲,,,Mercaptopurine 片剂：25mg、50mg △,,,,,,,《国家基本药物目录（2018年版）》第一部分 化学药品和生物制品，国家卫生健康委员会，PDF页码 P.56,待说明书补全,P1扩展条目来自国家基本药物目录；具体适应症/剂量/禁忌需说明书二核。,319,
341,P1,国家基本药物目录扩展,阿糖胞苷羟基脲氟尿嘧啶,,,Cytarabine 注射用无菌粉末：50mg、100mg △,,,,,,,《国家基本药物目录（2018年版）》第一部分 化学药品和生物制品，国家卫生健康委员会，PDF页码 P.56,待说明书补全,P1扩展条目来自国家基本药物目录；具体适应症/剂量/禁忌需说明书二核。,320,
342,P1,国家基本药物目录扩展,羟基脲氟尿嘧啶吉西他滨,,,Hydroxycarbamide 片剂：0.5g △,,,,,,,《国家基本药物目录（2018年版）》第一部分 化学药品和生物制品，国家卫生健康委员会，PDF页码 P.56,待说明书补全,P1扩展条目来自国家基本药物目录；具体适应症/剂量/禁忌需说明书二核。,321,Gemcitabine
343,P1,国家基本药物目录扩展,氟尿嘧啶吉西他滨,,,Fluorouracil 注射液：10ml:0.25g △,,,,,,,《国家基本药物目录（2018年版）》第一部分 化学药品和生物制品，国家卫生健康委员会，PDF页码 P.56,待说明书补全,P1扩展条目来自国家基本药物目录；具体适应症/剂量/禁忌需说明书二核。,322,Gemcitabine
344,P1,国家基本药物目录扩展,吉西他滨,,,注射用无菌粉末：0.2g、1.0g △；（三）抗肿瘤抗生素,,,,,,,《国家基本药物目录（2018年版）》第一部分 化学药品和生物制品，国家卫生健康委员会，PDF页码 P.56,待说明书补全,P1扩展条目来自国家基本药物目录；具体适应症/剂量/禁忌需说明书二核。,323,Gemcitabine
345,P1,国家基本药物目录扩展,依托泊苷多柔比星柔红霉素,,,Etoposide 注射液：2ml:40mg、5ml:100mg △,,,,,,,《国家基本药物目录（2018年版）》第一部分 化学药品和生物制品，国家卫生健康委员会，PDF页码 P.56,待说明书补全,P1扩展条目来自国家基本药物目录；具体适应症/剂量/禁忌需说明书二核。,324,
346,P1,国家基本药物目录扩展,多柔比星柔红霉素平阳霉素,,,Doxorubicin 注射用无菌粉末：10mg △,,,,,,,《国家基本药物目录（2018年版）》第一部分 化学药品和生物制品，国家卫生健康委员会，PDF页码 P.56,待说明书补全,P1扩展条目来自国家基本药物目录；具体适应症/剂量/禁忌需说明书二核。,325,Bleomycin A5
347,P1,国家基本药物目录扩展,柔红霉素平阳霉素,,,Daunorubicin 注射用无菌粉末：20mg △,,,,,,,《国家基本药物目录（2018年版）》第一部分 化学药品和生物制品，国家卫生健康委员会，PDF页码 P.56,待说明书补全,P1扩展条目来自国家基本药物目录；具体适应症/剂量/禁忌需说明书二核。,326,Bleomycin A5
348,P1,国家基本药物目录扩展,平阳霉素,,,注射用无菌粉末：4mg、8mg △；（四）抗肿瘤植物成分药,,,,,,,《国家基本药物目录（2018年版）》第一部分 化学药品和生物制品，国家卫生健康委员会，PDF页码 P.56,待说明书补全,P1扩展条目来自国家基本药物目录；具体适应症/剂量/禁忌需说明书二核。,327,Bleomycin A5
349,P1,国家基本药物目录扩展,长春新碱,,,Vincristine 注射用无菌粉末：1mg △,,,,,,,《国家基本药物目录（2018年版）》第一部分 化学药品和生物制品，国家卫生健康委员会，PDF页码 P.56,待说明书补全,P1扩展条目来自国家基本药物目录；具体适应症/剂量/禁忌需说明书二核。,328,
350,P1,国家基本药物目录扩展,紫杉醇高三尖杉酯碱（五）其他抗肿瘤药顺铂,,,Paclitaxel 注射液：5ml:30mg、10ml:60mg △,,,,,,,《国家基本药物目录（2018年版）》第一部分 化学药品和生物制品，国家卫生健康委员会，PDF页码 P.57,待说明书补全,P1扩展条目来自国家基本药物目录；具体适应症/剂量/禁忌需说明书二核。,329,Cisplatin
351,P1,国家基本药物目录扩展,高三尖杉酯碱（五）其他抗肿瘤药顺铂,,,Homoharringtonine 注射液：1ml:1mg、2ml:2mg △,,,,,,,《国家基本药物目录（2018年版）》第一部分 化学药品和生物制品，国家卫生健康委员会，PDF页码 P.57,待说明书补全,P1扩展条目来自国家基本药物目录；具体适应症/剂量/禁忌需说明书二核。,330,Cisplatin
352,P1,国家基本药物目录扩展,顺铂,,,注射液：2ml:10mg、6ml :30mg；注射用无菌粉末： 10mg、20mg、；30mg；△,,,,,,,《国家基本药物目录（2018年版）》第一部分 化学药品和生物制品，国家卫生健康委员会，PDF页码 P.57,待说明书补全,P1扩展条目来自国家基本药物目录；具体适应症/剂量/禁忌需说明书二核。,331,Cisplatin
353,P1,国家基本药物目录扩展,奥沙利铂卡铂亚砷酸（三氧化二砷）,,,Oxaliplatin 注射用无菌粉末：50mg、100mg △,,,,,,,《国家基本药物目录（2018年版）》第一部分 化学药品和生物制品，国家卫生健康委员会，PDF页码 P.57,待说明书补全,P1扩展条目来自国家基本药物目录；具体适应症/剂量/禁忌需说明书二核。,332,
354,P1,国家基本药物目录扩展,卡铂亚砷酸（三氧化二砷）,,,Carboplatin 注射用无菌粉末：50mg、100mg △,,,,,,,《国家基本药物目录（2018年版）》第一部分 化学药品和生物制品，国家卫生健康委员会，PDF页码 P.57,待说明书补全,P1扩展条目来自国家基本药物目录；具体适应症/剂量/禁忌需说明书二核。,333,
355,P1,国家基本药物目录扩展,亚砷酸（三氧化二砷）门冬酰胺酶,,,Arsenious Acid （Arsenic；Trioxide）；注射液：5ml:5mg、10ml:10mg；注射用无菌粉末：5mg、10mg；△,,,,,,,《国家基本药物目录（2018年版）》第一部分 化学药品和生物制品，国家卫生健康委员会，PDF页码 P.57,待说明书补全,P1扩展条目来自国家基本药物目录；具体适应症/剂量/禁忌需说明书二核。,334,Asparaginase
356,P1,国家基本药物目录扩展,门冬酰胺酶,,,注射用无菌粉末：5000 单位、10000；单位 △,,,,,,,《国家基本药物目录（2018年版）》第一部分 化学药品和生物制品，国家卫生健康委员会，PDF页码 P.57,待说明书补全,P1扩展条目来自国家基本药物目录；具体适应症/剂量/禁忌需说明书二核。,335,Asparaginase
357,P1,国家基本药物目录扩展,亚叶酸钙,,,注射液：10ml:100mg；注射用无菌粉末： 25mg、50mg、；100mg；△,,,,,,,《国家基本药物目录（2018年版）》第一部分 化学药品和生物制品，国家卫生健康委员会，PDF页码 P.57,待说明书补全,P1扩展条目来自国家基本药物目录；具体适应症/剂量/禁忌需说明书二核。,336,Calcium Folinate
358,P1,国家基本药物目录扩展,维 A 酸卡培他滨,,,Tretinoin 片剂：10mg △,,,,,,,《国家基本药物目录（2018年版）》第一部分 化学药品和生物制品，国家卫生健康委员会，PDF页码 P.57,待说明书补全,P1扩展条目来自国家基本药物目录；具体适应症/剂量/禁忌需说明书二核。,337,Capecitabine
359,P1,国家基本药物目录扩展,卡培他滨,,,片剂：0.15g、0.5g △,,,,,,,《国家基本药物目录（2018年版）》第一部分 化学药品和生物制品，国家卫生健康委员会，PDF页码 P.57,待说明书补全,P1扩展条目来自国家基本药物目录；具体适应症/剂量/禁忌需说明书二核。,338,Capecitabine
360,P1,国家基本药物目录扩展,他莫昔芬来曲唑,,,Tamoxifen 片剂：10mg △,,,,,,,《国家基本药物目录（2018年版）》第一部分 化学药品和生物制品，国家卫生健康委员会，PDF页码 P.58,待说明书补全,P1扩展条目来自国家基本药物目录；具体适应症/剂量/禁忌需说明书二核。,339,Letrozole
361,P1,国家基本药物目录扩展,来曲唑,,,片剂：2.5mg；（七）抗肿瘤辅助药,,,,,,,《国家基本药物目录（2018年版）》第一部分 化学药品和生物制品，国家卫生健康委员会，PDF页码 P.58,待说明书补全,P1扩展条目来自国家基本药物目录；具体适应症/剂量/禁忌需说明书二核。,340,Letrozole
362,P1,国家基本药物目录扩展,美司钠昂丹司琼（八）抗肿瘤靶向药吉非替尼,,,Mesna 注射液：2ml:0.2g、4ml:0.4g △,,,,,,,《国家基本药物目录（2018年版）》第一部分 化学药品和生物制品，国家卫生健康委员会，PDF页码 P.58,待说明书补全,P1扩展条目来自国家基本药物目录；具体适应症/剂量/禁忌需说明书二核。,341,Gefitinib
363,P1,国家基本药物目录扩展,昂丹司琼（八）抗肿瘤靶向药吉非替尼,,,Ondansetron 片剂：4mg、8mg,,,,,,,《国家基本药物目录（2018年版）》第一部分 化学药品和生物制品，国家卫生健康委员会，PDF页码 P.58,待说明书补全,P1扩展条目来自国家基本药物目录；具体适应症/剂量/禁忌需说明书二核。,342,Gefitinib
364,P1,国家基本药物目录扩展,吉非替尼,,,片剂：0.25g △,,,,,,,《国家基本药物目录（2018年版）》第一部分 化学药品和生物制品，国家卫生健康委员会，PDF页码 P.58,待说明书补全,P1扩展条目来自国家基本药物目录；具体适应症/剂量/禁忌需说明书二核。,343,Gefitinib
365,P1,国家基本药物目录扩展,伊马替尼,,,片剂：0.1g、0.4g；胶囊：0.05g、0.1g；△,,,,,,,《国家基本药物目录（2018年版）》第一部分 化学药品和生物制品，国家卫生健康委员会，PDF页码 P.58,待说明书补全,P1扩展条目来自国家基本药物目录；具体适应症/剂量/禁忌需说明书二核。,344,Imatinib
366,P1,国家基本药物目录扩展,埃克替尼,,,片剂：125mg △,,,,,,,《国家基本药物目录（2018年版）》第一部分 化学药品和生物制品，国家卫生健康委员会，PDF页码 P.58,待说明书补全,P1扩展条目来自国家基本药物目录；具体适应症/剂量/禁忌需说明书二核。,345,Icotinib
367,P1,国家基本药物目录扩展,利妥昔单抗,,,注射液：100mg/10ml、500mg/50ml △,,,,,,,《国家基本药物目录（2018年版）》第一部分 化学药品和生物制品，国家卫生健康委员会，PDF页码 P.58,待说明书补全,P1扩展条目来自国家基本药物目录；具体适应症/剂量/禁忌需说明书二核。,346,Rituximab
368,P1,国家基本药物目录扩展,曲妥珠单抗,,,注射用无菌粉末：150mg、440mg △,,,,,,,《国家基本药物目录（2018年版）》第一部分 化学药品和生物制品，国家卫生健康委员会，PDF页码 P.58,待说明书补全,P1扩展条目来自国家基本药物目录；具体适应症/剂量/禁忌需说明书二核。,347,Trastuzumab
369,P1,国家基本药物目录扩展,培美曲塞,,,注射用无菌粉末：0.1g、0.2g、0.5g △,,,,,,,《国家基本药物目录（2018年版）》第一部分 化学药品和生物制品，国家卫生健康委员会，PDF页码 P.58,待说明书补全,P1扩展条目来自国家基本药物目录；具体适应症/剂量/禁忌需说明书二核。,348,Pemetrexed
370,P1,国家基本药物目录扩展,维生素 B1维生素 B2维生素 B6,,,Vitamin B1 注射液：2ml:50mg、2ml:100mg,,,,,,,《国家基本药物目录（2018年版）》第一部分 化学药品和生物制品，国家卫生健康委员会，PDF页码 P.59,待说明书补全,P1扩展条目来自国家基本药物目录；具体适应症/剂量/禁忌需说明书二核。,349,Vitamin B6
371,P1,国家基本药物目录扩展,维生素 B2维生素 B6,,,Vitamin B2 片剂：5mg、10mg,,,,,,,《国家基本药物目录（2018年版）》第一部分 化学药品和生物制品，国家卫生健康委员会，PDF页码 P.59,待说明书补全,P1扩展条目来自国家基本药物目录；具体适应症/剂量/禁忌需说明书二核。,350,Vitamin B6
372,P1,国家基本药物目录扩展,维生素 B6,,,片剂：10mg；注射液：1ml:50mg、2ml:0.1g,,,,,,,《国家基本药物目录（2018年版）》第一部分 化学药品和生物制品，国家卫生健康委员会，PDF页码 P.59,待说明书补全,P1扩展条目来自国家基本药物目录；具体适应症/剂量/禁忌需说明书二核。,351,Vitamin B6
373,P1,国家基本药物目录扩展,维生素 C多种维生素（12）（二）矿  物  质葡萄糖酸钙,,,Vitamin C 注射液：2ml:0.5g、5ml: 1g,,,,,,,《国家基本药物目录（2018年版）》第一部分 化学药品和生物制品，国家卫生健康委员会，PDF页码 P.59,待说明书补全,P1扩展条目来自国家基本药物目录；具体适应症/剂量/禁忌需说明书二核。,352,
374,P1,国家基本药物目录扩展,多种维生素（12）（二）矿  物  质葡萄糖酸钙,,,Multivitamin（12）；注射用无菌粉末：5ml △,,,,,,,《国家基本药物目录（2018年版）》第一部分 化学药品和生物制品，国家卫生健康委员会，PDF页码 P.59,待说明书补全,P1扩展条目来自国家基本药物目录；具体适应症/剂量/禁忌需说明书二核。,353,Calcium Gluconate
375,P1,国家基本药物目录扩展,葡萄糖酸钙,,,片剂：0.5g；注射液：10ml:1g,,,,,,,《国家基本药物目录（2018年版）》第一部分 化学药品和生物制品，国家卫生健康委员会，PDF页码 P.59,待说明书补全,P1扩展条目来自国家基本药物目录；具体适应症/剂量/禁忌需说明书二核。,354,Calcium Gluconate
376,P1,国家基本药物目录扩展,复合磷酸氢钾,,,注射液：2ml（磷酸二氢钾 0.4354g；与磷酸氢二钾 0.639g）；（三）肠外营养药,,,,,,,《国家基本药物目录（2018年版）》第一部分 化学药品和生物制品，国家卫生健康委员会，PDF页码 P.59,待说明书补全,P1扩展条目来自国家基本药物目录；具体适应症/剂量/禁忌需说明书二核。,355,Potassium Phosphates
377,P1,国家基本药物目录扩展,复方氨基酸 18AA,,,18AA；注射液：250m1:12.5g（总氨基酸）；小儿复方氨基酸注射液（18AA -Ⅰ）：；20ml:1.348g（总氨基酸）；小儿复方氨基酸注射液（18AA -Ⅱ）：；50ml:3.0g（总氨基酸）,,,,,,,《国家基本药物目录（2018年版）》第一部分 化学药品和生物制品，国家卫生健康委员会，PDF页码 P.59,待说明书补全,P1扩展条目来自国家基本药物目录；具体适应症/剂量/禁忌需说明书二核。,356,Compound Amino Acid
378,P1,国家基本药物目录扩展,脂肪乳氨基酸葡萄糖,,,注射液：1440ml（20%脂肪乳注射；液 255ml；复方氨基酸注射液；300ml；11%葡萄糖注射液 885ml）、；1920ml（20%脂肪乳注射液 340ml；；复方氨基酸注射液 400ml；11%葡；萄糖注射液 1180ml）；△,,,,,,,《国家基本药物目录（2018年版）》第一部分 化学药品和生物制品，国家卫生健康委员会，PDF页码 P.60,待说明书补全,P1扩展条目来自国家基本药物目录；具体适应症/剂量/禁忌需说明书二核。,357,"Fat Emulsion, Amino Acids and Glucose"
379,P1,国家基本药物目录扩展,中/长链脂肪乳（C6-C24）,,,注射液：250ml（大豆油 12.5g；中；链甘油三酸酯 12.5g；卵磷脂 1.5g）、；250ml（大豆油 25g；中链甘油三酸；酯 25g；卵磷脂 3g）；△；（四）肠内营养药,,,,,,,《国家基本药物目录（2018年版）》第一部分 化学药品和生物制品，国家卫生健康委员会，PDF页码 P.60,待说明书补全,P1扩展条目来自国家基本药物目录；具体适应症/剂量/禁忌需说明书二核。,358,Medium and Long Chain Fat Emulsion (C6-C24)
380,P1,国家基本药物目录扩展,整蛋白型肠内营养剂（粉剂）,,,粉剂：320g/听 △,,,,,,,《国家基本药物目录（2018年版）》第一部分 化学药品和生物制品，国家卫生健康委员会，PDF页码 P.60,待说明书补全,P1扩展条目来自国家基本药物目录；具体适应症/剂量/禁忌需说明书二核。,359,Intacted Protein Enteral Nutrition Powder
381,P1,儿科常用,口服补液盐Oral Rehydration Salts 散剂（Ⅰ、Ⅱ、Ⅲ）氯化钠,,,,,,,,,,《国家基本药物目录（2018年版）》第一部分 化学药品和生物制品，国家卫生健康委员会，PDF页码 P.60,待说明书补全,P1扩展条目来自国家基本药物目录；具体适应症/剂量/禁忌需说明书二核。,360,Sodium Chloride
382,P1,国家基本药物目录扩展,氯化钠,,,注射液：0.9%、10%（10ml、50ml、；100ml、250ml、500ml、1000ml）,,,,,,,《国家基本药物目录（2018年版）》第一部分 化学药品和生物制品，国家卫生健康委员会，PDF页码 P.60,待说明书补全,P1扩展条目来自国家基本药物目录；具体适应症/剂量/禁忌需说明书二核。,361,Sodium Chloride
383,P1,国家基本药物目录扩展,葡萄糖氯化钠,,,Glucose and Sodium Chloride 注射液：100ml、250ml、500ml,,,,,,,《国家基本药物目录（2018年版）》第一部分 化学药品和生物制品，国家卫生健康委员会，PDF页码 P.60,待说明书补全,P1扩展条目来自国家基本药物目录；具体适应症/剂量/禁忌需说明书二核。,362,
384,P1,国家基本药物目录扩展,复方氯化钠氯化钾,,,Compound Sodium Chloride 注射液：250ml、500ml,,,,,,,《国家基本药物目录（2018年版）》第一部分 化学药品和生物制品，国家卫生健康委员会，PDF页码 P.61,待说明书补全,P1扩展条目来自国家基本药物目录；具体适应症/剂量/禁忌需说明书二核。,363,Potassium Chloride
385,P1,国家基本药物目录扩展,氯化钾,,,缓释片：0.5g；注射液：10ml:1.5g；颗粒剂；（二）酸碱平衡调节药,,,,,,,《国家基本药物目录（2018年版）》第一部分 化学药品和生物制品，国家卫生健康委员会，PDF页码 P.61,待说明书补全,P1扩展条目来自国家基本药物目录；具体适应症/剂量/禁忌需说明书二核。,364,Potassium Chloride
386,P1,国家基本药物目录扩展,乳酸钠林格碳酸氢钠,,,Sodium Lactate Ringer’s 注射液：500ml,,,,,,,《国家基本药物目录（2018年版）》第一部分 化学药品和生物制品，国家卫生健康委员会，PDF页码 P.61,待说明书补全,P1扩展条目来自国家基本药物目录；具体适应症/剂量/禁忌需说明书二核。,365,Sodium Bicarbonate
387,P1,国家基本药物目录扩展,碳酸氢钠,,,片剂：0.3g、0.5g；注射液：10ml:0.5g、250ml:12.5g；（三）其    他,,,,,,,《国家基本药物目录（2018年版）》第一部分 化学药品和生物制品，国家卫生健康委员会，PDF页码 P.61,待说明书补全,P1扩展条目来自国家基本药物目录；具体适应症/剂量/禁忌需说明书二核。,366,Sodium Bicarbonate
388,P1,国家基本药物目录扩展,葡萄糖,,,注射液：5%、10%、25%、50%（20ml、；100ml、250ml、500ml、1000ml）,,,,,,,《国家基本药物目录（2018年版）》第一部分 化学药品和生物制品，国家卫生健康委员会，PDF页码 P.61,待说明书补全,P1扩展条目来自国家基本药物目录；具体适应症/剂量/禁忌需说明书二核。,367,Glucose
389,P1,国家基本药物目录扩展,硫代硫酸钠,,,注射液： 10ml:0.5g、20ml:1.0g、；20ml:10g；注射用无菌粉末：0.32g、0.64g,,,,,,,《国家基本药物目录（2018年版）》第一部分 化学药品和生物制品，国家卫生健康委员会，PDF页码 P.61,待说明书补全,P1扩展条目来自国家基本药物目录；具体适应症/剂量/禁忌需说明书二核。,368,Sodium Thiosulfate
390,P1,国家基本药物目录扩展,氯解磷定碘解磷定戊乙奎醚,,,Pralidoxime Chloride 注射液：2ml:0.25g、2ml:0.5g,,,,,,,《国家基本药物目录（2018年版）》第一部分 化学药品和生物制品，国家卫生健康委员会，PDF页码 P.62,待说明书补全,P1扩展条目来自国家基本药物目录；具体适应症/剂量/禁忌需说明书二核。,369,Penehyclidine
391,P1,国家基本药物目录扩展,碘解磷定戊乙奎醚,,,Pralidoxime Iodide 注射液：20ml:0.5g,,,,,,,《国家基本药物目录（2018年版）》第一部分 化学药品和生物制品，国家卫生健康委员会，PDF页码 P.62,待说明书补全,P1扩展条目来自国家基本药物目录；具体适应症/剂量/禁忌需说明书二核。,370,Penehyclidine
392,P1,国家基本药物目录扩展,戊乙奎醚,,,注射液：1ml:0.5mg、1ml:1mg、；2ml:2mg；（三）亚硝酸盐中毒解毒药,,,,,,,《国家基本药物目录（2018年版）》第一部分 化学药品和生物制品，国家卫生健康委员会，PDF页码 P.62,待说明书补全,P1扩展条目来自国家基本药物目录；具体适应症/剂量/禁忌需说明书二核。,371,Penehyclidine
393,P1,国家基本药物目录扩展,亚甲蓝,,,注射液： 2ml:20mg、5ml:50mg、；10ml:100mg；（四）阿片类中毒解毒药,,,,,,,《国家基本药物目录（2018年版）》第一部分 化学药品和生物制品，国家卫生健康委员会，PDF页码 P.62,待说明书补全,P1扩展条目来自国家基本药物目录；具体适应症/剂量/禁忌需说明书二核。,372,Methylthioninium Chloride
394,P1,国家基本药物目录扩展,纳洛酮,,,注射液： 1ml:0.4mg、 1ml:1mg、；2ml:2mg；注射用无菌粉末：0.4mg、1.0mg、；2.0mg；（五）鼠药解毒药,,,,,,,《国家基本药物目录（2018年版）》第一部分 化学药品和生物制品，国家卫生健康委员会，PDF页码 P.62,待说明书补全,P1扩展条目来自国家基本药物目录；具体适应症/剂量/禁忌需说明书二核。,373,Naloxone
395,P1,国家基本药物目录扩展,乙酰胺,,,注射液： 2ml:1.0g、 5ml:2.5g、；10ml:5.0g；（六）其    他；375 氟马西尼；Flumazenil；注射液：2ml:0.2mg、5ml:0.5mg、；10ml:1.0mg,,,,,,,《国家基本药物目录（2018年版）》第一部分 化学药品和生物制品，国家卫生健康委员会，PDF页码 P.62,待说明书补全,P1扩展条目来自国家基本药物目录；具体适应症/剂量/禁忌需说明书二核。,374,Acetamide
396,P1,国家基本药物目录扩展,破伤风抗毒素,,,注射液、注射用无菌粉末：1500IU、；10000IU,,,,,,,《国家基本药物目录（2018年版）》第一部分 化学药品和生物制品，国家卫生健康委员会，PDF页码 P.63,待说明书补全,P1扩展条目来自国家基本药物目录；具体适应症/剂量/禁忌需说明书二核。,376,Tetanus Antitoxin
397,P1,国家基本药物目录扩展,抗狂犬病血清抗蛇毒血清Snake Antivenin 注射液、注射用无菌粉末 注释 6破伤风人免疫球蛋白,,,Rabies Antiserum 注射液：400IU、700IU、1000IU,,,,,,,《国家基本药物目录（2018年版）》第一部分 化学药品和生物制品，国家卫生健康委员会，PDF页码 P.63,待说明书补全,P1扩展条目来自国家基本药物目录；具体适应症/剂量/禁忌需说明书二核。,377,Humman Tetanus Immunoglobulin
398,P1,国家基本药物目录扩展,抗蛇毒血清Snake Antivenin 注射液、注射用无菌粉末 注释 6破伤风人免疫球蛋白,,,,,,,,,,《国家基本药物目录（2018年版）》第一部分 化学药品和生物制品，国家卫生健康委员会，PDF页码 P.63,待说明书补全,P1扩展条目来自国家基本药物目录；具体适应症/剂量/禁忌需说明书二核。,378,Humman Tetanus Immunoglobulin
399,P1,国家基本药物目录扩展,破伤风人免疫球蛋白,,,注射液：250IU（2.5ml）、500IU；（5ml）；380 国家免疫规划用疫苗   注释 7,,,,,,,《国家基本药物目录（2018年版）》第一部分 化学药品和生物制品，国家卫生健康委员会，PDF页码 P.63,待说明书补全,P1扩展条目来自国家基本药物目录；具体适应症/剂量/禁忌需说明书二核。,379,Humman Tetanus Immunoglobulin
400,P1,国家基本药物目录扩展,碘海醇,,,注射液：20ml:6g（I）、50ml:15g（I）、；100ml:30g（I）；（二）其    他,,,,,,,《国家基本药物目录（2018年版）》第一部分 化学药品和生物制品，国家卫生健康委员会，PDF页码 P.64,待说明书补全,P1扩展条目来自国家基本药物目录；具体适应症/剂量/禁忌需说明书二核。,384,Iohexol
