序号,类别,子类,药典通用名,P0 检索名,药典页码,entryId,已有_处方,已有_功能主治,已有_用法用量,已有_规格,待补_禁忌,待补_不良反应,待补_注意事项,说明书来源,备注,QA状态,QA问题
1,中医方剂,固涩剂,四神丸,四神丸,878,1100,✓,✓,✓,,尚不明确。,尚不明确。,实热泄泻、腹痛禁用。忌生冷油腻食物,39药品通说明书；四神丸；https://ypk.39.net/810048/manual/；批准文号:国药准字Z14021975；企业名称：山西昂生药业有限责任公司 企业简称：山西昂生药业,非NMPA官网源，需国家药监局/原厂说明书二次核验,需NMPA/原厂二核,非NMPA官网源
2,中医方剂,开窍剂,安宫牛黄丸,安宫牛黄丸,979,1217,✓,✓,✓,✓,尚未明确。,有文献报道不当使用本品致体温过低，亦有个别患者引起过敏反应。,1.本品为热闭神昏所设，寒闭神昏不得使用。 2.本品处方中含麝香，芳香走窜，有损胎气，孕妇慎用。 3.服药期间饮食宜清淡，忌食辛辣油腻之品，以免助火生痰。 4.本品处方中含朱砂、雄黄，不宜过量久服，肝肾功能不全者慎用。 5.在治疗过程中如出现肢寒畏冷，面色苍白，冷汗不止，脉微欲绝，由闭证变为脱证时，应立即停药。 6.高热神昏，中风昏迷等口服本品困难者，当鼻饲给药。 7.孕妇及哺乳期妇女、儿童、老年人使用本品应遵医嘱。 8.过敏体质者慎用。 9.儿童必须在成人的监护下使用。 10.如正在服用其他药品，使用本品前请咨询医师。 11.服用前应除去蜡皮、塑料球壳及玻璃纸；本品不可整丸吞服。 12.运动员慎用。,39药品通说明书；安宫牛黄丸；https://ypk.39.net/787583/manual/；批准文号:国药准字Z52020216；企业名称：贵阳德昌祥药业有限公司 企业简称：贵阳德昌祥药业,非NMPA官网源，需国家药监局/原厂说明书二次核验,需NMPA/原厂二核,非NMPA官网源
3,中医方剂,开窍剂,紫雪散,紫雪,1768,2076,✓,✓,✓,✓,孕妇禁用。,尚不明确,1 重症患者第一次加倍服用。 2 本品久置后有少量可摇散的沉淀，摇匀后使用。,39药品通说明书；紫雪散；https://ypk.39.net/794426/manual/；批准文号:国药准字Z41020787；企业名称：安阳路德药业有限责任公司 企业简称：路德,非NMPA官网源，需国家药监局/原厂说明书二次核验,需NMPA/原厂二核,非NMPA官网源
4,中医方剂,开窍剂,苏合香丸,苏合香丸,1045,1286,✓,✓,✓,✓,孕妇禁用。,尚不明确。,1.运动员慎用。 2.服用前应除去蜡皮、塑料球壳及玻璃纸;本品可嚼服，也可分份吞服。,39药品通说明书；苏合香丸；https://ypk.39.net/817206/manual/；批准文号:国药准字Z20043977；企业名称：北京同仁堂股份有限公司同仁堂制药厂 企业简称：北京同仁堂同仁堂制药厂,非NMPA官网源，需国家药监局/原厂说明书二次核验,需NMPA/原厂二核,非NMPA官网源
5,中医方剂,治风剂,川芎茶调散,川芎茶调散,594,788,✓,✓,✓,,尚不明确。,尚不明确。,1 本药以治疗外感风邪引起的感冒头痛效果较好，也用于经过明确诊断的偏头痛、神经性头痛或外伤后遗症所致的头痛等。 2 久痛气虚、血虚，或因肝肾不足，阳气亢盛之头痛不宜应用。 3 素有较严重慢性病史者及糖尿病患者，应在医师指导下服药。 4 孕妇慎用。哺乳期妇女、儿童、老人应在医师指导下使用。 5 服药三天后症状无改善，或病情加重者，应向医生咨询。 6 除非在医生指导下，否则不得超过推荐剂量使用。 7 对本品过敏者禁用，过敏体质者慎用。 8 本品性状发生改变时禁止使用。 9 儿童必须在成人监护下使用。 10 请将本品放在儿童不能接触的地方。 11 如正在使用其他药品，使用本品前请咨询医师或药师。,39药品通说明书；川芎茶调散；https://ypk.39.net/589181/manual/；批准文号:国药准字Z21020064；企业名称：辽宁汉草堂中药有限公司 企业简称：汉草堂,非NMPA官网源，需国家药监局/原厂说明书二次核验,需NMPA/原厂二核,非NMPA官网源
6,中医方剂,消食剂,保和丸,保和丸,1399,1672,✓,✓,✓,✓,孕妇忌服。,尚不明确。,1.忌生冷油腻不易消化食物。 2.体虚无积滞者不宜服用。 3.不适用于因肝病或心肾功能不全所致之饮食不消化，不欲饮食，脘腹胀满者。 4.身体虚弱或老年人不宜长期服用。 5.小儿用法用量，请咨询医师或药师。 6.孕妇及哺乳期妇女慎用（请咨询医师或药师）。 7.服药三天症状无改善，或出现其他症状时，应立即停用并到医院诊治。 8.对本品过敏者禁用，过敏体质者慎用。 9.本品性状发生改变时禁止使用。 10.儿童必须在成人的监护下使用。 11.请将本品放在儿童不能接触的地方。 12.如正在使用其他药品，使用本品前请咨询医师或药师。,39药品通说明书；保和丸；https://ypk.39.net/811805/manual/；批准文号:国药准字Z14020086；企业名称：山西华康药业股份有限公司 企业简称：山西华康药业,非NMPA官网源，需国家药监局/原厂说明书二次核验,需NMPA/原厂二核,非NMPA官网源
7,中医方剂,消食剂,健脾丸,健脾丸,1530,1819,✓,✓,✓,✓,尚不明确。,尚不明确。,1.饮食宜清淡，忌酒及辛辣、生冷、油腻食物。 2.有高血压、心脏病、肝病、糖尿病、肾病等慢性病严重者应在医师指导下服用。 3.儿童、孕妇、哺乳期妇女、年老体弱者应在医师指导下服用。 4.服药3天症状无缓解，应去医院就诊。 5.对本品过敏者禁用，过敏体质者慎用。 6.本品性状发生改变时禁止使用。 7.儿童必须在成人监护下使用。 8.请将本品放在儿童不能接触的地方。 9.如正在使用其他药品，使用本品前请咨询医师或药师。,39药品通说明书；健脾丸；https://ypk.39.net/787910/manual/；批准文号:国药准字Z34020584；企业名称：上海华源制药安徽广生药业有限公司,非NMPA官网源，需国家药监局/原厂说明书二次核验,需NMPA/原厂二核,非NMPA官网源
10,中医方剂,温里剂,理中丸,理中丸,1636,1934,✓,✓,✓,✓,泄泻时腹部热胀痛者忌服,尚不明确,1.服药期间忌食生冷、辛辣油腻之物。 2.感冒发热者慎用。 3.孕妇慎用。 4.服药三天症状未改善，或症状加重，或出现新的症状者，应立即停药并去医院就诊。 5.有慢性结肠炎、溃疡性结肠炎便脓血等慢性病史者，患泄泻后应在医师指导下使用。 6.小儿用法用量，请咨询医师或药师。 7.对本品过敏者禁用，过敏体质者慎用。 8.本品性状发生改变时禁止使用。 9.儿童必须在成 人监护下使用。 10.请将本品放在儿童不能接触的地方。,39药品通说明书；理中丸；https://ypk.39.net/806259/manual/；批准文号:国药准字Z15021623；企业名称：呼伦贝尔松鹿制药有限公司 企业简称：呼伦贝尔松鹿制药,非NMPA官网源，需国家药监局/原厂说明书二次核验,需NMPA/原厂二核,非NMPA官网源
12,中医方剂,祛湿剂,五苓散,五苓散,694,898,✓,✓,✓,✓,尚不明确,尚不明确,1．入汤剂不宜久煎。 2．湿热者忌用，且本方不宜常服。,39药品通说明书；五苓散；https://ypk.39.net/830081/manual/；批准文号:国药准字Z11020702；企业名称：北京同仁堂股份有限公司同仁堂制药厂 企业简称：北京同仁堂同仁堂制药厂,非NMPA官网源，需国家药监局/原厂说明书二次核验,需NMPA/原厂二核,非NMPA官网源
13,中医方剂,祛痰剂,清气化痰丸,清气化痰丸,1711,2011,✓,✓,✓,,对本品过敏者禁用。,尚不明确,1.儿童、孕妇、体质虚弱、脾胃虚寒及过敏体质者慎用。 2.忌食辛辣、油腻食物。 3.支气管扩张、肺脓疡、肺心病、肺结核患者应在医师指导下服用。 4.服用一周病证无改善，应停止服用，去医院就诊。 5.服药期间，若患者出现高热，体温超过38℃，或出现喘促气急者，或咳嗽加重，痰量明显增多者应到医院就诊。 6.药品性状发生改变时禁止使用。 7.儿童应遵医嘱，且必须在成人监护下使用。 8.请将此药品放在儿童不能接触的地方。 9.如正在服用其他药品，使用本品前请咨询医师或药师。,39药品通说明书；清气化痰丸；https://ypk.39.net/796872/manual/；批准文号:国药准字Z20023072；企业名称：湖北瑞华制药有限责任公司,非NMPA官网源，需国家药监局/原厂说明书二次核验,需NMPA/原厂二核,非NMPA官网源
14,中医方剂,补益剂,六味地黄丸,六味地黄丸,791,1004,✓,✓,✓,✓,尚不明确。,尚不明确。,1. 忌不易消化食物。 2. 感冒发热病人不宜服用。 3. 有高血压、心脏病、肝病、糖尿病、肾病等慢性病严重者应在医师指导下服用。 4. 儿童、孕妇、哺乳期妇女应在医师指导下服用。 5. 服药4周症状无缓解，应去医院就诊。 6. 对本品过敏者禁用，过敏体质者慎用。 7. 本品性状发生改变时禁止使用。 8. 儿童必须在成人监护下使用。 9. 请将本品放在儿童不能接触的地方。 10. 如正在使用其他药品，使用本品前请咨询医师或药师。,39药品通说明书；六味地黄丸；https://ypk.39.net/670188/manual/；批准文号:国药准字Z44020360；企业名称：广州白云山中一药业有限公司 企业简称：广州白云山中一药业,非NMPA官网源，需国家药监局/原厂说明书二次核验,需NMPA/原厂二核,非NMPA官网源
15,中医方剂,补益剂,参苓白术散,参苓白术散,1272,1534,✓,✓,✓,,尚不明确。,尚不明确,1.泄泻兼有大便不通畅，肛门有下坠感者忌服。 2.服本药时不宜同时服用藜芦、五灵脂、皂荚或其制剂。 3.不宜喝茶和吃萝卜以免影响药效。 4.不宜和感冒类药同时服用。 5.高血压、心脏病、肾脏病、糖尿病患者及孕妇应在医师指导下服用。 6.本品宜饭前服用或进食同时服。 7.按照用法用量服用，小儿应在医师指导下服用。 8.服药二周后症状未改善，应去医院就诊。 9.药品性状发生改变时禁止服用。 10.儿童必须在成人的监护下使用。 11.请将此药品放在儿童不能接触的地方。 12.如正在服用其他药品，使用本品前请咨询医师或药师。,39药品通说明书；参苓白术散；https://ypk.39.net/889618/manual/；批准文号:国药准字Z14020685；企业名称：山西广誉远国药有限公司 企业简称：山西广誉远国药,非NMPA官网源，需国家药监局/原厂说明书二次核验,需NMPA/原厂二核,非NMPA官网源
16,中医方剂,补益剂,右归丸,右归丸,855,1070,✓,✓,✓,✓,尚不明确。,尚不明确。,服用前应除去蜡皮、塑料球壳;本品可嚼服，也可分份吞服。,39药品通说明书；右归丸；https://ypk.39.net/816137/manual/；批准文号:国药准字Z33020107；企业名称：杭州胡庆余堂药业有限公司 企业简称：杭州胡庆余堂药业,非NMPA官网源，需国家药监局/原厂说明书二次核验,需NMPA/原厂二核,非NMPA官网源
17,中医方剂,解表剂,葛根汤颗粒,葛根汤,1760,2066,✓,✓,✓,✓,尚不明确。,尚不明确。,请遵医嘱。,39药品通说明书；葛根汤颗粒(瑞阳)；https://ypk.39.net/589050/manual/；批准文号:国药准字Z20030077；企业名称：瑞阳制药有限公司 企业简称：和世佰能科技,非NMPA官网源，需国家药监局/原厂说明书二次核验,需NMPA/原厂二核,非NMPA官网源
19,中医方剂,解表剂,银翘散,银翘散,1676,1975,✓,✓,✓,✓,尚不明确。,尚不明确。,1.忌烟、酒及辛辣、生冷、油腻食物。2.不宜在服药期间同时服用滋补性中成药。3.风寒感冒者不适用，其表现为恶寒重，发热轻，无汗，头痛，鼻塞，流清涕，喉痒咳嗽。4.高血压、心脏病、肝病、糖尿病、肾病等慢性病严重者应在医师指导下服用。5.服药三天后症状无改善，或症状加重，或出现新的严重症状如胸闷、心悸等应立即停药，并去医院就诊。6.小儿、年老体弱者、孕妇应在医师指导下服用。7.脾胃虚寒，症见腹痛、喜暖、泄泻者慎用。8.对本品过敏者禁用，过敏体质者慎用。9.本品性状发生改变时禁止使用。10.儿童必须在成人监护下使用。11.请将本品放在儿童不能接触的地方。12.如正在使用其他药品，使用本品前请咨询医师或药师。,39药品通说明书；银翘散；https://ypk.39.net/787374/manual/；批准文号:国药准字Z52020467；企业名称：百花医药集团股份有限公司 企业简称：百花医药,非NMPA官网源，需国家药监局/原厂说明书二次核验,需NMPA/原厂二核,非NMPA官网源
20,中医方剂,驱虫剂,乌梅丸,乌梅丸,785,997,✓,✓,✓,✓,肾脏病患者、孕妇、新生儿禁用。,尚不明确。,本品含有马兜铃科植物细辛，在医生指导下使用，定期复查肾功能。,39药品通说明书；乌梅丸；https://ypk.39.net/815563/manual/；批准文号:国药准字Z53020927；企业名称：云南省腾冲县东方红制药有限责任公司,非NMPA官网源，需国家药监局/原厂说明书二次核验,需NMPA/原厂二核,非NMPA官网源
21,西医常用药,儿科常用,蒙脱石散,蒙脱石散,1770,4715,,,,✓,对本品活性成份或任何辅料过敏者禁用。,"便秘发生在大约7％的成人和大约1％的儿童中，是治疗期间最常报告的不良反应。如果发生便秘，应暂停使用，如有必要，以较低剂量重新开始治疗。下表列出了临床试验和上市后报告中的药物不良反应。根据以下惯例定义其频率：十分常见（≥1/10）、常见（≥1/100至1/10）、偶见（≥1/1,000至1/100）、罕见（≥1/10,000至1/1,000）、十分罕见（1/10,000）、未知（无法根据现有数据进行估计）。系统器官分类 频率 不良反应肠胃系统疾病 常见* 便秘皮肤和皮下组织疾病 偶见* 皮疹 罕见* 寻麻疹 未知 血管性水肿，瘙痒免疫系统疾病 未知 超敏反应*发病频率是根据临床试验的发病率进行估算。",1.治疗急性腹泻时，应注意纠正脱水。2.如出现便秘，可减少剂量继续服用。3.需同服肠道杀菌药时，请咨询医师。4.儿童用量请咨询医师或药师。5.儿童急性腹泻服用本品1天后症状未改善，请咨询医师或药师。6.如服用过量或出现严重不良反应，应立即就医。7.过敏体质者慎用。8.本品性状发生改变时禁止使用。9.请将本品放在儿童不能接触的地方。10.儿童必须在成人监护下使用。11.如正在使用其他药品，使用本品前请咨询医师或药师。12.过量服用可能会导致重度便秘或胃（肠）石。13.有重度慢性便秘病史的患者应该慎用。14.体弱患者以及儿童，必须考虑根据腹泻严重程度、患者年龄和临床情况使用口服补液或静脉补液。15.草莓味：含葡萄糖。不建议患有罕见遗传性葡萄糖或半乳糖吸收不良综合征的患者使用。,39药品通说明书；蒙脱石散；https://ypk.39.net/2310574/manual/；批准文号:国药准字H20233862；企业名称：河南羚锐制药股份有限公司 企业简称：羚锐,非NMPA官网源，需国家药监局/原厂说明书二次核验,需NMPA/原厂二核,非NMPA官网源
22,西医常用药,呼吸,沙丁胺醇吸入气雾剂,沙丁胺醇,690,3147,,,,✓,对其他B2激动剂、酒精和氟里昂过敏者禁用。,肌肉震颤，外周血管舒张及代偿性心率加速，头痛，不安等过敏反应及反常的支气管痉挛。,1.高血压、冠心病、糖尿病、甲状腺机能亢进等患者应慎用。2.长期使用可形成耐药性，不仅疗效降低，且有加重哮喘的危险，因此对经常使用本品者，应同时使用吸入或全身皮质类固醇治疗。若病人症状较重，需要每天多次吸入本品者，应同时监测最大呼气流速，并应到医院就诊，请专业医师指导治疗和用药。,39药品通说明书；沙丁胺醇气雾剂；https://ypk.39.net/499986/manual/；批准文号:国药准字H11021384；企业名称：北京海德润医药集团有限公司 企业简称：云鹏制药,非NMPA官网源，需国家药监局/原厂说明书二次核验,需NMPA/原厂二核,非NMPA官网源
24,西医常用药,妇产,米非司酮片,米非司酮,541,2940,,,,✓,1对本品过敏者。2心、肝、肾疾病患者及肾上腺皮质功能不全者。3有使用前列腺素类药物禁忌者：如青光眼、哮喘及对前列腺素类药物过敏等。4带宫内节育器妊娠和怀疑宫外孕者。,1部分早孕妇女服药后，有轻度恶心、呕吐、眩晕、乏力和下腹痛。2个别妇女可出现皮疹。3使用前列腺素后可有腹痛，部分对象可发生呕吐、腹泻。少数有潮红和发麻现象。,1确诊为早孕者，停经天数不应超过49天，孕期越短，效果越好。2米非司酮片必须在具有急诊、刮宫手术和输液、输血条件下使用。本药不得在药房自行出售。3服药前必须向服药者详细告知治疗效果，及可能出现的副反应。治疗或随诊过程中，如出现大量出血或其他异常,39药品通说明书；米非司酮片；https://ypk.39.net/760937/manual/；批准文号:国药准字H20083780；企业名称：湖北葛店人福药业有限责任公司 企业简称：湖北葛店人福药业,非NMPA官网源，需国家药监局/原厂说明书二次核验,需NMPA/原厂二核,非NMPA官网源
25,西医常用药,妇产,缩宫素注射液,缩宫素,1836,4816,,,,✓,骨盆过窄、产道受阻、明显头盆不称及胎位异常、有剖腹产史、子宫肌瘤剔除术史者及脐带先露或脱垂、前置胎盘、胎儿窘迫、宫缩过强、子宫收缩乏力长期用药无效、产前出血（包括胎盘早剥）、多胎妊娠、子宫过大（包括羊水过多）、严重的妊娠高血压综合证。,偶有恶心、呕吐、心率增快或心律失常。大剂量应用时可引起高血压或水滞留。,1 下列情况应慎用：心脏病、临界性头盆不称、临界性头盆不称、曾有宫腔内感染史、宫颈曾经手术治疗、宫颈癌、早产、胎头未衔接、孕妇年龄已超过35岁者，用药时应警惕胎儿异常及子宫破裂的可能。 2 骶管阻滞时用缩宫素，可发生严重的高血压，甚至脑血管破裂。。 3 用药前及用药时需检查及监护：①子宫收缩的频率、持续时间及强度；②孕妇脉搏及血压；③胎儿心率；④静止期间子宫肌张力；⑤胎儿成熟度；⑥骨盆大小及胎先露下降情况；⑦出入液量的平衡（尤其是长时间使用者）。,39药品通说明书；缩宫素注射液；https://ypk.39.net/628129/manual/；批准文号:国药准字H31020850；企业名称：上海禾丰制药有限公司 企业简称：上海禾丰制药,非NMPA官网源，需国家药监局/原厂说明书二次核验,需NMPA/原厂二核,非NMPA官网源
26,西医常用药,抗生素,克拉霉素胶囊,克拉霉素,591,3002,,,,✓,1．对本品或大环内酯类药物过敏者禁用。 2．孕妇、哺乳妇女期禁用。 3．严重肝功能损害者、水电解质紊乱患者、服用特非那丁治疗者禁用。 4．某些心脏病（包括心律失常、心动过缓、Q-T间期延长、缺血性心脏病、充血性心力衰竭等）患者禁用。,1．主要有口腔异味（3%），腹痛、腹泻、恶心、呕吐等胃肠道反应（2%～3%），头痛（2%），血清氨基转移酶短暂升高。 2．可能发生过敏反应，轻者为药疹、荨麻疹，重者为过敏及Stevens-Johnson症。 3．偶见肝毒性、艰难梭菌引起的假膜性肠炎。 4．曾有发生短暂性中枢神经系统副作用的报告，包括焦虑、头昏、失眠、幻觉、恶梦或意识模糊，然而其原因和药物的关系仍不清楚。,1 肝功能损害、中度至严重肾功能损害者慎用。 2 肾功能严重损害（肌酐清除率小于30ml/分钟)者，须作剂量调整。常用量为一次0.25g，一日1次；重症感染者首剂0.5g，以后一次0.25g，一日2次。 3 本品与红霉素及其他大环内酯类药物之间有交叉过敏和交叉耐药性。 4 与别的抗生素一样，可能会出现真菌或耐药细菌导致的严重感染，此时需要中止使用本品，同时采用适当的治疗。 5 本品可空腹口服，也可与食物或牛奶同服，与食物同服不影响其吸收。 6 血液或腹膜透析不能降低本品的血药浓度。,39药品通说明书；克拉霉素胶囊；https://ypk.39.net/502374/manual/；批准文号:国药准字H20043983；企业名称：四川维奥制药有限公司 企业简称：四川维奥制药,非NMPA官网源，需国家药监局/原厂说明书二次核验,需NMPA/原厂二核,非NMPA官网源
27,西医常用药,抗生素,头孢呋辛酯,头孢呋辛,366,2726,,,,,1 对本品及其他头孢菌素类过敏者、有青霉素过敏性休克或即刻反应史者及胃肠道吸收障碍者禁用。 2 5岁以下小儿禁用。,主要有恶心、呕吐、腹部不适和腹泻等胃肠反应，偶有头痛，一般是轻度和短暂的。 与其它广谱抗生素类相同，可引起伪膜性肠炎。 罕有过敏反应。曾有嗜酸性白细胞增多及短暂的肝酶水平升高。此外，使用头孢菌素会产生阳性抗球蛋白反应，从而干扰血液的交叉配合测定。,1 本品与青霉素类或头霉素类（cephamycins）有交叉过敏反应，因此对青霉素类、青霉素衍生物、青霉胺及头霉素类过敏者慎用。 2 肾功能减退及肝功能损害者慎用。 3 有胃肠道疾病史者，特别是溃疡性结肠炎、局限性肠炎或抗生素相关性结肠炎者慎用。 4 长期服用本品可致菌群失调，引发继发性感染。如发生轻度假膜性肠炎，停药即可，但对于中、重度假膜性肠炎患者，须对症处理并给予抗艰难梭菌的抗菌药物。 5 本品应于餐后服用，以增加吸收，提高血药浓度，并减少胃肠道反应。 6 本品应吞服，不可嚼碎。 7 对实验室检查指标的干扰：抗球蛋白（Coombs）试验可出现阳性；硫酸铜尿糖试验可呈假阳性，但葡萄糖酶试验法不受影响；高铁氰化物血糖试验可呈假阴性，但葡萄糖酶试验法和抗坏血酸氧化酶试验法不受影响；血清丙氨酸氨基转移酶、门冬氨酸氨基转移酶、碱性磷酸酶和血尿素氮可升高；采用Jaffe反应进行血清和尿肌酐值测定时可有假性增高。,39药品通说明书；头孢呋辛酯片(达力新)；https://ypk.39.net/708710/manual/；批准文号:国药准字H20000400；企业名称：国药集团致君(深圳)制药有限公司 企业简称：致君制药,非NMPA官网源，需国家药监局/原厂说明书二次核验,需NMPA/原厂二核,非NMPA官网源
28,西医常用药,抗生素,头孢哌酮钠,头孢哌酮,384,2742,,,,,对头孢菌素类过敏及有青霉素过敏休克和即刻反应史者禁用本品。,1 疹较为多见，达2.3%或以上； 2 少数病人尚可发生腹泻、腹痛、嗜酸粒细胞增多，轻度中性粒细胞减少。 3 有时性血清氨基转移酶、碱性磷酸酶、尿素氮或血肌酐升高。 4 血小板减少、凝血酶原时间延长等可见于个别病例。偶有出血者，可用维生素K预防或控制。 5 菌群失调可在少数病人出现。 6 用本品期间饮酒或接受含酒精药物或饮料者可出现双硫仑(disulfiram)样反应。,"1 本品治疗婴儿感染也获较好疗效，但对早产儿和新生儿的研究尚缺乏资料。 2 诊断的干扰：用硫酸铜法进行尿糖测定时可出现假阳性反应，直接抗球蛋白(Coombs)试验呈阳性反应。产妇临产前应用本品，新生儿此试验亦可为阳性。偶有碱性磷酸酶、血清丙氨酸氨基转移酶、血清门冬氨酸氨基转移酶、血清肌酐和血尿素氮增高。 3 肝病和(或)胆道梗阻病人，半衰期延长(病情严重者延长2～4倍)，尿中头孢哌酮排泄量增多；但肝病、胆道梗阻严重或同时有肾功能减退者，胆汁中仍可获得有效治疗浓度；给药剂量须予适当调整，且应进行血药浓度监测。如不能进行血药浓度监测时，每天给药剂量不应超过2g。 4 部分病人用本品治疗可引起维生素K缺乏和低凝血酶原血症，用药期间应进行出血时间、凝血酶原时间监测。同时应用维生素K1可防止出血现象的发生。 5 早期应用头孢哌酮可引起二重感染。,br/6 交叉过敏：对任何一种头孢菌素过敏者对本品也可能过敏。 7 乳汁中头孢哌酮的含量少，哺乳期妇女应用本品时宜暂停哺乳。",39药品通说明书；注射用头孢哌酮钠(先锋必)；https://ypk.39.net/496932/manual/；批准文号:国药准字H19994141；企业名称：辉瑞制药有限公司 企业简称：辉瑞制药,非NMPA官网源，需国家药监局/原厂说明书二次核验,需NMPA/原厂二核,非NMPA官网源
29,西医常用药,抗生素,头孢曲松钠,头孢曲松,352,2711,,,,,已知对头孢菌素类抗生素过敏者禁用。,使用罗氏芬期间，发现一些可自行逆转的或停药后即消失的副作用。 全身性副作用： 胃肠道不适 ( 约占病例数的 2 % ) ：稀便或腹泻、恶心、呕吐、胃炎和舌炎。 血液学改变 ( 约 2 % ) ：嗜酸细胞增多，白细胞减少，粒细胞减少，溶血性贫血，血小板减少等。皮肤反应 ( 约 1 % ) ：皮疹，过敏性皮炎，瘙痒，荨麻珍，水肿，多形性红斑等。 其他罕见副作用： 头痛和眩晕，症状性头孢曲松钙盐之胆囊沉积，肝脏转氨酶增高，少尿，血肌酐增加，生殖道霉菌病，发热，寒战以及过敏性或过敏样反应。伪,警惕：与其他头孢类抗生素一样，尽管已获得病人的全部病史，但亦不排除过敏性休克之可能性，过敏性休克需要紧急处理。包括头孢曲松在内的几乎所有的抗菌素都曾有发生伪膜性肠炎的报道，所以，对使用抗菌素的腹泻病人考虑到这一诊断是非常重要的。与其他抗生素一样，也可能会遇到罗氏芬不敏感的严重感染。通常继发于使用超过所推荐的标准剂量之后，胆囊超声图会误诊为胆囊结石之阴影。这些会随着罗氏芬治疗的结束或中止用药而消失，阴影是由于头孢曲松钙盐沉积所致。极少的情况下以上检查所见会伴有症状，对这些伴有症状的病人，建议进行保守的非手术治疗。对伴有症状的病人，应由临床医师判定是否停用罗氏芬。罗氏芬对新生儿、婴儿及儿童的安全性和药效已在用量及使用方法一节中阐明。研究表明，如同其他头孢类抗生素一样，头孢曲松也会从血浆白蛋白中置换出胆红素。罗氏芬慎用于治疗患有高胆红素血症的新生儿。罗氏芬不应用于可能发展为脑黄疸的新生儿 ( 尤其是早产儿 ) 。长期使用罗氏芬时，应定期测定血象。 用罗氏芬进行治疗时，可能对诊断性试验有影响，库姆斯氏试验极少会呈假阳性表现。如同其他抗菌素一样，罗氏芬也可能使血半乳糖试验出现假阳性结果;同样地，无酶法测定尿糖也可能出现假阳性结果。因此，在使用罗氏芬期间，应以酶法测定尿糖。 不相容性：罗氏芬不能加入哈特曼氏以及林格氏等含有钙的溶液中使用。据论著报道，罗氏芬与氨苯喋啶、万古霉素、氟康唑以及氨基糖甙类抗菌素具有不相容性。 稳定性：配制之罗氏芬溶液，可在室温下保持其理化稳定性 6 小时。或在 2-8 ℃条件下保持 24 小时。,39药品通说明书；注射用头孢曲松钠(罗氏芬)；https://ypk.39.net/498107/manual/；批准文号:国药准字H10983037；企业名称：上海罗氏制药有限公司 企业简称：罗氏制药,非NMPA官网源，需国家药监局/原厂说明书二次核验,需NMPA/原厂二核,非NMPA官网源
30,西医常用药,抗生素,左氧氟沙星片,左氧氟沙星,232,2540,,,,✓,对本品中任何成份过敏者禁用。,1．胃肠道反应：腹部不适或疼痛、腹泻、恶心或呕吐。 2．中枢神经系统反应可有头昏、头痛、嗜睡或失眠。 3．过敏反应： 皮疹、皮肤瘙痒，偶可发生渗出性多形性红斑及血管神经性水肿。光敏反应较少见。 4．偶可发生： (1)癫痫发作、精神异常、烦躁不安、意识混乱、幻觉、震颤。 (2)血尿、发热、皮疹等间质性肾炎表现。 (3)静脉炎。 (4)结晶尿，多见于高剂量应用时。 (5)关节疼痛。 5．少数患者可发生血清氨基转移酶升高、血尿素氮增高及周围血象白细胞降低，多属轻度，并呈一过性。,1．由于目前大肠埃希菌对氟喹诺酮类药物耐药者多见，应在给药前留取尿培养标本，参考细菌药敏结果调整用药。 2．本品大剂量应用或尿pH值在7以上时可发生结晶尿。为避免结晶尿的发生，宜多饮水，保持24小时排尿量在1200ml以上。 3．肾功能减退者，需根据肾功能调整给药剂量。 4．应用本品时应避免过度暴露于阳光，如发生光敏反应或其他过敏症状需停药。 5．肝功能减退时，如属重度（肝硬化腹水）可减少药物清除，血药浓度增高，肝、肾功能均减退者尤为明显，均需权衡利弊后应用，并调整剂量。 6．原有中枢神经系统疾,39药品通说明书；左氧氟沙星片；https://ypk.39.net/2310583/manual/；批准文号:国药准字H20247117；企业名称：宿州亿帆药业有限公司,非NMPA官网源，需国家药监局/原厂说明书二次核验,需NMPA/原厂二核,非NMPA官网源
31,西医常用药,抗生素,甲硝唑氯化钠注射液,甲硝唑,304,2654,,,,✓,有活动性中枢神经系统疾患和血液病者禁用。,15～30%病例出现不良反应，以消化道反应最为常见，包括恶心、呕吐、食欲不振、腹部绞痛，一般不影响治疗；神经系统症状有头痛、眩晕，偶有感觉异常、肢体麻木、共济失调、多发性神经炎等，大剂量可致抽搐。少数病例发生荨麻疹、潮红、瘙痒、膀胱炎、排尿困难、口中金属味及白细胞减少等，均属可逆性，停药后自行恢复。,1.对诊断的干扰：本品的代谢产物可使尿液呈深红色。 2.原有肝脏疾患者，剂量应减少。出现运动失调或其他中枢神经系统症状时应停药。重复一个疗程之前，应做白细胞计数。,39药品通说明书；甲硝唑氯化钠注射液；https://ypk.39.net/585761/manual/；批准文号:国药准字H13022486；企业名称：石家庄四药有限公司,非NMPA官网源，需国家药监局/原厂说明书二次核验,需NMPA/原厂二核,非NMPA官网源
32,西医常用药,抗生素,阿奇霉素干混悬剂,阿奇霉素,739,3208,,,,✓,对阿奇霉素、红霉素或其他任何一种大环内酯类药物过敏者禁用。,服药后可出现腹痛、腹泻（稀便）、上腹部不适（疼痛或痉挛）、恶心、呕吐等胃肠道反应，其发生率明显较红霉素低。偶可出现轻至中度腹胀、头昏、头痛及发热、皮疹、关节痛等过敏反应，过敏性休克和血管神经性水肿、胆汁淤积性黄疸极为少见。少数患者可出现一过性中性粒细胞减少、血清氨基转移酶升高。,1 进食可影响阿奇霉素的吸收，故需在饭前1小时或饭后2小时口服。 2 轻度肾功能不全患者(肌酐清除率40ml/分钟)不需作剂量调整，但阿奇霉素对较严重肾功能不全患者中的使用尚无资料，给这些患者使用阿奇霉素时应慎重。 3 由于肝胆系统是阿奇霉素排泄的主要途径，肝功能不全者慎用，严重肝病患者不应使用。用药期间定期随访肝功能。 4 用药期间如果发生过敏反应（如血管神经性水肿、皮肤反应、Stevens-Johnson综合征及毒性表皮坏死等），应立即停药，并采取适当措施。 5 治疗期间，若患者出现腹泻症状，应考虑假膜性肠炎发生。如果诊断确立，应采取相应治疗措施，包括维持水、电解质平衡、补充蛋白质等。,39药品通说明书；阿奇霉素干混悬剂；https://ypk.39.net/569895/manual/；批准文号:国药准字H20057713；企业名称：辽宁富东制药有限公司 企业简称：辽宁富东制药,非NMPA官网源，需国家药监局/原厂说明书二次核验,需NMPA/原厂二核,非NMPA官网源
33,西医常用药,抗生素,阿莫西林胶囊,阿莫西林,748,3221,,,,✓,青霉素过敏及青霉素皮肤试验阳性患者禁用。,1 恶心、呕吐、腹泻及假膜性肠炎等胃肠道反应。 2 皮疹、药物热和哮喘等过敏反应。 3 贫血、血小板减少、嗜酸性粒细胞增多等。 4 血清氨基转移酶可轻度增高。 5 由念珠菌或耐药菌引起的二重感染。 6 偶见兴奋、焦虑、失眠、头晕以及行为异常等中枢神经系统症状。,1 青霉素类口服药物偶可引起过敏性休克，尤多见于有青霉素或头孢菌素过敏史的患者。用药前必须详细询问药物过敏史并作青霉素皮肤试验。如发生过敏性休克，应就地抢救，予以保持气道畅通、吸氧及应用肾上腺素、糖皮质激素等治疗措施。 2 传染性单核细胞增多症患者应用本品易发生皮疹，应避免使用。 3 疗程较长患者应检查肝、肾功能和血常规。 4 阿莫西林可导致采用Benedit或Fehling试剂的尿糖试验出现假阳性。 5 下列情况应慎用： (1)有哮喘、枯草热等过敏性疾病史者。 (2)老年人和肾功能严重损害时可能须调整剂量,39药品通说明书；阿莫西林胶囊；https://ypk.39.net/507883/manual/；批准文号:国药准字H53020867；企业名称：昆明贝克诺顿制药有限公司,非NMPA官网源，需国家药监局/原厂说明书二次核验,需NMPA/原厂二核,非NMPA官网源
34,西医常用药,抗血小板/抗凝,华法林钠片,华法林,512,2907,,,,✓,肝肾功能损害、严重高血压、凝血功能障碍伴有出血倾向、活动性溃疡、外伤、先兆流产、近期手术者禁用。妊娠期禁用。老年人或月经期应慎用。,过量易致各种出血。早期表现有瘀斑、紫癜、牙龈出血、鼻衄、伤口出血经久不愈，月经量过多等。出血可发生在任何部位，特别是泌尿和消化道。肠壁血肿可致亚急性肠梗阻，也可见硬膜下颅内血肿和穿刺部位血肿。偶见不良反应有恶心、呕吐、腹泻、瘙痒性皮疹，过敏反应及皮肤坏死。大量口服甚至出现双侧乳房坏死，微血管病或溶血性贫血以及大范围皮肤坏疽；一次量过大的尤其危险。,1 严格掌握适应症，在无凝血酶原测定的条件时，切不可滥用本品； 2 个体差异较大，治疗期间应严密观察病情，并依据凝血酶原时间INR值调整用量。治疗期间还应严密观察口腔黏膜、鼻腔、皮下出血及大便隐血、血尿等，用药期间应避免不必要的手术操作，选期手术者应停药7天，急诊手术者需纠正PTINR值&le;1.6，避免过度劳累和易致损伤的活动； 3 若发生轻度出血，或凝血酶原时间已显著延长至正常的2.5倍以上，应即减量或停药。严重出血可静注维生素Kl10～20mg，用以控制出血，必要时可输全血、血浆或凝血酶原复合物； 4 由于本品系间接作用抗凝药，半衰期长，给药5～7日后疗效才可稳定，因此，维持量足够与否务必观察5～7天后方能定论。,39药品通说明书；华法林钠片；https://ypk.39.net/589224/manual/；批准文号:国药准字H31020993；企业名称：上海福达制药有限公司,非NMPA官网源，需国家药监局/原厂说明书二次核验,需NMPA/原厂二核,非NMPA官网源
35,西医常用药,抗血小板/抗凝,阿司匹林肠溶胶囊,阿司匹林,715,3183,,,,✓,（1）对本品过敏者禁用； （2）下列情况应禁用： ①活动性溃疡病或其他原因引起的消化道出血；②血友病或血小板减少症；③有阿司匹林或其他非甾体抗炎药过敏史者，尤其是出现哮喘、神经血管性水肿或休克者。,一般用于解热镇痛的剂量很少引起不良反应。长期大量用药（如治疗风湿热）、尤其当药物血浓度〉200μg/ml时较易出现不良反应。血药浓度愈高，不良反应愈明显。 （1）较常见的有恶心、呕吐、上腹部不适或疼痛（由于本品对胃粘膜的直接刺激引起）等胃肠道反应（发生率3%～9%），停药后多可消失。长期或大剂量服用可有胃肠道出血或溃疡。 （2）中枢神经：出现可逆性耳鸣、听力下降，多在服用一定疗程，血药浓度达200～300 μg/L后出现。 （3）过敏反应：出现于0.2%的病人，表现为哮喘、荨麻疹、血管神经性水肿或休克。多为易感者，服药后迅速出现呼吸困难，严重者可致死亡，称为阿司匹林哮喘。有的是阿司匹林过敏、哮喘和鼻息肉三联症，往往与遗传和环境因素有关。 （4）肝、肾功能损害，与剂量大小有关，尤其是剂量过大使血药浓度达250μg/ml时易发生。损害均是可逆性的，停药后可恢复。但有引起肾乳头坏死的报道。,（1）叉过敏反应。对本品过敏时也可能对另一种水杨酸类药或另一种非水杨酸类的非甾体抗炎药过敏。但非绝对。必须警惕交叉过敏的可能性。 （2）对诊断的干扰： ①长期每日用量超过2.4g时，硫酸铜尿糖试验可出现假阳性。葡萄糖酶尿糖试验可出现假阴性；②可干扰尿酮体试验；③当血药浓度超过130μg/ml时，用比色法测定血尿酸可得假性高值，但用尿酸酶法则不受影响；④用荧光法测定尿5-羟吲哚醋酸（5-HIAA）时可受本品干扰；⑤尿香草基杏仁酸（VMA）的测定，由于所用方法不同，结果可高可低；⑥由于本品抑制血小板聚集，可使出血时间延长。剂量小到40mg/日也会影响血小板功能，但是临床上尚未见小剂量（＜150mg/日）引起出血的报道；⑦肝功能试验，当血药浓度＞250μg/ml时，丙氨酸氨基转移酶、门冬氨酸氨基转移酶及血清碱性磷酸酶可有异常改变，剂量减少时可恢复正常；⑧大剂量应用，尤其是血药浓度＞300μg/ml时凝血酶原时间可延长；⑨每天用量超过5g时血清胆固醇低；⑩由于本品作用于肾小管，使钾排泄增多，可导致血钾降低；大剂量应用本品时，用放射免疫法测定血清甲状腺素（T4）及三碘甲状腺素（T3）可得较低结果；由于本品与酚磺酞在肾小管竞争性排泄，而使酚磺酞排泄减少（即PSP排泄试验） （3）下列情况应慎用： ①有哮喘及其他过敏性反应时；②葡萄糖-6-磷酸脱氢酶缺陷者（本品偶见引起溶血性贫血）；③痛风（本品可影响其他排尿酸药的作用于，小剂量时可能引起尿酸滞留）；④肝功能减退时可加重肝脏毒性反应，加重出血倾向，肝功能不全和肝硬变患者易出现肾脏不良反应；⑤心功能不全或高血压，大量用药时可能引起心力衰竭或肺水肿；⑥肾功能不全时有加重肾脏毒性的危险；⑦血小板减少者。 （4）长期大量用药时应定期检查红细胞压积、肝功能及血清水杨酸含量。,39药品通说明书；阿司匹林肠溶胶囊；https://ypk.39.net/739249/manual/；批准文号:国药准字H35021454；企业名称：福建延年药业有限公司 企业简称：福建延年药业,非NMPA官网源，需国家药监局/原厂说明书二次核验,需NMPA/原厂二核,非NMPA官网源
36,西医常用药,消化,奥美拉唑肠溶片,奥美拉唑,1724,4655,,,,✓,对本品过敏者、严重肾功能不全者及婴幼儿禁用。,本品耐受性良好，常见不良反应是腹泻、头痛、恶心、腹痛、胃肠胀气及便秘，偶见血清氨基转移酶(ALT，AST)增高、皮疹、眩晕、嗜睡、失眠等，这些不良反应通常是轻微的，可自动消失，与剂量无关。,1.使用不得超过7天，如症状未缓解或消失请咨询医师或药师。 2.两个月以内不得再次服用，如症状反复，应立即就医。 3.本品在以下情况下请勿使用：吞咽困难或疼痛；呕血；便血或黑便。这些可能是严重情况的征兆，请咨询医师。 4.肝功能不全或血象不正常的患者请在医师指导下使用。 5.假如出现烧心持续或加重症状，请停用本品并去医院就诊。 6.儿童使用本品应在医师指导下进行。 7.孕期、哺乳期妇女慎用。 8.如服用过量或出现严重不良反应，请立即就医。 9.对本品过敏者禁用，过敏体质者慎用。 10.本品性状发生改变时禁,39药品通说明书；奥美拉唑肠溶片(华澳美)；https://ypk.39.net/498862/manual/；批准文号:国药准字H19980124；企业名称：上海信谊天平药业有限公司,非NMPA官网源，需国家药监局/原厂说明书二次核验,需NMPA/原厂二核,非NMPA官网源
37,西医常用药,消化,雷贝拉唑钠肠溶胶囊,雷贝拉唑,1801,4763,,,,✓,1.对雷贝拉唑钠或处方中任何辅料有过敏的患者禁用; 2.有出血病史、血友病、脑溢血及严重肝、肾功能不全者禁用。,据报告，在总病例1244例中，有22例(1.77%)出现了不良反应。此外，据报告有82例(6.59%)的临床检查值出现异常（至获认可时）。 1.严重的不良反应（类似药物） (1)休克：有报告指出，类似药物（奥美拉唑、兰索拉唑）偶会引起过敏反应或休克。因此，当见有异常状况时，应中止用药，并采取适当的措施。 (2)血象：有报告指出，类似药物（奥美拉唑、兰索拉唑）偶会导致全血细胞减少、血小板减少、粒细胞缺乏症、溶血性贫血。此外，有时可见粒细胞减少、贫血，因此当出现此类异常状况时，应中止给药，并采取适当的措,1.下列患者应谨慎使用：(1)有药物过敏史的患者(2)肝功能障碍患者(3)高龄患者; 2.重要的基本注意事项给予本剂时，在病情严重及属于复发性、顽固性病例的情况下，可以1日1次给予20mg; 3.有关适应症的注意事项：使用本药时有可能掩盖由胃癌引起的症状，故应在确诊是非恶性肿瘤的前提下再行给药; 4.有关用法用量的注意事项：治疗时应密切观察其临床动态; 5.应用时的注意事项：本药为肠溶胶囊，服用时必须空腹整粒吞服。,39药品通说明书；雷贝拉唑钠肠溶胶囊；https://ypk.39.net/1000006315/manual/；批准文号:国药准字H20110076；企业名称：珠海润都制药股份有限公司,非NMPA官网源，需国家药监局/原厂说明书二次核验,需NMPA/原厂二核,非NMPA官网源
38,西医常用药,激素,地塞米松磷酸钠注射液,地塞米松,461,2839,,,,✓,"对本品及肾上腺皮质激素类药物有过敏史患者禁用,特殊情况下权衡利弊使用，注意病情恶化的可能：高血压、血栓症、胃与十二指肠溃疡、精神病、电解质代谢异常、心肌梗塞、内脏手术、青光眼等患者一般不宜使用。",糖皮质激素在应用生理剂量替代治疗时无明显不良反应，不良反应多发生在应用药理剂量时，而且与疗程、剂量、用药种类、用法及给药途径等有密切关系。常见不良反应有以下几类： 1.长程使用可引起以下副作用：医源性库欣综合征面容和体态、体重增加、下肢浮肿、紫纹、易出血倾向、创口癒合不良、痤疮、月经紊乱、肱或股骨头缺血性坏死、骨质疏松及骨折（包括脊椎压缩性骨折、长骨病理性骨折）、肌无力、肌萎缩、低血钾综合征、胃肠道刺激（恶心、呕吐）、胰腺炎、消化性溃疡或穿孔，儿童生长受到抑制、青光眼、白内障、良性颅内压升高综合征、糖耐量减退和糖尿病加重。 2.患者可出现精神症状：欣快感、激动、谵妄、不安、定向力障碍，也可表现为抑制。精神症状由易发生与患慢性消耗性疾病的人及以往有过精神不正常者。 3.并发感染为肾上腺皮质激素的主要不良反应。以真菌、结核菌、葡萄球菌、变形杆菌、绿脓杆菌和各种疱疹病毒为主。 4.糖皮质激素停药综合征。有时患者在停药后出现头晕、昏厥倾向、腹痛或背痛、低热、食欲减退、恶心、呕吐、肌肉或关节疼痛、头疼、乏力、软弱，经仔细检查如能排除肾上腺皮质功能减退和原来疾病的复燃，则可考虑为对糖皮质激素的依赖综合征。,1.结核病、急性细菌性或病毒性感染患者应用时，必须给予适当的抗感染治疗。 2.长期服药后，停药前应逐渐减量。 3.糖尿病、骨质疏松症、肝硬化、肾功能不良、甲状腺功能低下患者慎用。,39药品通说明书；地塞米松磷酸钠注射液；https://ypk.39.net/590310/manual/；批准文号:国药准字H41020035；企业名称：国药集团容生制药有限公司 企业简称：国药容生制药,非NMPA官网源，需国家药监局/原厂说明书二次核验,需NMPA/原厂二核,非NMPA官网源
39,西医常用药,激素,氢化可的松注射液,氢化可的松,980,3556,,,,✓,1.对本品及其它甾体激素过敏者禁用。 2.下列疾病患者一般不宜使用，特殊情况应权衡利弊使用，但应注意病情恶化可能：严重的精神病(过去或现在)和癫痫，活动性消化性溃疡病，新近胃肠吻合手术，骨折，创伤修复期，角膜溃疡，肾上腺皮质机能亢进症，高血压，糖尿病，孕妇，抗菌药物不能控制的霉菌感染、水痘、麻疹，较重的骨质疏松症等。,本品在应用生理剂量替代治疗时一般无明显不良反应。不良反应多发生在应用药理剂量时，而且与疗程、剂量、用药种类、用法及给药途径等有密切关系。常见不良反应有以下几类： 1.长程使用可引起以下副作用：医源性库欣综合征面容和体态、体重增加、下肢浮肿、紫纹、易出血倾向、创口癒合不良、痤疮、月经紊乱、肱或股骨头缺血性坏死、骨质疏松及骨折(包括脊椎压缩性骨折、长骨病理性骨折)、肌无力、肌萎缩、低血钾综合征、胃肠道刺激(恶心、呕吐)、胰腺炎、消化性溃疡或穿孔，儿童生长受到抑制、青光眼、白内障、良性颅内压升高综合征、糖耐量减,1.并发感染：在激素作用下，原来已被控制的感染可活动起来，最常见者为结核感染复发。在某些感染时应用激素可减轻组织的破坏、减少渗出、减轻感染中毒症状，但必须同时用有效的抗生素治疗、密切观察病情变化，在短期用本药后，即应迅速减量、停药。 2.对诊断的干扰： （1）糖皮质激素可使血糖、血胆固醇和血脂肪酸、血钠水平升高、使血钙、血钾下降。 （2）对外周血象的影响为淋巴细胞、真核细胞及嗜酸、嗜碱细胞数下降，多核白细胞和血小板增加，后者也可下降。 （3）长期大剂量服用糖皮质激素可使皮肤试验结果呈假阴性，如结核菌素试验,39药品通说明书；氢化可的松注射液；https://ypk.39.net/504891/manual/；批准文号:国药准字H12020887；企业名称：天津金耀药业有限公司,非NMPA官网源，需国家药监局/原厂说明书二次核验,需NMPA/原厂二核,非NMPA官网源
40,西医常用药,激素,泼尼松龙片,泼尼松,910,3442,,,,✓,对本品过敏及严重肝肾功能不全者禁用。,常规剂量下，对乙酰氨基酚的不良反应很少，偶尔可引起恶心、呕吐、出汗、腹痛、皮肤苍白等，少数病例可发生过敏性皮炎（皮疹、皮肤瘙痒等）、粒细胞缺乏、血小板减少、贫血、肝功能损害等，很少引起胃肠道出血。,1.交叉过敏反应：对阿司匹林过敏者对本品一般不发生过敏反应，但有报告在因阿司匹林过敏发生喘息的病人中，少数（＜5%）可于应用本品后发生轻度支气管痉挛性反应。2.下列情况应慎用：①乙醇中毒、肝病或病毒性肝炎时，有增加肝脏毒性作用的危险；②肾功能不全，虽可偶用，但如长期应用，有增加肾脏毒性的危险。3.在长期治疗期间应定期检查血象及肝功能。4.对实验室检查的干扰：①血糖测定，应用葡萄糖氧化酶法测定时可得假性低值，而用己糖激酶/6-磷酸脱氢酶法测定时则无影响；②血清尿酸测定，应用磷钨酸法测定时可得假性高值；③尿5,39药品通说明书；泼尼松龙片；https://ypk.39.net/839107/manual/；批准文号:国药准字H23022320；企业名称：哈药集团制药总厂 企业简称：哈药制药,非NMPA官网源，需国家药监局/原厂说明书二次核验,需NMPA/原厂二核,非NMPA官网源
41,西医常用药,甲状腺,丙硫氧嘧啶片,丙硫氧嘧啶,213,2517,,,,✓,严重肝功能损害，白细胞严重缺乏，对硫脲类药物过敏者禁用，哺乳期妇女禁用。,常见有头痛、眩晕、关节痛、唾液腺和淋巴结肿 大以及胃肠道反应；也有皮疹、药热等过敏反应，有的皮疹可发展为剥落性皮炎，用药期间应定期检查血象，白细胞数低于4X109／L或中性粒细胞低于1．5X 109／L时，应按医嘱停用或调整用药。,1 应定期检查血象及肝功能。 2 对诊断的干扰：可使凝血酶原时间延长，AST、ALT、ALP、Bil升高。 3 外周血白细胞偏低、肝功能异常患者慎用。 4 孕妇慎用，哺乳期妇女禁用。 5 小儿用药过程中，应避免出现甲状腺功能减低。 6 老年人尤其肾功能减退者，用药量应减。,39药品通说明书；丙硫氧嘧啶片；https://ypk.39.net/499510/manual/；批准文号:国药准字H32020794；企业名称：精华制药集团股份有限公司 企业简称：精华,非NMPA官网源，需国家药监局/原厂说明书二次核验,需NMPA/原厂二核,非NMPA官网源
42,西医常用药,甲状腺,左甲状腺素钠片,左甲状腺素钠,226,2534,,,,✓,患有非甲状腺功能低下性心衰，快速型心律失常和近期出现心肌梗死者禁用，对本药过敏者禁用。,剂量过度的表现有心绞痛、心律失常、心悸、腹泻、呕吐、震颤、兴奋、头痛、不安、失眠、多汗、潮红、体重减轻、骨骼肌痉挛等，通常在减少用量或停药数日后，上述表现消失。,1．老年，有心血管疾病患者，有心肌缺血或糖尿病者慎重用药；2．有垂体功能减低或肾上腺皮质功能减退者，如需补充甲状腺制剂，在给左甲状腺素钠以前数日应先用肾上腺皮质激素。【孕妇及哺乳期妇女用药】在甲状腺替代治疗期间，必须严密监护，避免造成过低或过高的甲状腺功能，以免对胎儿及婴儿造成不良影响。微量的甲状腺激素可从乳汁中排中。,39药品通说明书；左甲状腺素钠片；https://ypk.39.net/973069/manual/；批准文号:H20090234；企业名称：德国默克公司 企业简称：默克,非NMPA官网源，需国家药监局/原厂说明书二次核验,需NMPA/原厂二核,非NMPA官网源
43,西医常用药,甲状腺,甲巯咪唑片,甲巯咪唑,310,2663,,,,✓,哺乳期妇女禁用。,较多见皮疹或皮肤瘙痒及白细胞减少；较少见严重的粒细胞缺乏症；可能出现再生障碍性贫血；还可能致味觉减退、恶心、呕吐、上腹部不适、关节痛、头晕头痛、脉管炎、红斑狼疮样综合征。罕致肝炎、间质性肺炎、肾炎和累及肾脏的血管炎，少见致血小板减少、凝血酶原减少或因子Ⅶ减少。,1.服药期间宜定期检查血象。 2.孕妇、肝功能异常、外周血白细胞数偏低者应慎用。 3.对诊断的干扰：甲巯咪唑可使凝血酶原时间延长，并使血清碱性磷酸酶、门冬氨酸氨基转移酶（AST）和丙氨酸氨基转移酶（ALT）增高。还可能引起血胆红素及血乳酸脱氢酶升高。,39药品通说明书；甲巯咪唑片；https://ypk.39.net/506279/manual/；批准文号:国药准字H31021773；企业名称：上海上药中西制药有限公司 企业简称：菌草灵芝,非NMPA官网源，需国家药监局/原厂说明书二次核验,需NMPA/原厂二核,非NMPA官网源
44,西医常用药,精神科,利培酮胶囊,利培酮,656,3105,,,,✓,已知对本品成分过敏的患者禁用。,1.与服用本品有关的常见不良反应是：失眠、焦虑、激越、头痛、口干。2.较少见的不良反应是：嗜睡、疲劳、注意力下降、便秘、消化不良、恶心、呕吐、腹痛、视物模糊、阴茎异常勃起、勃起困难、射精无力、性淡漠、尿失禁、鼻炎、皮疹以及其他过敏反应。3.可能引起锥体外系症状，如：肌紧张、震颤、僵直、流涎、运动迟缓、静坐不能和急性张力障碍。通过降低剂量或给予抗帕金森氏综合征的药物可消除。4.偶尔会出现(体位性)低血压、(反射性)心动过速或高血压的症状。,1.患有心血管疾病的人（如心衰、心肌梗死、传导异常、脱水、失血及脑血管病变）应慎用，从小剂量开始并应逐渐加大剂量（见【用法用量】）。2.由于本品具有α受体阻断活性，因此在用药初期和加药速度过快时会发生（体位性）低血压，此时则应考虑减量。3.同其他具有多巴胺受体拮抗剂性质的药物相似，引起迟发性运动障碍，其特征为有节律的不随意运动，主要见于舌及面部。如果出现迟发性运动障碍，应停止服用所有的抗精神病药。4.已有报道指出，服用经典的抗精神病药会,39药品通说明书；利培酮胶囊(大红鹰药业)；https://ypk.39.net/733522/manual/；批准文号:国药准字H20060697；企业名称：宁波大红鹰药业股份有限公司 企业简称：宁波大红鹰药业,非NMPA官网源，需国家药监局/原厂说明书二次核验,需NMPA/原厂二核,非NMPA官网源
45,西医常用药,精神科,地西泮片,地西泮,449,2823,,,,✓,对此药过敏者禁用。,剂量较大时，可见困倦、乏力、头痛、头昏，共济失调；偶见皮疹及白细胞减少；有成瘾性可能，长期应用后停药，可出现激动、忧郁、精神病恶化等症状。,青光眼、重症肌无力，处于抑制状态的急性酒精中毒、肝肾功能损害、慢性严重阻塞性肺部病变者及孕妇、幼儿慎用。请仔细阅读说明书并遵医嘱使用。,39药品通说明书；复方地西泮片；https://ypk.39.net/2308947/manual/；批准文号:国药准字H10970219；企业名称：济宁市安康制药有限责任公司,非NMPA官网源，需国家药监局/原厂说明书二次核验,需NMPA/原厂二核,非NMPA官网源
46,西医常用药,精神科,奥氮平片,奥氮平,1736,4668,,,,✓,1 康士得禁用于妇女和儿童。2 康士得不能用于对本品过敏的病人。,成人 1.体重 在临床试验中，奥氮平治疗的患者体重均值增加大于安慰剂治疗组的患者。所有基线体重指数(BMI)分类中均观察到临床显著的体重增加。 在长期临床试验(至少48周)中，体重增加程度和奥氮平治疗组病人体重临床显著性增加的比例均高于短期临床试验。长期用药时体重增加超过25%基线体重的病人百分率(&ge;10%)很常见。 2.葡萄糖 在临床试验(52周)中，相对于安慰剂组而言，奥氮平组，葡萄糖均值变化较大。 奥氮平与安慰剂对比，葡萄糖均值变化在伴有基线葡萄糖失调证据的患者中增大(包括那些诊断为糖尿病的患者或符合高血糖标准的患者)，这些患者对比安慰剂治疗患者糖化血红蛋白(HbAIc)增加更大。 血糖变化从正常或临界基线水平增加到高水平的病人比例随时间增加。在一项完成奥氮平治疗9-12个月病人的分析中，约6个月后平均血糖增长率减慢。 3.血脂 在为期12周的临床试验中，与安慰剂治疗组患者比较，奥氮平治疗的患者空腹总胆固醇、LDL胆固醇和甘油三酯浓度均值增加更大。 没有基线血脂失调证据的患者空腹脂值(总胆固醇、LDL胆固醇和甘油三酯)更大。 关于空腹HDL胆固醇，奥氮平治疗患者与安慰剂治疗患者之间未观察到统计学显著差异。 在长期临床试验(至少48周)中，总胆固醇、LDL胆固醇或甘油三酯变化从正常或临界水平变化到高水平的病人比例，或HDL胆固醇变化从正常或临界水平变化到低水平的病人比例，均大于短期临床试验。在一项完成12个月治疗的病人分析中，约4-6个月后平均非空腹总胆固醇没有进一步增加。 4.催乳素 在一项对照临床试验中(长达12周)，相比于安慰剂组10.5%的患者催乳素升高，奥氮平治疗组30%的患者催乳素升高，绝大多数患者为轻度。精神分裂症患者的催乳素水平随着治疗的持续而下降，与催乳素升高相关的月经方面的不良事件较常见(发生率10%，&ge;1%)，而性功能及乳房方面的不良事件不常见(发生率1%，&ge;0.1%)。其它精神疾病患者的催乳素水平随治疗的继续而持续升高，与催乳素相关的性功能方面的不良事件较常见(发生率10%，&ge;1%)，而乳房及月经方面的不良事件不常见(发生率1%，&ge;0.1%)。 5.肝脏转氨酶 偶见无症状暂时性肝脏转氨酶升高，ALT/SGPT和AST/SGOT。 6.嗜酸性粒细胞增多 偶见无症状的嗜酸性粒细胞增多。 7.特殊群体的不良反应：在痴呆性老年精神病患者进行的临床试验中，与奥氮平治疗相关的很常见(10%)不良反应是异常步态和跌倒。在痴呆性老年精神病患者进行的临床试验中，与奥氮平治疗相关的常见(10%且&ge;1%)不良反应是尿失禁和肺炎。在与帕金森病相关的药物(多巴胺激动剂)诱导的精神病患者的临床试验中，帕金森症状加重的报告很常见，比安慰剂组频率高。幻觉报告也很常见，也比安慰剂组频率高。在这些临床试验中，要求患者开始研究前服用固定最小剂量的抗帕金森病药物(多巴胺激动剂)，并在整个研究过程中维持该剂量不变。奥氮平初始剂量2.5mg/日，根据研究者的判断逐渐增加剂量，最大剂量15mg/日。 青少年(13-17岁) 1.在奥氮平治疗的青少年患者中，观察到的不良反应类型与奥氮平治疗成年患者中观察到的类型相似。尽管没有进行青少年和成人的对比临床试验设计，但还是比较了青少年临床试验数据和成人临床试验数据。 2.青少年(疗程中位数3周，体重增加4.6kg)体重平均增加大于成年(疗程中位数7周体重增加2.6kg)。 3.在长期临床试验(至少24周)中，体重增加程度和奥氮平治疗组青少年病人体重临床显著性增加的比例均高于短期临床试验及成人组病人。长期用药，约一半青少年病人体重增加超过15%基线体重和约三分之一的青少年病人体重增加超过25%基线体重。在青少年病人中，平均体重增加在超重或基线肥胖病人中最为明显。 4.奥氮平治疗的青少年患者和成人患者比较，空腹血糖水平的平均增加相似;然而，与成人患者比较，青少年奥氮平组与安慰剂组之间的差异更大。 5.在长期临床试验(至少24周)中，血糖变化从正常基线水平变化到高水平不常见(发生率0.1%-1%)。 6.奥氮平治疗的青少年与成人比较，空腹总胆固醇水平、LDL胆固醇水平和甘油三酯水平的平均增加通常更大;然而，在短期临床试验中，奥氮平与安慰剂组间的差异在青少年患者和成人患者是相似的。 7.与成人相比，奥氮平治疗引起的青少年患者的催乳素升高发生率更高，催乳素水平升高的平均值更大。,罕有高血糖的报道，有糖尿病史的患者会罕见酮症酸中毒或昏迷，亦有数例死亡病例报道。某些病例报道有既往的体重增加，这可能是一种促发因素，建议对糖尿病人和存在糖尿病高危因素的人进行适当的临床监查。 突然停用奥氮平时，极少出现下列急性症状，诸如出汗、失眠、震颤、焦虑、恶心或呕吐等(0.01%)。停用奥氮平时建议逐渐减量。 1.合并症： 离体实验证明奥氮平具有抗胆碱能活性，但临床试验中发生的与抗胆碱作用相关的事件很低。然而，奥氮平治疗有合并疾病的患者的临床经验有限，建议奥氮平慎用于前列腺肥大或麻痹性肠梗阻以及相关病症的患者。 不推荐使用奥氮平治疗帕金森病及与多巴胺激动剂相关的精神病。在临床试验中，有报道这类患者服用奥氮平后帕金森症状恶化，或幻觉比安慰剂更为常见和频繁(参见不良反应)，而奥氮平对于这些患者的精神病性症状的疗效与安慰剂相当。在这些试验中，要求患者使用最低起始有效剂量的抗帕金森药物(多巴胺激动剂)保持稳定状态，并且在整个试验过程中保持使用的抗帕金森药物种类和剂量的一致。奥氮平起始为2.5mg/日，并根据研究者的判断最高调整到15mg/日。 奥氮平没有被批准用作治疗痴呆有关的精神病和/或行为紊乱，对这类特殊的患者也不推荐使用，因为有增加死亡率和脑血管事件的风险。在一项安慰剂对照的临床试验中(6-12周)，受试者为患有痴呆的精神病和/或行为紊乱的老年人(平均年龄78岁)。和安慰剂比较，用奥氮平治疗的患者的死亡率有2倍的增加(分别为3.5%，1.5%)。但死亡发生率与奥氮平的剂量(平均日剂量为4.4mg)或治疗的周期无正相关性。导致死亡率升高的风险因素包括，年龄大于65岁，吞咽困难，镇静状态，营养不良和脱水，肺部疾病(如吸入或非吸入性肺炎)，或同时服用苯二氮卓。然而，排除这些风险因素，使用奥氮平治疗的患者的死亡率依然高于服用安慰剂的患者。 在同一临床研究中，有报道脑血管不良事件(CVAE，即中风，瞬时的缺血发作)，其中包括死亡病例。用奥氮平治疗的患者出现脑血管不良事件的发生率为安慰剂的3倍(分别是1.3%，0.4%)。所有出现脑血管不良事件的用奥氮平和安慰剂治疗的患者均有已经存在的风险因素。与奥氮平治疗有关的CVAE的风险因素包括年龄大于75岁和血管/混合型痴呆。奥氮平的有效性在这些试验中没有证明。 在治疗精神病的过程中，患者临床状况的好转可能需要几天甚至几个星期。在此期间应密切监护患者。 2.乳糖： 奥氮平片剂中含有乳糖。 患者服药期间常会出现短暂的无症状性的肝脏转氨酶ALT、AST升高，尤其是治疗早期。因此ALT和/或AST升高的患者、有肝功能损害症状或体征的患者、已表现出局限性肝脏功能减退的患者以及已使用潜在肝毒性药物治疗的患者应慎用奥氮平。治疗期间如出现ALT和/或AST升高，应注意观察并考虑酌减用药量。在业已诊断有肝炎的情况下，应该中断奥氮平治疗。上市后很少接到肝炎的报告，以及极少接到胆汁阻塞或混合性肝损伤的报告。 3.脂质改变： 在安慰剂对照的临床试验中发现接受奥氮平治疗的患者发生不良的脂质改变(参见【不良反应】)，建议进行适当的临床监测。 4.心血管死亡： 在一项回顾性观察研究中，与未服用抗精神病药物的患者相比，使用非典型抗精神病药物(包括奥氮平)或典型抗精神病药物治疗的患者均存在推定心脏性猝死风险的升高，且均与剂量相关(后者风险几乎是未服用抗精神病药物患者的两倍)。在奥氮平的上市后报告中，心脏性猝死事件的报告非常罕见。 与其他神经阻滞剂类似，奥氮平慎用于白细胞和/或中性粒细胞计数减低的患者，服用已知能引起中性粒细胞减少症的患者，有药物所致的骨髓抑制/毒性作用病史的患者，合并疾病、放疗或化疗导致骨髓抑制的患者以及嗜酸细胞增多症或骨髓增生症的患者。32名有与氯氮平相关的中性粒细胞减少或粒细胞缺乏病史的患者在奥氮平治疗后未发生中性粒细胞减低，奥氮平与丙戊酸钠合并使用时常见中性粒细胞减少症。 有关合并使用锂盐和丙戊酸钠的资料有限。尚无奥氮平与卡马西平合并使用的临床资料，只进行过药代动力学研究。 神经阻滞剂恶性综合征(NMS)：NMS是一种与抗精神病药物有关的潜在致死性的疾病。用奥氮平治疗的患者罕有NMS的报道。NMS的临床特征是高热、肌强直、意识改变和植物神经系统功能不稳定(脉搏和血压不规则、心动过速、大汗以及心脏节律紊乱)。附加症状还包括肌酸磷酸激酶升高、肌红蛋白尿(横纹肌溶解)以及急性肾衰。如果患者的症状和体征提示NMS，或表现为不能解释的高热而不伴有NMS的其他临床特征，那么所有的抗精神病药物，包括奥氮平均应停用。 奥氮平慎用于有惊厥发作史和有惊厥阈值降低因素的患者。目前奥氮平引起惊厥的报道很少，这些病例绝大多数报告有惊厥史和惊厥危险因素。 5.迟发性运动障碍： 在为期一年或更短的对照研究中，奥氮平治疗中发生的运动障碍较少，且有统计学显著性。但长期用药会使迟发性运动障碍的危险性增加。因此，若用奥氮平治疗的患者出现迟发性运动障碍的症状和体征，应考虑减少用药量或停药。停止治疗后这些症状可能会出现一过性恶化甚或加重。 考虑到奥氮平对中枢神经系统的基本作用，与其他中枢活性药物合用时或用于饮酒患者时应慎重。由于离体奥氮平表现出多巴胺拮抗作用，故可能拮抗直接或间接的多巴胺激动剂的作用。 奥氮平治疗老年患者的临床实验中，偶有体位性低血压的报道。与其他抗精神病药一样，用奥氮平治疗65岁以上的患者时建议定期监测患者的血压。 临床试验中，接受奥氮平治疗的患者出现有临床意义的QTc间期延长(基线QTcF500毫秒的患者，基线后任一点的[QTcF]500毫秒)并不常见(0.1%-1%)，和安慰剂相比，没有统计学差异。但与其他抗精神病药一样，奥氮平与其他已知可以延长QTc间期的药物合用时要谨慎，尤其是在老年患者、先天性长QT综合征患者、充血性心脏衰竭患者、心肌肥厚、低钾血症或低镁血症的患者。 对奥氮平治疗与出现静脉栓塞之间的瞬时联系罕有报道(0.01%)，两者之间的联系尚未确认。然而，由于精神分裂症患者往往伴有后天静脉栓塞的风险，因此所有可能与静脉栓塞相关的风险因素(如对患者实施固定术)均应给予考虑，并采取预防措施。 由于奥氮平可能导致瞌睡，患者在操作危险性机械包括机动车时应格外小心。,39药品通说明书；奥氮平片；https://ypk.39.net/2002564/manual/；批准文号:H20100616；企业名称：印度瑞迪博士实验室有限公司 企业简称：印度瑞迪博士实验室,非NMPA官网源，需国家药监局/原厂说明书二次核验,需NMPA/原厂二核,非NMPA官网源
48,西医常用药,肾内,螺内酯胶囊,螺内酯,1927,4963,,,,✓,高钾血症患者禁用。,1.常见的有：①高钾血症，最为常见，尤其是单独用药、进食高钾饮食、与钾剂或含钾药物如青霉素钾等以及存在肾功能损害、少尿、无尿时。即使与噻嗪类利尿药合用，高钾血症的发生率仍可达8.6%～26%，且常以心律失常为首发表现，故用药期间必须密切随访血钾和心电图；②胃肠道反应，如恶心、呕吐、胃痉挛和腹泻；尚有报道可致消化性溃疡。 2.少见的有：①低钠血症，单独应用时少见，与其他利尿药合用时发生率增高；②抗雄激素样作用或对其他内分泌系统的影响，长期服用本药在男性可致男性乳房发育、阳萎、性功能低下，在女性可致乳房胀痛、,1.下列情况慎用：①无尿；②肾功能不全；③肝功能不全，因本药引起电解质紊乱可诱发肝昏迷；④低钠血症；⑤酸中毒，一方面酸中毒可加重或促发本药所致的高钾血症；另一方面本药可加重酸中毒；⑥乳房增大或月经失调者。 2.给药应个体化，从最小有效剂量开始使用，以减少电解质紊乱等副作用的发生。如每日服药一次，应于早晨服药，以免夜间排尿次数增多。 3.用药前应了解患者血钾浓度，但在某些情况血钾浓度并不能代表机体内钾含量，如酸中毒时钾从细胞内转移至细胞外而易出现高钾血症，酸中毒纠正后血钾即可下降。 4.本药起作用较慢，而维,39药品通说明书；螺内酯胶囊；https://ypk.39.net/503700/manual/；批准文号:国药准字H31021355；企业名称：上海衡山药业有限公司,非NMPA官网源，需国家药监局/原厂说明书二次核验,需NMPA/原厂二核,非NMPA官网源
49,西医常用药,调脂,阿托伐他汀钙,阿托伐他汀,717,3186,,,,,(1)对阿托伐他汀过敏的患者禁用.对其他HMG-CoA还原酶抑制剂过敏者慎用.(2)有活动性肝病或不明原因血氨基转移酶持续升高的患者禁用。,1.本品最常见的不良反应为胃肠道不适，其他还有头痛、皮疹、头晕、视觉模糊和味觉障碍。 2.偶可引起血氨基转移酶可逆性升高。因此需监测肝功能。 3.少见的不良反应有阳萎、失眠。 4.罕见的不良反应有肌炎、肌痛、横纹肌溶解，表现为肌肉疼痛、乏力、发烧，并伴有血肌酸磷酸激酶升高、肌红蛋白尿等，横纹肌溶解可导致肾功能衰竭，但较罕见。本品与免疫抑制剂、叶酸衍生物、烟酸、吉非罗齐、红霉素等合用可增加肌病发生的危险。 5.有报道发生过肝炎、胰腺炎及过敏反应如血管神经性水肿。,1.用药期间应定期检查血胆固醇和血肌酸磷酸激酶。应用本品时血氨基转移酶可能增高，有肝病史者服用本品还应定期监测肝功能试验。 2.在本品治疗过程中如发生血氨基转移酶增高达正常高限的3倍，或血肌酸磷酸激酶显著增高或有肌炎、胰腺炎表现时，应停用本品。 3.应用本品时如有低血压、严重急性感染、创伤、代谢紊乱等情况，须注意可能出现的继发于肌溶解后的肾功能衰竭。 4.肾功能不全时应减少本品剂量。 5.本品宜与饮食共进，以利吸收。 6.饮食疗法始终是治疗高血脂的首要方法，加强锻炼和减轻体重等方式，都将优于任何形式的药物,39药品通说明书；阿托伐他汀钙；https://ypk.39.net/889254/manual/；批准文号:国药准字H20103023；企业名称：浙江新东港药业股份有限公司,非NMPA官网源，需国家药监局/原厂说明书二次核验,需NMPA/原厂二核,非NMPA官网源
50,西医常用药,镇痛/解热,对乙酰氨基酚,对乙酰氨基酚,433,2799,,,,,严重肝肾功能不全者禁用。,偶见皮疹、荨麻疹、药热及粒细胞减少。长期大量用药会导致肝肾功能异常。,1.本品为对症治疗药，用于解热连续使用不超过3天，用于止痛不超过5天，症状未缓解请咨询医师或药师。 2.对阿司匹林过敏者慎用。 3.不能同时服用其他含有解热镇痛药的药品（如某些复方抗感冒药）。 4.肝肾功能不全者慎用。 5.孕妇及哺乳期妇女慎用。 6.服用本品期间不得饮酒或含有酒精的饮料。 7.对本品过敏者禁用，过敏体质者慎用。 8.本品性状发生改变时禁止使用。 9.请将本品放在儿童不能接触的地方。 10.儿童必须在成人监护下使用。 11.如正在使用其他药品，使用本品前请咨询医师或药师。,39药品通说明书；对乙酰氨基酚片(扑热息痛)；https://ypk.39.net/666510/manual/；批准文号:国药准字H21020448；企业名称：东北制药集团沈阳第一制药有限公司 企业简称：东北制药,非NMPA官网源，需国家药监局/原厂说明书二次核验,需NMPA/原厂二核,非NMPA官网源
52,西医常用药,降压,呋塞米注射液,呋塞米,623,3044,,,,✓,尚不明确。,常见者与水、电解质紊乱有关、尤其是大剂量或长期应用时，如体位性低血压、休克、低钾血症、低氯血症、低氯性碱中毒、低钠血症、低钙血症以及与此有关的口渴、乏力、肌肉酸痛、心律失常等。少见者有过敏反应(包括皮疹、间质性肾炎、甚至心脏骤停)、视觉模糊、黄视症、光敏感、头晕、头痛、纳差、恶心、呕吐、腹痛、腹泻、胰腺炎、肌肉强直等，骨髓抑制导致粒细胞减少，血小板减少性紫癜和再生障碍性贫血，肝功能损害，指(趾)感觉异常，高糖血症，尿糖阳性，原有糖尿病加重，高尿酸血症。耳鸣、听力障碍多见于大剂量静脉快速注射时(每分钟剂量大于4~15mg)，多为暂时性，少数为不可逆性，尤其当与其他有耳毒性的药物同时应用时。在高钙血症时，可引起肾结石。尚有报道本药可加重特发性水肿。,(1)交叉过敏。对磺胺药和噻嗪类利尿药过敏者，对本药可能亦过敏。(2)对诊断的干扰：可致血糖升高、尿糖阳性，尤其是糖尿病或糖尿病前期患者。过度脱水可使血尿酸和尿素氮水平暂时性升高。血Na+、Cl-、K+、Ca2+和Mg2+浓度下降。(3)下列情况慎用：①无尿或严重肾功能损害者，后者因需加大剂量，故用药间隔时间应延长，以免出现耳毒性等副作用;②糖尿病;③高尿酸血症或有痛风病史者;④严重肝功能损害者，因水电解质紊乱可诱发肝昏迷;⑤急性心肌梗死，过度利尿可促发休克;⑥胰腺炎或有此病史者;⑦有低钾血症倾向者，尤其是应用洋地黄类药物或有室性心律失常者;⑧红斑狼疮，本药可加重病情或诱发活动;⑨前列腺肥大。(4)随访检查：①血电解质，尤其是合用洋地黄类药物或皮质激素类药物、肝肾功能损害者;②血压，尤其是用于降压，大剂量应用或用于老年人;③肾功能;④肝功能;⑤血糖;⑥血尿酸;⑦酸碱平衡情况;⑧听力。(5)药物剂量应从最小有效剂量开始，然后根据利尿反应调整剂量，以减少水、电解质紊乱等副作用的发生。(6)肠道外用药宜静脉给药、不主张肌内注射。常规剂量静脉注射时间应超过1～2分钟，大剂量静脉注射时每分钟不超过4mg。静脉用药剂量的1/2时即可达到同样疗效。(7)本药为加碱制成的钠盐注射液，碱性较高，故静脉注射时宜用氯化钠注射液稀释，而不宜用葡萄糖注射液稀释。(8)存在低钾血症或低钾血症倾向时，应注意补充钾盐。(9)与降压药合用时，后者剂量应酌情调整。(10)少尿或无尿患者应用最大剂量后24小时仍无效时应停药。 【孕妇及哺乳期妇女用药】(1)本药可通过胎盘屏障，孕妇尤其是妊娠前3个月应尽量避免应用。对妊娠高血压综合征无预防作用。动物实验表明本品可致胎仔肾盂积水，流产和胎仔死亡率升高。(2)本药可经乳汁分泌，哺乳期妇女应慎用。 【儿童用药】本药在新生儿的半衰期明显延长，故新生儿用药间隔应延长。 【老年患者用药】 老年人应用本药时发生低血压、电解质紊乱，血栓形成和肾功能损害的机会增多。,39药品通说明书；呋塞米注射液；https://ypk.39.net/772889/manual/；批准文号:国药准字H31021063；企业名称：上海禾丰制药有限公司 企业简称：上海禾丰制药,非NMPA官网源，需国家药监局/原厂说明书二次核验,需NMPA/原厂二核,非NMPA官网源
53,西医常用药,降压,氢氯噻嗪片,氢氯噻嗪,984,3563,,,,✓,尚不明确。,大多不良反应与剂量和疗程有关。 1.水、电解质紊乱所致的副作用较为常见。低钾血症较易发生与噻嗪类利尿药排钾作用有关，长期缺钾可损伤肾小管，严重失钾可引起肾小管上皮的空泡变化，以及引起严重快速性心率失常等异位心率。低氯性碱中毒或低氯、低钾性碱中毒，噻嗪类特别是氢氯噻嗪常明显增加氯化物的排泄。此外低钠血症亦不罕见，导致中枢神经系统症状及加重肾损害。脱水造成血容量和肾血流量减少亦可引起肾小球虑过率降低。上述水、电解质紊乱的临床常见反应有口干、烦渴、肌肉痉挛、恶心、呕吐和极度疲乏无力等。 2.高糖血症。本药可使糖,1.交叉过敏：与磺胺类药物、呋塞米、布美他尼、碳酸酐酶抑制剂有交叉反应； 2.对诊断的干扰：可致糖耐量降低、血糖、尿糖、血胆红素、血钙、血尿酸、血胆固醇、甘油三酯、低密度脂蛋白浓度升高，血镁、钾、钠及尿钙降低； 3.下列情况慎用：①无尿或严重肾功能减退者，因本类药效果差，应用大剂量时可致药物蓄积，毒性增加；②糖尿病；③高尿酸血症或有痛风病史者；④严重肝功能损害者，水、电解质紊乱可诱发肝昏迷；⑤高钙血症；⑥低钠血症；⑦红斑狼疮，可加重病情或诱发活动；⑧胰腺炎；⑨交感神经切除者（降压作用加强）；⑩有黄疸的婴儿,39药品通说明书；氢氯噻嗪片；https://ypk.39.net/504896/manual/；批准文号:国药准字H20033412；企业名称：华北制药秦皇岛有限公司,非NMPA官网源，需国家药监局/原厂说明书二次核验,需NMPA/原厂二核,非NMPA官网源
54,西医常用药,降压,硝普钠,硝普钠,1583,4437,,,,,妊娠妇女、动静脉分流或主动脉窄缩等代偿性高血压者禁用。,恶心、呕吐、精神不安、肌肉痉挛、头痛、皮疹、出汗、发热等。大剂量连续使用时，有肝肾功能损害的病人，可引起血浆氰化物和硫氰化物浓度升高而中毒。本品可导致甲状腺功能减退、高铁血红蛋白血症、静脉炎和代谢性酸中毒。,1.本品对光敏感，溶液稳定性较差，滴注溶液应新鲜配制并注意避光。新配溶液为淡棕色，如变为暗棕色、橙色或蓝色，应弃去。溶液的保存与应用不应超过24小时。溶液内不宜加入其他药品。 2.对诊断的干扰：用本品时血二氧化碳分压、pH值、碳酸氢盐浓度可能降低；血浆氰化物、硫氰酸盐浓度可能因本品代谢后产生而增高，本品逾量时动脉血乳酸盐浓度可增高，提示代谢性酸中毒。 3.下列情况慎用： 1.脑血管或冠状动脉供血不足时，对低血压的耐受性降低。 2.麻醉中控制性降压时，如有贫血或低血容量应先予纠正再给药。 3.脑病或其他颅内,39药品通说明书；注射用硝普钠；https://ypk.39.net/496377/manual/；批准文号:国药准字H20054536；企业名称：开封康诺药业有限公司 企业简称：开封康诺药业,非NMPA官网源，需国家药监局/原厂说明书二次核验,需NMPA/原厂二核,非NMPA官网源
55,西医常用药,降压,硝苯地平软胶囊,硝苯地平,1582,4435,,,,✓,对硝苯地平过敏者禁用。,1.硝苯地平的剂量应视患者的耐受性和对心绞痛的控制情况逐渐调整。过量服用硝苯地平可导致低血压。 2.从小剂量开始服用，一般起始剂量10mg/次，一日3次口服；常用的维持剂量为口服10-20mg/次，一日3次。部分有明显冠脉痉挛的患者，可用至20-30mg/次，一日3-4次。最大剂量不宜超过120mg/日。如果病情紧急，可嚼碎服或舌下含服10mg/次，根据患者对药物的反应，决定再次给药。 3.通常调整剂量需7-14天。如果患者症状明显，病情紧急，剂量调整期可缩短。根据患者对药物的反应、发作的频率和舌下含化硝酸甘油的剂量，可在3天内将硝苯地平的用量从10-20mg调至30mg/次，一日3次。 4.在严格监测下的住院患者，可根据心绞痛或缺血性心律失常的控制情况，每隔4～6小时增加1次，每次10mg。,1.低血压绝大多数患者服用硝苯地平后仅有轻度低血压反应，个别患者出现严重的低血压症状。这种反应常发生在剂量调整期或加量时，特别是合用&beta；-受体阻滞剂时。在此期间需监测血压，尤其合用其它降压药时。 2.芬太尼麻醉接受冠脉旁路血管移植术(或者其他手术)的患者，单独服用硝苯地平或与&beta；-受体阻滞剂合用可导致严重的低血压，如条件许可应至少停药36小时。 3.心绞痛和/或心肌梗塞极少数患者，特别是严重冠脉狭窄患者，在服用硝苯地平或加量期间，降压后出现反射性交感兴奋而心率加快，心绞痛或心肌梗塞的发生率增加。 4.外周水肿10%的患者发生轻中度外周水肿，与动脉扩张有关。水肿多初发于下肢末端，可用利尿剂治疗。对于伴充血性心力衰竭的患者，需分辩水肿是否由于左室功能进一步恶化所致。 5.&beta；-受体阻滞剂；反跳；症状突然停用&beta；-受体阻滞剂而启用硝苯地平，偶可加重心绞痛。须逐步递减前者用量。 6.充血性心力衰竭少数接受&beta；-受体阻滞剂的患者开始服用硝苯地平后可发生心力衰竭，严重主动脉狭窄患者危险更大。 7.对诊断的干扰应用本品时偶可有碱性磷酸酶、肌酸磷酸激酶、乳酸脱氢酶、门冬氨酸氨基转移酶和丙氨酸氨基转移酶升高，一般无临床症状，但曾有报道胆汁淤积和黄疸；血小板聚集度降低，出血时间延长；直接Coomb实验阳性伴/不伴溶血性贫血。 8.肝肾功能不全、正在服用&beta；-受体阻滞剂者应慎用，宜从小剂量开始，以防诱发或加重低血压，增加心绞痛、心力衰竭、甚至心肌梗塞的发生率。慢性肾衰患者应用本品时偶有可逆性血尿素氮和肌酐升高，与硝苯地平的关系不够明确。 9.长期给药不宜骤停，以避免发生停药综合症而出现反跳现象。 10.无详尽的临床研究资料。临床上有硝苯地平用于高血压的孕妇。硝苯地平可分泌入乳汁，哺乳妇女应停药或停止哺乳。 11.硝苯地平在老年人的半衰期延长，应用时注意调整剂量。,39药品通说明书；硝苯地平软胶囊；https://ypk.39.net/850823/manual/；批准文号:国药准字H31021445；企业名称：上海信谊延安药业有限公司,非NMPA官网源，需国家药监局/原厂说明书二次核验,需NMPA/原厂二核,非NMPA官网源
56,西医常用药,降压,缬沙坦胶囊,缬沙坦,1879,4884,,,,✓,1、对缬沙坦或者本品中其他任何赋形剂过敏者。2、妊娠（见孕妇和哺乳期妇女）。,在一项2316名高血压患者中进行的安慰剂与代文对照试验，代文组的总不良事件（AE）发生率同安慰剂组的相似。在一项使用320mg缬沙坦治疗的642名高血压患者中进行的为期6个月的开放扩展试验，不良事件的总发生率同安慰剂对照试验中观察到的相似。下表显示了10个安慰剂对照试验报告的不良事件发生情况，患者服用缬沙坦10-320mg/日，直至12周。2316名患者中1281人，660人分别服用80mg、160mg，不良事件的发生率与用药剂量及用药时间无关，因此，将各种剂量下发生的不良事件合并统计。不良事件的发生率与性别、年龄、种族无关。发生率定义如下：非常罕见（≥1/10）；常见（≥1/100，1/10）；不常见（≥1/1000，1/100）；罕见（≥1/10000，1/1000）；非常罕见（1/10000）。偶见肝功能指标升高。原发性高血压患者接受缬沙坦治疗时，不需要特殊监测实验室指标。,1.低钠和/或血容量不足极少数情况下，严重缺钠和/或血容量不足患者（如：大剂量应用利尿剂），应用本品治疗开始时，可能出现症状性低血压。应该在用药之前，纠正低钠和/或血容量不足，例如将利尿剂减量。如果发生低血压，应该让患者平卧，必要时静脉输注生理盐水。血压稳定后可以继续本品治疗。2.肾动脉狭窄12例因单侧肾动脉狭窄导致的继发性肾血管性高血压患者短期服用本品，没有引起肾血流动力学、肌酐、尿素氮（BUN）明显变化。由于其他作用于肾素-血管紧张素-醛固醇系统（RAAS）的药物可能使单侧或双侧肾动脉狭窄患者的BUN和肌酐升高，建议作为安全手段监测BUN和肌酐。3.肾功能不全肾功能不全患者需要调整剂量，但由于没有严重病例的资料（肌酐清除率请仔细阅读说明书并遵医嘱使用。,39药品通说明书；缬沙坦胶囊；https://ypk.39.net/2029594/manual/；批准文号:国药准字H20133189；企业名称：乐普恒久远药业有限公司,非NMPA官网源，需国家药监局/原厂说明书二次核验,需NMPA/原厂二核,非NMPA官网源
57,西医常用药,降糖,二甲双胍格列本脲胶囊（Ⅰ）,二甲双胍,65,2302,✓,,,,以下患者禁用:1;肾脏疾病或肾功能不全(男性:血清肌酐；女性:血清肌酐≥1.4mg/dl。或肌酐清除率异常)，由心源性休克、心肌梗塞、败血症引起的肾功能不全。2;需药物治疗的充血性心衰。3;对二甲双胍或格列本脲过敏者。4;急慢性代谢性酸中毒，包括糖尿病性的酮症酸中毒。5;静脉肾盂造影或动脉造影前、重大手术以及临床有低血压和缺氧情况。6;1型糖尿病患者。,"1.胃肠道反应可有腹泻、恶心、呕吐、胃痛不适、口中金属味。2.有时有乏力、疲倦、头晕、头痛、皮疹。3.乳酸性酸中毒发生率很低，临床表现为呕吐、腹痛、过度换气、神志障碍、血液中乳酸浓度增加而不能用尿毒症、酮症酸中毒解释。4.少见而严重的有黄疸、肝功能损害、骨髓抑制、粒细胞减少(表现为咽痛、发热、感染)、血小板减少症(表现为出血、紫癜)等。5.可减少肠道吸收维生素B12,使血红蛋白减少，产生巨幼红细胞贫血，也可引起吸收不",1.本品可能引起低血糖，当热量摄取不足、剧烈运动没有及时补充热量，同时使用其它降血糖药或乙醇时发生低血糖的危险增加。肾或肝功能不全者可升高和二甲双胍的血药浓度，而肝功能不全可能减弱糖异生作用。所有这些都增加低血糖的危险性；2.服药期间患者应该经常检查肾功能、肝功能、血糖，并进行眼科检查等；3.主要经肾脏排出，盐酸二甲双胍积聚和乳酸酸中毒的危险性随着肾功能损害的程度而增加。慎用影响肾功能或二甲双胍消除的药物；4.、避免饮酒过量；,39药品通说明书；二甲双胍格列本脲胶囊(Ⅰ)；https://ypk.39.net/755692/manual/；批准文号:国药准字H20041161；企业名称：河南羚锐制药股份有限公司 企业简称：河南羚锐制药,非NMPA官网源，需国家药监局/原厂说明书二次核验,需NMPA/原厂二核,非NMPA官网源
58,西医常用药,降糖,格列美脲胶囊,格列美脲,1391,4147,,,,✓,对格列美脲有过敏者，糖尿病酮症酸中毒者，孕妇，分娩妇女，哺乳期妇女。,偶见头晕，头痛，乏力和恶心，注意低血糖发生。,1.病人用药时应遵医嘱，注意饮食，运动和用药时间。 2.治疗中应注意早期出现的低血糖症状，如头痛、兴奋、失眠、震颤和大量出汗，以便及时采取措施，严重者应静脉滴注葡萄糖液，对有创伤、术后，感染或发热病人应给与胰岛素维持正常血糖代谢。 3.避免饮酒，以免引起类戒断反应。,39药品通说明书；格列美脲胶囊(普仁平)；https://ypk.39.net/501928/manual/；批准文号:国药准字H20000704；企业名称：四川普渡药业有限公司 企业简称：五洲皮肤美容,非NMPA官网源，需国家药监局/原厂说明书二次核验,需NMPA/原厂二核,非NMPA官网源
